--
-- TOC entry 3433 (class 0 OID 84711)
-- Dependencies: 205
-- Data for Name: IndirizzoCV; Type: TABLE DATA; Schema: public; Owner: postgres
--

INSERT INTO public."IndirizzoCV" VALUES ('85c601b1-c3aa-4fee-9538-299bc6b02087', 'VIA', 'Raffaello', '24', 'Travagliato', 'BS', 25039);
INSERT INTO public."IndirizzoCV" VALUES ('ea9c17c9-cc59-4497-8d5d-2fa6e1332dbf', 'VIALE', 'Luigi Borri', '57', 'Varese', 'VA', 21100);
INSERT INTO public."IndirizzoCV" VALUES ('39b540d0-ae25-4219-86e7-874cae05c829', 'VIA', 'Gosa Andrea', '74', 'Gavardo', 'BS', 25085);
INSERT INTO public."IndirizzoCV" VALUES ('69268bf9-60f2-4013-901b-ce3a1877a49a', 'VIA', 'Don Giovanni Minzoni', '74', 'Lissone', 'MB', 20851);
INSERT INTO public."IndirizzoCV" VALUES ('3919a770-07ba-4425-96d3-e83f0cfebdc2', 'VIA', 'ex Strada Statale', '11', 'Chiari', 'BS', 25032);
INSERT INTO public."IndirizzoCV" VALUES ('987cba07-173a-47c4-9b3e-700a4552d615', 'VIA', 'Alessandro Manzoni', '1', 'Esine', 'BS', 25040);
INSERT INTO public."IndirizzoCV" VALUES ('643447a6-44a5-4e55-9a5e-6c7d9a358386', 'CORSO', 'Leonardo da Vinci', '1', 'Gallarate', 'VA', 21013);
INSERT INTO public."IndirizzoCV" VALUES ('41a5c2fd-1f99-498d-91c1-562724dc659b', 'VIA', 'Stelvio', '25', 'Sondrio', 'SO', 23100);
INSERT INTO public."IndirizzoCV" VALUES ('4c63cd02-6e80-441f-bd11-febc4e967077', 'VIA', 'Paderno', '21', 'Seriate', 'BG', 24068);
INSERT INTO public."IndirizzoCV" VALUES ('38aab903-fb84-4cfc-ac1f-6dc656d56992', 'VIA', 'G Battista Caironi', '7', 'Ponte San Pietro', 'BG', 24036);
INSERT INTO public."IndirizzoCV" VALUES ('7e8e88a3-c602-42f3-a1e2-e69d082f7bb2', 'PIAZZALE', 'Ugo Dossena', '2', 'Crema', 'CR', 26013);
INSERT INTO public."IndirizzoCV" VALUES ('854315aa-78cf-4fd5-abdf-229263a67cb3', 'VIALE', 'Trento e Trieste', '15', 'Cremona', 'CR', 26100);
INSERT INTO public."IndirizzoCV" VALUES ('4cf6b77b-3c5d-4892-a8b9-0cdaa5f2ff94', 'VIA', 'Graziano Tubi', '43', 'Lecco', 'LC', 23900);
INSERT INTO public."IndirizzoCV" VALUES ('22358adc-4d3d-472f-8186-0c3c0f224200', 'PIAZZALE', 'Donatori del Sangue', '1', 'Lodi', 'LO', 26900);
INSERT INTO public."IndirizzoCV" VALUES ('209e3600-9249-436e-a436-4a2309b51b0c', 'CORSO', 'Lago Paiolo', '10', 'Mantova', 'MN', 46100);
INSERT INTO public."IndirizzoCV" VALUES ('d2d260d3-2f9b-4402-b524-6037b3af9638', 'VIA', 'G B Pergolesi', '33', 'Monza', 'MB', 20900);
INSERT INTO public."IndirizzoCV" VALUES ('583d0100-20b6-4491-8316-7a2409d499cf', 'VIA', 'Indipendenza', '3', 'Pavia', 'PV', 27100);
INSERT INTO public."IndirizzoCV" VALUES ('cedc2f4a-b069-4b8d-854c-2b9bffddcc65', 'VIA', 'Giovanni Ricordi', '1', 'Milano', 'MI', 20131);
INSERT INTO public."IndirizzoCV" VALUES ('39571c27-5b4b-4f55-822b-a2785462efe6', 'PIAZZA', 'dell Ospedale Maggiore', '3', 'Milano', 'MI', 20162);
INSERT INTO public."IndirizzoCV" VALUES ('aa3524c5-c06b-4cbc-9ce9-226245619454', 'VIA', 'A Volta', '12', 'Lurate Caccivio', 'CO', 22075);
INSERT INTO public."IndirizzoCV" VALUES ('f7544f10-3b44-4ecd-b897-7956c65716c8', 'VIA', 'Giorgio Amendola', '3', 'Segrate', 'MI', 20090);
INSERT INTO public."IndirizzoCV" VALUES ('5d5a055a-865b-4434-a14f-396ee9cf29b6', 'VIA', 'San Nicolo', '12', 'Lecco', 'LC', 23900);
INSERT INTO public."IndirizzoCV" VALUES ('ef337f86-cd6b-417d-9a29-ccafb8e8e3b6', 'VIA', 'San Bernardino', '56', 'Bergamo', 'BG', 24122);
INSERT INTO public."IndirizzoCV" VALUES ('05b63a24-8d39-4963-9d48-34b0e34e5b0b', 'VIA', 'Avanza', '8', 'Pieve del Cairo', 'PV', 27037);
INSERT INTO public."IndirizzoCV" VALUES ('8d4e858f-523a-4ff8-98a1-a738873704b2', 'VIA', 'Giuseppe Dezza', '48', 'Milano', 'MI', 20144);
INSERT INTO public."IndirizzoCV" VALUES ('dea4f302-3e4b-4de1-bb35-f3168fec7a9a', 'VIA', 'Fabio Filzi', '56', 'Cremona', 'CR', 26100);
INSERT INTO public."IndirizzoCV" VALUES ('9889c3c6-411e-4c93-8957-9afc9dfb86fb', 'VIA', 'Leonardo Da Vinci', '49', 'Lecco', 'LC', 23900);
INSERT INTO public."IndirizzoCV" VALUES ('f479cbb0-5934-4417-b55d-d772ca4cbdd0', 'VIA', 'Giuseppe Piolti de Bianchi', '3', 'Milano', 'MI', 20129);
INSERT INTO public."IndirizzoCV" VALUES ('e1d53eeb-53b8-4b4e-b0af-224ba86cf170', 'VIALE', 'Italia', '36', 'Appiano Gentile', 'CO', 22070);
INSERT INTO public."IndirizzoCV" VALUES ('72dd03c7-4113-4a26-8b28-30dc865ba54a', 'VIA', 'Ugo Foscolo', '6B', 'Cunardo', 'VA', 21035);
INSERT INTO public."IndirizzoCV" VALUES ('743cf529-e5de-46cd-accd-1aab62a8fc29', 'VIA', 'Gerenzano', '2', 'Castellanza', 'VA', 21053);
INSERT INTO public."IndirizzoCV" VALUES ('3a1f47c0-9e05-4eab-beca-228989e29bc6', 'VIA', 'Giacomo Venezian', '1', 'Milano', 'MI', 20133);
INSERT INTO public."IndirizzoCV" VALUES ('0e266789-28cd-412f-94fa-34283918dc02', 'VIA', 'Mondino', '2', 'Pavia', 'PV', 27100);
INSERT INTO public."IndirizzoCV" VALUES ('729d6b56-4f2e-4a93-9915-61bd18164fb6', 'VIA', 'Francesco Sforza', '35', 'Milano', 'MI', 20122);
INSERT INTO public."IndirizzoCV" VALUES ('68d71c47-ba96-42fd-82e6-e0997345a2e8', 'VIA', 'Leonida Bissolati', '57', 'Brescia', 'BS', 25124);
INSERT INTO public."IndirizzoCV" VALUES ('d8df83a5-84f9-4851-98b0-f0078cedae51', 'VIA', 'Faccanoni', '6', 'Sarnico', 'BG', 24067);
INSERT INTO public."IndirizzoCV" VALUES ('44c1ba46-17c4-4d2e-8ea0-95b139769b37', 'VIA', 'Mauro Gavazzeni', '21', 'Bergamo', 'BG', 24125);
INSERT INTO public."IndirizzoCV" VALUES ('65ac8041-e769-46a1-9a5c-a9498ffe2cae', 'PIAZZA', 'Edmondo Malan', '2', 'San Donato Milanese', 'MI', 20097);
INSERT INTO public."IndirizzoCV" VALUES ('a4b2e47c-ef1a-44f8-951f-d9ed03826586', 'VIA', 'Olgettina', '60', 'Milano', 'MI', 20132);
INSERT INTO public."IndirizzoCV" VALUES ('eb00e660-f178-4140-9049-07b3661cce09', 'VIA', 'Ospedale', '36', 'Castel Goffredo', 'MN', 46042);
INSERT INTO public."IndirizzoCV" VALUES ('8aab9532-2812-47e9-a6fd-d191d5f7de6d', 'VIA', 'Giuseppe Mazzini', '129', 'Lumezzane', 'BS', 25065);
INSERT INTO public."IndirizzoCV" VALUES ('267a158b-f168-46cf-b12d-f32fdf16534d', 'VIA', 'Salvatore Maugeri', '10', 'Pavia', 'PV', 27100);
INSERT INTO public."IndirizzoCV" VALUES ('857695fe-4736-497d-a8f6-4a22199a3300', 'VIA', 'Montescano', '35', 'Montescano', 'PV', 27040);
INSERT INTO public."IndirizzoCV" VALUES ('163f6f49-fbbc-4c47-a3cf-d8895d795fa0', 'VIA', 'Crotto Roncaccio', '16', 'Tradate', 'VA', 21049);
INSERT INTO public."IndirizzoCV" VALUES ('29d414d7-8cd0-42ef-a9fe-d9c9107104a2', 'VIA', 'Giuseppe Mercalli', '28', 'Milano', 'MI', 20122);
INSERT INTO public."IndirizzoCV" VALUES ('8d748d82-5386-4b60-91ee-526b7c9dbd39', 'VIA', 'Alessandro Manzoni', '56', 'Rozzano', 'MI', 20089);
INSERT INTO public."IndirizzoCV" VALUES ('1488af9d-961f-4186-b218-f09caf61af55', 'VIA', 'Mose Bianchi', '90', 'Milano', 'MI', 20149);
INSERT INTO public."IndirizzoCV" VALUES ('ad390fec-5b5b-48c3-a4a0-02ae68fe511c', 'PIAZZALE', 'Brescia', '20', 'Milano', 'MI', 20149);
INSERT INTO public."IndirizzoCV" VALUES ('c7960f46-6985-4257-84ba-4effaa6611a9', 'VIA', 'Bartolomeo Gualla', '15', 'Brescia', 'BS', 25128);
INSERT INTO public."IndirizzoCV" VALUES ('24491422-0903-4a69-b1d0-f3dfe7cab390', 'VIA', 'Luigi Giuseppe Faravelli', '16', 'Milano', 'MI', 20149);


--
-- TOC entry 3430 (class 0 OID 84702)
-- Dependencies: 202
-- Data for Name: CentriVaccinali; Type: TABLE DATA; Schema: public; Owner: postgres
--

INSERT INTO public."CentriVaccinali" VALUES ('ASST DEGLI SPEDALI CIVILI DI BRESCIA', '85c601b1-c3aa-4fee-9538-299bc6b02087', 'aziendale');
INSERT INTO public."CentriVaccinali" VALUES ('ASST DEI SETTE LAGHI', 'ea9c17c9-cc59-4497-8d5d-2fa6e1332dbf', 'ospedaliero');
INSERT INTO public."CentriVaccinali" VALUES ('ASST DEL GARDA', '39b540d0-ae25-4219-86e7-874cae05c829', 'ospedaliero');
INSERT INTO public."CentriVaccinali" VALUES ('ASST DELLA BRIANZA', '69268bf9-60f2-4013-901b-ce3a1877a49a', 'aziendale');
INSERT INTO public."CentriVaccinali" VALUES ('ASST DELLA FRANCIACORTA', '3919a770-07ba-4425-96d3-e83f0cfebdc2', 'aziendale');
INSERT INTO public."CentriVaccinali" VALUES ('ASST DELLA VALCAMONICA', '987cba07-173a-47c4-9b3e-700a4552d615', 'ospedaliero');
INSERT INTO public."CentriVaccinali" VALUES ('ASST DELLA VALLE OLONA', '643447a6-44a5-4e55-9a5e-6c7d9a358386', 'aziendale');
INSERT INTO public."CentriVaccinali" VALUES ('ASST DELLA VALTELLINA E DELL ALTO LARIO', '41a5c2fd-1f99-498d-91c1-562724dc659b', 'aziendale');
INSERT INTO public."CentriVaccinali" VALUES ('ASST DI BERGAMO EST', '4c63cd02-6e80-441f-bd11-febc4e967077', 'ospedaliero');
INSERT INTO public."CentriVaccinali" VALUES ('ASST DI BERGAMO OVEST', '38aab903-fb84-4cfc-ac1f-6dc656d56992', 'aziendale');
INSERT INTO public."CentriVaccinali" VALUES ('ASST DI CREMA', '7e8e88a3-c602-42f3-a1e2-e69d082f7bb2', 'ospedaliero');
INSERT INTO public."CentriVaccinali" VALUES ('ASST DI CREMONA', '854315aa-78cf-4fd5-abdf-229263a67cb3', 'ospedaliero');
INSERT INTO public."CentriVaccinali" VALUES ('ASST DI LECCO', '4cf6b77b-3c5d-4892-a8b9-0cdaa5f2ff94', 'hub');
INSERT INTO public."CentriVaccinali" VALUES ('ASST DI LODI', '22358adc-4d3d-472f-8186-0c3c0f224200', 'ospedaliero');
INSERT INTO public."CentriVaccinali" VALUES ('ASST DI MANTOVA', '209e3600-9249-436e-a436-4a2309b51b0c', 'ospedaliero');
INSERT INTO public."CentriVaccinali" VALUES ('ASST DI MONZA', 'd2d260d3-2f9b-4402-b524-6037b3af9638', 'hub');
INSERT INTO public."CentriVaccinali" VALUES ('ASST DI PAVIA', '583d0100-20b6-4491-8316-7a2409d499cf', 'aziendale');
INSERT INTO public."CentriVaccinali" VALUES ('ASST FATEBENEFRATELLI SACCO', 'cedc2f4a-b069-4b8d-854c-2b9bffddcc65', 'aziendale');
INSERT INTO public."CentriVaccinali" VALUES ('ASST GRANDE OSPEDALE METROPOLITANO NIGUA', '39571c27-5b4b-4f55-822b-a2785462efe6', 'aziendale');
INSERT INTO public."CentriVaccinali" VALUES ('ASST LARIANA', 'aa3524c5-c06b-4cbc-9ce9-226245619454', 'aziendale');
INSERT INTO public."CentriVaccinali" VALUES ('ASST MELEGNANO E DELLA MARTESANA', 'f7544f10-3b44-4ecd-b897-7956c65716c8', 'hub');
INSERT INTO public."CentriVaccinali" VALUES ('CASA DI CURA BEATO TALAMONI', '5d5a055a-865b-4434-a14f-396ee9cf29b6', 'hub');
INSERT INTO public."CentriVaccinali" VALUES ('CASA DI CURA BEATO PALAZZOLO', 'ef337f86-cd6b-417d-9a29-ccafb8e8e3b6', 'hub');
INSERT INTO public."CentriVaccinali" VALUES ('CASA DI CURA CITTADELLA SOCIALE', '05b63a24-8d39-4963-9d48-34b0e34e5b0b', 'hub');
INSERT INTO public."CentriVaccinali" VALUES ('CASA DI CURA DEL POLICLINICO', '8d4e858f-523a-4ff8-98a1-a738873704b2', 'aziendale');
INSERT INTO public."CentriVaccinali" VALUES ('CASA DI CURA FIGLIE DI SAN CAMILLO', 'dea4f302-3e4b-4de1-bb35-f3168fec7a9a', 'hub');
INSERT INTO public."CentriVaccinali" VALUES ('CASA DI CURA MANGIONI', '9889c3c6-411e-4c93-8957-9afc9dfb86fb', 'aziendale');
INSERT INTO public."CentriVaccinali" VALUES ('CASA DI CURA IGEA', 'f479cbb0-5934-4417-b55d-d772ca4cbdd0', 'aziendale');
INSERT INTO public."CentriVaccinali" VALUES ('CASA DI CURA LE BETULLE', 'e1d53eeb-53b8-4b4e-b0af-224ba86cf170', 'hub');
INSERT INTO public."CentriVaccinali" VALUES ('CASA DI CURA LE TERRAZZE', '72dd03c7-4113-4a26-8b28-30dc865ba54a', 'ospedaliero');
INSERT INTO public."CentriVaccinali" VALUES ('CASA DI CURA MATER DOMINI', '743cf529-e5de-46cd-accd-1aab62a8fc29', 'aziendale');
INSERT INTO public."CentriVaccinali" VALUES ('FONDAZIONE IRCCS ISTITUTO NAZIONALE TUMORI', '3a1f47c0-9e05-4eab-beca-228989e29bc6', 'hub');
INSERT INTO public."CentriVaccinali" VALUES ('FONDAZIONE ISTITUTO NEUROLOGICO MONDINO', '0e266789-28cd-412f-94fa-34283918dc02', 'hub');
INSERT INTO public."CentriVaccinali" VALUES ('FONDAZIONE IRCCS CA GRANDA OSPEDALE MAGGI', '729d6b56-4f2e-4a93-9915-61bd18164fb6', 'hub');
INSERT INTO public."CentriVaccinali" VALUES ('FONDAZIONE POLIAMBULANZA', '68d71c47-ba96-42fd-82e6-e0997345a2e8', 'hub');
INSERT INTO public."CentriVaccinali" VALUES ('HABILITA ISTITUTO CLINICO OSPEDALE DI SARNICO', 'd8df83a5-84f9-4851-98b0-f0078cedae51', 'aziendale');
INSERT INTO public."CentriVaccinali" VALUES ('HUMANITAS GAVAZZENI', '44c1ba46-17c4-4d2e-8ea0-95b139769b37', 'ospedaliero');
INSERT INTO public."CentriVaccinali" VALUES ('IRCCS POLICLINICO SAN DONATO', '65ac8041-e769-46a1-9a5c-a9498ffe2cae', 'hub');
INSERT INTO public."CentriVaccinali" VALUES ('IRCCS SAN RAFFAELE', 'a4b2e47c-ef1a-44f8-951f-d9ed03826586', 'ospedaliero');
INSERT INTO public."CentriVaccinali" VALUES ('IRCCS CENTRO MEDICO DI CASTEL GOFFREDO', 'eb00e660-f178-4140-9049-07b3661cce09', 'ospedaliero');
INSERT INTO public."CentriVaccinali" VALUES ('IRCCS CENTRO MEDICO DI LUMEZZANE', '8aab9532-2812-47e9-a6fd-d191d5f7de6d', 'hub');
INSERT INTO public."CentriVaccinali" VALUES ('IRCCS CENTRO MEDICO DI PAVIA', '267a158b-f168-46cf-b12d-f32fdf16534d', 'aziendale');
INSERT INTO public."CentriVaccinali" VALUES ('IRCCS CENTRO MEDICO MONTESCANO', '857695fe-4736-497d-a8f6-4a22199a3300', 'ospedaliero');
INSERT INTO public."CentriVaccinali" VALUES ('IRCCS CENTRO MEDICO TRADATE', '163f6f49-fbbc-4c47-a3cf-d8895d795fa0', 'aziendale');
INSERT INTO public."CentriVaccinali" VALUES ('IRCCS OSPEDALE CAPITANIO', '29d414d7-8cd0-42ef-a9fe-d9c9107104a2', 'ospedaliero');
INSERT INTO public."CentriVaccinali" VALUES ('ISTITUTO CLINICO HUMANITAS', '8d748d82-5386-4b60-91ee-526b7c9dbd39', 'hub');
INSERT INTO public."CentriVaccinali" VALUES ('ISTITUTO AUXOLOGICO ITALIANO SAN MICHELE', '1488af9d-961f-4186-b218-f09caf61af55', 'ospedaliero');
INSERT INTO public."CentriVaccinali" VALUES ('ISTITUTO AUXOLOGICO ITALIANO SAN LUCA', 'ad390fec-5b5b-48c3-a4a0-02ae68fe511c', 'ospedaliero');
INSERT INTO public."CentriVaccinali" VALUES ('ISTITUTO CLINICO CITTA DI BRESCIA', 'c7960f46-6985-4257-84ba-4effaa6611a9', 'aziendale');
INSERT INTO public."CentriVaccinali" VALUES ('ISTITUTO CLINICO SANT AMBROGIO SPA', '24491422-0903-4a69-b1d0-f3dfe7cab390', 'aziendale');


--
-- TOC entry 3431 (class 0 OID 84705)
-- Dependencies: 203
-- Data for Name: Cittadini_Registrati; Type: TABLE DATA; Schema: public; Owner: postgres
--

INSERT INTO public."Cittadini_Registrati" VALUES ('LUANA', 'PALUMBO', 'PLMLNU04L66E879I', 'luana.palumbo@yahoo.it', 'lpalumbo31', 'b05ca82d6a283dc5e3610b148e500c4a', 2021022017381646);
INSERT INTO public."Cittadini_Registrati" VALUES ('FILIPPO', 'GIANOTTI', 'GNTFLP01C19H752Z', 'filippo.gianotti@yahoo.it', 'fgianotti72', '3726c786ed856c68da7ecda77a5fda42', 2021081421532874);
INSERT INTO public."Cittadini_Registrati" VALUES ('MIRCO', 'VARESIO', 'VRSMRC03P07F703K', 'mirco.varesio@gmail.com', 'mvaresio24', '56c6f569ba3a87188ec826c732b1a7c9', 2021030521580125);
INSERT INTO public."Cittadini_Registrati" VALUES ('GIANPAOLO', 'SADIKU', 'SDKGNP04S07H535Y', 'gianpaolo.sadiku@virgilio.com', 'gsadiku18', 'dc2e4cebf2408a14b5e1c3362f51bf72', 2021041417593811);
INSERT INTO public."Cittadini_Registrati" VALUES ('CALOGERO', 'MOSSOTTO', 'MSSCLG06M06B110Z', 'calogero.mossotto@mail.com', 'cmossotto88', '62783357892821c525b23f83c94980e0', 2021060518365071);
INSERT INTO public."Cittadini_Registrati" VALUES ('IGOR', 'LAFORE', 'LFRGRI05D18M150M', 'igor.lafore@libero.it', 'ilafore55', 'bbdb446681e09279f5b1bb1e3a28099a', 2021072923190976);
INSERT INTO public."Cittadini_Registrati" VALUES ('CAROLINA', 'GRIECO', 'GRCCRL08R62H255M', 'carolina.grieco@yahoo.it', 'cgrieco20', 'd04c71ccd68426b5795c49d5bb1c14db', 2021031205590074);
INSERT INTO public."Cittadini_Registrati" VALUES ('ESTER', 'MARMO', 'MRMSTR05S59G779P', 'ester.marmo@yahoo.it', 'emarmo70', 'e2138db25cd959c8d7453eae5350311d', 2021020618140536);
INSERT INTO public."Cittadini_Registrati" VALUES ('LUIGI', 'MERLO', 'MRLLGU03H16D239Y', 'luigi.merlo@virgilio.com', 'lmerlo41', 'd119111a6809810ed8da1b3aa19419e1', 2021093011084137);
INSERT INTO public."Cittadini_Registrati" VALUES ('MAURO', 'MACCARIO', 'MCCMRA00M04H373X', 'mauro.maccario@hotmail.com', 'mmaccario19', '9727d71105d382f312bf6a1ab5d00d30', 2021071612194978);
INSERT INTO public."Cittadini_Registrati" VALUES ('IVO', 'FERNICOLA', 'FRNVIO00L23B100Q', 'ivo.fernicola@virgilio.com', 'ifernicola96', '1853f6eb5b9caba5887205c9a88394a5', 2021021215372879);
INSERT INTO public."Cittadini_Registrati" VALUES ('AMBRA', 'MAROCCO', 'MRCMBR01M51F070E', 'ambra.marocco@hotmail.com', 'amarocco30', '30603d82b7e2d848f36aca5a00a46b5a', 2021061608084665);
INSERT INTO public."Cittadini_Registrati" VALUES ('ALI', 'DEZANI', 'DZNLAI00H27D147D', 'ali.dezani@libero.it', 'adezani80', 'ffcd121082ffdb960f6382cae0e0184e', 2021061913265229);
INSERT INTO public."Cittadini_Registrati" VALUES ('FERDINANDO', 'CRITELLI', 'CRTFRD04A25A670S', 'ferdinando.critelli@hotmail.com', 'fcritelli18', 'a4dd909e097495cd028956d8227bd085', 2021050413433132);
INSERT INTO public."Cittadini_Registrati" VALUES ('CARLOTTA', 'GAI', 'GAICRL09D63G223B', 'carlotta.gai@hotmail.com', 'cgai76', '521bb9d8ca40a41c509fb07c2f5e84b1', 2021041811053669);
INSERT INTO public."Cittadini_Registrati" VALUES ('ILIR', 'HASA', 'HSALRI00D29G342M', 'ilir.hasa@yahoo.it', 'ihasa57', 'e205048e8ff187dbc0b305ebb2dd98b2', 2021082206374918);
INSERT INTO public."Cittadini_Registrati" VALUES ('ITALO', 'ALAIMO', 'LMATLI03M17L936I', 'italo.alaimo@gmail.com', 'ialaimo23', '087375ddc8c0a4828507e09f1a48c13f', 2021011105405987);
INSERT INTO public."Cittadini_Registrati" VALUES ('MIMOZA', 'IVALDI', 'VLDMMZ01T45G126J', 'mimoza.ivaldi@virgilio.com', 'mivaldi76', 'ed481eafd11da3bfd06685838e44c13b', 2021050614263438);
INSERT INTO public."Cittadini_Registrati" VALUES ('EDI', 'DEZZANI', 'DZZDEI08H60A034R', 'edi.dezzani@yahoo.it', 'edezzani43', '84f36f2f371d82623b38ec5736418e4e', 2021102305291088);
INSERT INTO public."Cittadini_Registrati" VALUES ('OMBRETTA', 'PETRUZZELLA', 'PTRMBR01M65E454V', 'ombretta.petruzzella@hotmail.com', 'opetruzzella60', '1d349d73c0a9704d2ec178813320c2ed', 2021102623122023);
INSERT INTO public."Cittadini_Registrati" VALUES ('MARIUS', 'ROVERO', 'RVRMRS07M06F968L', 'marius.rovero@mail.com', 'mrovero84', 'ade48094f4b636245f2c3d5513a2f730', 2021061622205396);
INSERT INTO public."Cittadini_Registrati" VALUES ('MASSIMO', 'VITALE', 'VTLMSS07B08M119G', 'massimo.vitale@yahoo.it', 'mvitale18', '66b1825fac39cdb4a540939d2c38e0f4', 2021030216293074);
INSERT INTO public."Cittadini_Registrati" VALUES ('IRINA', 'NOVARA', 'NVRRNI04M63A010D', 'irina.novara@gmail.com', 'inovara96', '46ea50fc2f610bbeb79359d360370204', 2021072616071485);
INSERT INTO public."Cittadini_Registrati" VALUES ('RENATA', 'GIANUZZI', 'GNZRNT07B44F267F', 'renata.gianuzzi@outlook.com', 'rgianuzzi14', '452d5e478c82b09b775289d0aa7529c9', 2021060614365466);
INSERT INTO public."Cittadini_Registrati" VALUES ('SAMANTA', 'ASCHIERO', 'SCHSMN04M65H679Q', 'samanta.aschiero@gmail.com', 'saschiero86', 'b379d7b94225c690a4ec38b60f870e48', 2021080613493074);
INSERT INTO public."Cittadini_Registrati" VALUES ('SANTA', 'GHI', 'GHISNT02H53C329G', 'santa.ghi@outlook.com', 'sghi46', '639200ef5f875cde21b07d76e77d30df', 2021082702534711);
INSERT INTO public."Cittadini_Registrati" VALUES ('ANDREA', 'VESPA', 'VSPNDR00A51B038V', 'andrea.vespa@hotmail.com', 'avespa46', '56677939b9e102816ed64c791a75266b', 2021091818523751);
INSERT INTO public."Cittadini_Registrati" VALUES ('MATTIA', 'GIANUZZI', 'GNZMTT00B24A371S', 'mattia.gianuzzi@hotmail.com', 'mgianuzzi53', '5915d5d97517c2b3196966b9ab9d936d', 2021020523530852);
INSERT INTO public."Cittadini_Registrati" VALUES ('GERARDINA', 'SINANI', 'SNNGRR06R51E994J', 'gerardina.sinani@virgilio.com', 'gsinani62', '195d1c41053918b5d96eb606d6fa9341', 2021041114403237);
INSERT INTO public."Cittadini_Registrati" VALUES ('FLORA', 'BONELLO', 'BNLFLR04P43F238Q', 'flora.bonello@gmail.com', 'fbonello96', '5f142ee9241c15d68fbbe19e6db39f2f', 2021050605104687);
INSERT INTO public."Cittadini_Registrati" VALUES ('ALBINA', 'PARACCHINO', 'PRCLBN08M70G118G', 'albina.paracchino@outlook.com', 'aparacchino95', '8fb756bb924a9f3d56f6fe37dc345d96', 2021020314105951);
INSERT INTO public."Cittadini_Registrati" VALUES ('EMMA', 'FERRETTI', 'FRRMME04R66A631U', 'emma.ferretti@gmail.com', 'eferretti82', 'd705a2ff80eae33a3ee344f080468b2c', 2021070714003677);
INSERT INTO public."Cittadini_Registrati" VALUES ('CHRISTIAN', 'PELLEGRINO', 'PLLCHR00E16B613A', 'christian.pellegrino@outlook.com', 'cpellegrino49', '0d211404916b6f336a736d7ea878e60c', 2021051113541051);
INSERT INTO public."Cittadini_Registrati" VALUES ('IBRAHIM', 'SCALZO', 'SCLBRH02P09A986B', 'ibrahim.scalzo@hotmail.com', 'iscalzo91', '77750797a852b10ebc19023e149eea2b', 2021042803181477);
INSERT INTO public."Cittadini_Registrati" VALUES ('STEFANIA', 'CONTE', 'CNTSTF02D55M162Q', 'stefania.conte@outlook.com', 'sconte31', '21d0652bdcc24a121698aae775559105', 2021013108183194);
INSERT INTO public."Cittadini_Registrati" VALUES ('LUANA', 'PAVAN', 'PVNLNU07M68C785E', 'luana.pavan@mail.com', 'lpavan32', '7dcb2017e50a9a22e2ac8f58e2d47ccb', 2021010903272344);
INSERT INTO public."Cittadini_Registrati" VALUES ('DOMENICA', 'VITELLO', 'VTLDMN02R45E581Q', 'domenica.vitello@hotmail.com', 'dvitello75', '090425ee01ac1cb2f2331440e575911e', 2021021914031677);
INSERT INTO public."Cittadini_Registrati" VALUES ('ION', 'BAGNASCO', 'BGNNIO00C10B166Y', 'ion.bagnasco@gmail.com', 'ibagnasco79', '9948ff2cedbef80f32aaed43f0c91b34', 2021070623203188);
INSERT INTO public."Cittadini_Registrati" VALUES ('GASPARE', 'VERCELLI', 'VRCGSP05B09I997R', 'gaspare.vercelli@outlook.com', 'gvercelli59', 'b7c2a8b91f6babf4ad4793cdcbd45cc4', 2021032515422082);
INSERT INTO public."Cittadini_Registrati" VALUES ('GIUSEPPA', 'BOSCO', 'BSCGSP02T56M044P', 'giuseppa.bosco@outlook.com', 'gbosco56', '3a43e8f325fbef9a090e7421bc1463f8', 2021031622020855);
INSERT INTO public."Cittadini_Registrati" VALUES ('GIANNINA', 'BORGOGNO', 'BRGGNN06C68I433F', 'giannina.borgogno@mail.com', 'gborgogno28', '2e99786d32b512856bd6574106ee3a49', 2021082316355778);
INSERT INTO public."Cittadini_Registrati" VALUES ('CARMELA', 'ARGENTA', 'RGNCRM02S66H799Q', 'carmela.argenta@outlook.com', 'cargenta47', 'f5768773bfc94dbfd12b372254982962', 2021011803042899);
INSERT INTO public."Cittadini_Registrati" VALUES ('SARA', 'MASSASSO', 'MSSSRA02R46C917P', 'sara.massasso@libero.it', 'smassasso48', '7b714bf2d2d743e7d284a8858e9507f1', 2021112203412115);
INSERT INTO public."Cittadini_Registrati" VALUES ('OSVALDO', 'RICCIO', 'RCCSVL01R29G233E', 'osvaldo.riccio@outlook.com', 'oriccio41', 'f8c21f717fe7537482288da7059bb3be', 2021061517020068);
INSERT INTO public."Cittadini_Registrati" VALUES ('DAVIDE', 'LIMARDI', 'LMRDVD07L13A794R', 'davide.limardi@yahoo.it', 'dlimardi23', '910f180d551e5dea78a5988f651f460e', 2021100301425884);
INSERT INTO public."Cittadini_Registrati" VALUES ('MARIUS', 'GIULIANO', 'GLNMRS00C04F712X', 'marius.giuliano@yahoo.it', 'mgiuliano39', '306cca0c86b27ab075c9ce142e06ab93', 2021090811553210);
INSERT INTO public."Cittadini_Registrati" VALUES ('RAFFAELLA', 'MASENGA', 'MSNRFF08D54E094O', 'raffaella.masenga@libero.it', 'rmasenga77', '9d1d04064ec136a1635134ac37b8f0ac', 2021031103582355);
INSERT INTO public."Cittadini_Registrati" VALUES ('ALBERTO', 'ALFIERI', 'LFRLBR08B15A557Z', 'alberto.alfieri@virgilio.com', 'aalfieri43', 'b225b3a11de18261ef063a5d4bf9fbac', 2021070405195230);
INSERT INTO public."Cittadini_Registrati" VALUES ('ALESSANDRA', 'VALPREDA', 'VLPLSS06R41M180B', 'alessandra.valpreda@yahoo.it', 'avalpreda14', 'fdcd8d19a9590c781b99ac79550b803a', 2021010819520595);
INSERT INTO public."Cittadini_Registrati" VALUES ('VINCENZINA', 'NDOKA', 'NDKVNC03H41L285A', 'vincenzina.ndoka@outlook.com', 'vndoka51', 'ebd78cb6055e75bd7e28776f239ac6a3', 2021072805231637);
INSERT INTO public."Cittadini_Registrati" VALUES ('GIOACCHINO', 'MACCARIO', 'MCCGCC04C01G635H', 'gioacchino.maccario@virgilio.com', 'gmaccario77', '9d4906c392534e4fc327b002a428fc04', 2021042919070552);
INSERT INTO public."Cittadini_Registrati" VALUES ('PIERA', 'MANSONE', 'MNSPRI00B42H814Q', 'piera.mansone@outlook.com', 'pmansone82', '47fe247a44761ef093c368fc62fdf9eb', 2021070106153247);
INSERT INTO public."Cittadini_Registrati" VALUES ('RACHID', 'LAFORE', 'LFRRCH08B19H815N', 'rachid.lafore@virgilio.com', 'rlafore50', '4afaab0667764950e03f8dc2c19d4ef2', 2021022405431393);
INSERT INTO public."Cittadini_Registrati" VALUES ('ERMANNO', 'NEGRO', 'NGRRMN08A24H491Y', 'ermanno.negro@virgilio.com', 'enegro10', '5baea2e5c16e2b6f5177ba0fbbc994e5', 2021071522552335);
INSERT INTO public."Cittadini_Registrati" VALUES ('ROMINA', 'BONELLO', 'BNLRMN01T53B731K', 'romina.bonello@virgilio.com', 'rbonello40', '35ae4656be74de77a84c8003763adda1', 2021062302191640);
INSERT INTO public."Cittadini_Registrati" VALUES ('EDUARD', 'MAGARI', 'MGRDRD04E18A288I', 'eduard.magari@hotmail.com', 'emagari46', '6e477114c1292a521cea57b2fc7187c1', 2021080415464234);
INSERT INTO public."Cittadini_Registrati" VALUES ('VINCENZINA', 'CHIRMINISI', 'CHRVNC00T46B088W', 'vincenzina.chirminisi@mail.com', 'vchirminisi74', '0a2f635acc3cb3224f0615e97156de1a', 2021083000224711);
INSERT INTO public."Cittadini_Registrati" VALUES ('GLORIA', 'CHIESA', 'CHSGLR06A44E884I', 'gloria.chiesa@yahoo.it', 'gchiesa94', 'e4a522d4f281737cecf89bea2bc30c31', 2021110808145816);
INSERT INTO public."Cittadini_Registrati" VALUES ('AMELIA', 'BAJRAMI', 'BJRMLA00P45E504C', 'amelia.bajrami@mail.com', 'abajrami44', '769c104fbc157d3532d86b7ce8e28f7b', 2021071010550887);
INSERT INTO public."Cittadini_Registrati" VALUES ('FABIO', 'GAGLIANO', 'GGLFBA02H09G634A', 'fabio.gagliano@gmail.com', 'fgagliano14', '59bd356b2b18e95c2ddfe1f6380a2a3a', 2021030903171311);
INSERT INTO public."Cittadini_Registrati" VALUES ('MARINELA', 'LAZZARATO', 'LZZMRN05C63C396M', 'marinela.lazzarato@virgilio.com', 'mlazzarato34', 'c4f43d8efdbd29088c0acd1cce041779', 2021041623502549);
INSERT INTO public."Cittadini_Registrati" VALUES ('TERESINA', 'PERRONE', 'PRRTRS09T43A661Z', 'teresina.perrone@hotmail.com', 'tperrone44', '025282e6a46fda97b34ae70e2e630137', 2021101621050165);
INSERT INTO public."Cittadini_Registrati" VALUES ('GABRIELE', 'OTTAVIANO', 'TTVGBR00M20A273D', 'gabriele.ottaviano@outlook.com', 'gottaviano25', '8d30e494b9cc48573999e6676d6e12b5', 2021050910132830);
INSERT INTO public."Cittadini_Registrati" VALUES ('TERESIO', 'ICARDI', 'CRDTRS02P16L471T', 'teresio.icardi@hotmail.com', 'ticardi89', '6fa58f040d50b53e435609cf14e5b159', 2021052205411637);
INSERT INTO public."Cittadini_Registrati" VALUES ('ADIL', 'GIANOGLIO', 'GNGDLA09M21H736S', 'adil.gianoglio@libero.it', 'agianoglio89', '7003f85fceb8a043e12478e8de06dd5d', 2021022110151775);
INSERT INTO public."Cittadini_Registrati" VALUES ('AMALIA', 'BUSSOLINO', 'BSSMLA00S63B958O', 'amalia.bussolino@hotmail.com', 'abussolino46', '69694ba26f898b9d844e5c86ab6b783b', 2021073016072541);
INSERT INTO public."Cittadini_Registrati" VALUES ('ANNAMARIA', 'GIANUZZI', 'GNZNNM09L67L617V', 'annamaria.gianuzzi@yahoo.it', 'agianuzzi66', '3529b70bf65ea23cf33f0815e8d842fa', 2021070610513457);
INSERT INTO public."Cittadini_Registrati" VALUES ('HASSAN', 'TURELLO', 'TRLHSS00H20M184S', 'hassan.turello@hotmail.com', 'hturello54', '1fa4f6365b05a8676d50c8a280dc49c2', 2021080203585566);
INSERT INTO public."Cittadini_Registrati" VALUES ('ILENIA', 'MIROGLIO', 'MRGLNI06H46I943Q', 'ilenia.miroglio@outlook.com', 'imiroglio16', '405a7dc2f8b914449e9f82a6ba1a7064', 2021013106122492);
INSERT INTO public."Cittadini_Registrati" VALUES ('NORA', 'MULE', 'MLUNRO07C47G028M', 'nora.mule@outlook.com', 'nmule63', '0440f8bdbfa1c335defe779f45d92a1a', 2021100700591654);
INSERT INTO public."Cittadini_Registrati" VALUES ('FATNA', 'CAMERANO', 'CMRFTN06P63M156I', 'fatna.camerano@mail.com', 'fcamerano65', 'a2bf87b8ee5fa0b1c6752d4bb0665eef', 2021052301032943);
INSERT INTO public."Cittadini_Registrati" VALUES ('ANDREI', 'NOBILE', 'NBLNDR04A16C520Y', 'andrei.nobile@libero.it', 'anobile13', 'ecf6d5c90a759db89aa563d5511c4b60', 2021021601503590);
INSERT INTO public."Cittadini_Registrati" VALUES ('ASSUNTA', 'PERINO', 'PRNSSN08A61E299I', 'assunta.perino@virgilio.com', 'aperino28', 'db6538b34edd7b238f04364ee62c2e56', 2021013014481761);
INSERT INTO public."Cittadini_Registrati" VALUES ('ALBINA', 'ALFIERI', 'LFRLBN07T50L468K', 'albina.alfieri@outlook.com', 'aalfieri54', '2b1eaaa60ebce2b03f3f8fe0203f0f61', 2021011623455089);
INSERT INTO public."Cittadini_Registrati" VALUES ('ADA', 'TONA', 'TNODAA02M49E395R', 'ada.tona@gmail.com', 'atona71', '194e69fcd636289323bfeb26dc00f418', 2021032414095269);
INSERT INTO public."Cittadini_Registrati" VALUES ('PIERINA', 'PIRAS', 'PRSPRN06A62C649Z', 'pierina.piras@yahoo.it', 'ppiras14', 'f7b434ea0af9d798671c452d7825f116', 2021102100034288);
INSERT INTO public."Cittadini_Registrati" VALUES ('FRANCESCA', 'PETRUZZELLA', 'PTRFRN01P60I529I', 'francesca.petruzzella@mail.com', 'fpetruzzella59', '7aedc98f9245be3e33a974d174502c97', 2021072311360915);
INSERT INTO public."Cittadini_Registrati" VALUES ('YASSINE', 'COPPO', 'CPPYSS08A01D245I', 'yassine.coppo@yahoo.it', 'ycoppo44', 'bdebb63c2bb963f04492b441ee9c9378', 2021031811010063);
INSERT INTO public."Cittadini_Registrati" VALUES ('INES', 'RUSSO', 'RSSNSI01H65B272X', 'ines.russo@outlook.com', 'irusso76', '0218450d0bf425eb28a58dfc1fc85a65', 2021111321295811);
INSERT INTO public."Cittadini_Registrati" VALUES ('CHRISTIAN', 'VEILUVA', 'VLVCHR07B20L015A', 'christian.veiluva@mail.com', 'cveiluva41', '0b3c30ecd16b16d0d673221be9d943cc', 2021080116513141);
INSERT INTO public."Cittadini_Registrati" VALUES ('CLOE', 'TARASCO', 'TRSCLO07H65A127W', 'cloe.tarasco@hotmail.com', 'ctarasco37', '637cd6af85db8354f7ce7ab08a9f37c7', 2021081109230039);
INSERT INTO public."Cittadini_Registrati" VALUES ('IRINA', 'BOLOGNA', 'BLGRNI03P57F084T', 'irina.bologna@yahoo.it', 'ibologna86', 'e7ea29891fd28cdc82c317fb482ed43d', 2021112513311961);
INSERT INTO public."Cittadini_Registrati" VALUES ('GIANCARLO', 'ALFIERI', 'LFRGNC05S04L434A', 'giancarlo.alfieri@libero.it', 'galfieri74', 'ea41631769a53d22cf5209dadfaa9944', 2021011612104433);
INSERT INTO public."Cittadini_Registrati" VALUES ('KEVIN', 'MACCARIO', 'MCCKVN06S08E934D', 'kevin.maccario@outlook.com', 'kmaccario54', '2056d2d1c68e5b2465e04cec6e15b73a', 2021092910154868);
INSERT INTO public."Cittadini_Registrati" VALUES ('ESTERINA', 'SINANI', 'SNNSTR03C62I566A', 'esterina.sinani@outlook.com', 'esinani14', '554b6f0bcc23abdd8a5a5c1d98a6e2b4', 2021111113211219);
INSERT INTO public."Cittadini_Registrati" VALUES ('GAETANA', 'ANSELMO', 'NSLGTN07M59H840C', 'gaetana.anselmo@hotmail.com', 'ganselmo85', 'f3825373722201d11f47566542fe4b8b', 2021053022171662);
INSERT INTO public."Cittadini_Registrati" VALUES ('LINDA', 'GIANOGLIO', 'GNGLND05A41C800G', 'linda.gianoglio@virgilio.com', 'lgianoglio12', '673b09e8e33fbf116fe6fdc211fe2ad2', 2020122902004358);
INSERT INTO public."Cittadini_Registrati" VALUES ('ABDELLAH', 'CAMPO', 'CMPBDL00A16A301M', 'abdellah.campo@outlook.com', 'acampo41', 'e8ef0a8f6721a6158b1f372c04b16ceb', 2021040801252295);
INSERT INTO public."Cittadini_Registrati" VALUES ('ELVIRA', 'DEZANI', 'DZNLVR05S42G717C', 'elvira.dezani@libero.it', 'edezani41', '32b9e75fa3cda8e3472c8e61ae2cd596', 2021010422551635);
INSERT INTO public."Cittadini_Registrati" VALUES ('LUDOVICA', 'GULINO', 'GLNLDV06D56B754V', 'ludovica.gulino@virgilio.com', 'lgulino75', 'a1fcb09c1b55cd0cf534a2196c515dd9', 2021053000350592);
INSERT INTO public."Cittadini_Registrati" VALUES ('ANTONIETTA', 'ACCOMASSO', 'CCMNTN05P59A802U', 'antonietta.accomasso@outlook.com', 'aaccomasso25', 'e15cb197d1970fd8847d2968f078bb4c', 2021062806510258);
INSERT INTO public."Cittadini_Registrati" VALUES ('ETTORE', 'OTTENGA', 'TTNTTR01T18A787Z', 'ettore.ottenga@gmail.com', 'eottenga42', '6e88d850ace56fcd959574b944bb0858', 2021111305094678);
INSERT INTO public."Cittadini_Registrati" VALUES ('ANTONINA', 'SADIKU', 'SDKNTN04P51D604T', 'antonina.sadiku@virgilio.com', 'asadiku47', 'a3fd19bc387039cd6bcfaa8bef9b486c', 2021033109462437);
INSERT INTO public."Cittadini_Registrati" VALUES ('ADAMA', 'SCAGLIA', 'SCGDMA08R12M394G', 'adama.scaglia@outlook.com', 'ascaglia11', '0a1b58f7d0d4406e1f89ade05a1a9f6c', 2021062601252334);
INSERT INTO public."Cittadini_Registrati" VALUES ('LINA', 'VACCANEO', 'VCCLNI07H43A288U', 'lina.vaccaneo@virgilio.com', 'lvaccaneo80', '5ba9ef0fefc274cc7b24d3db22c3d56c', 2021110518023780);
INSERT INTO public."Cittadini_Registrati" VALUES ('YASSINE', 'TABAKU', 'TBKYSS07R17B355B', 'yassine.tabaku@gmail.com', 'ytabaku33', '1e4312f228eeda39d232868836155f9f', 2021021213294450);
INSERT INTO public."Cittadini_Registrati" VALUES ('PIERA', 'CATIZZONE', 'CTZPRI06C65I602H', 'piera.catizzone@gmail.com', 'pcatizzone67', '1ea6d639552b4e1096ba370b7b1fefa3', 2021111509071533);
INSERT INTO public."Cittadini_Registrati" VALUES ('ARMANDO', 'GUZA', 'GZURMN09L25F151N', 'armando.guza@yahoo.it', 'aguza82', 'fbebe684514c737637b024a67b370979', 2021021501032857);
INSERT INTO public."Cittadini_Registrati" VALUES ('GIORGIO', 'PIA', 'PIAGRG09B23G361S', 'giorgio.pia@hotmail.com', 'gpia73', '2690d4c85d19c724e640cf116ec990c3', 2021090518063293);
INSERT INTO public."Cittadini_Registrati" VALUES ('SVETLANA', 'MAGGIOROTTO', 'MGGSVT00A66D204W', 'svetlana.maggiorotto@hotmail.com', 'smaggiorotto41', '5d13d10e178106519fb30339e87ee5b0', 2021061417503353);
INSERT INTO public."Cittadini_Registrati" VALUES ('SARA', 'MONTERSINO', 'MNTSRA03C52A848C', 'sara.montersino@yahoo.it', 'smontersino36', 'cc71b0db7150a8ebdcc55fade746dee0', 2021083105341656);
INSERT INTO public."Cittadini_Registrati" VALUES ('CONSTANTIN', 'BIANCHI', 'BNCCNS09D01B820U', 'constantin.bianchi@yahoo.it', 'cbianchi83', 'cba5bfee7dc35322064330e350d2bafa', 2021101906265759);
INSERT INTO public."Cittadini_Registrati" VALUES ('CRISTIAN', 'VILLATA', 'VLLCRS02C03D963B', 'cristian.villata@libero.it', 'cvillata19', 'f915e7105f51b8c71b4ef2bb582c20c1', 2021030404044123);
INSERT INTO public."Cittadini_Registrati" VALUES ('DANIELE', 'PENNA', 'PNNDNL05D11G906W', 'daniele.penna@hotmail.com', 'dpenna10', 'fd0049b0833e2a761dbfc76689019e23', 2021053101323490);
INSERT INTO public."Cittadini_Registrati" VALUES ('JESSICA', 'FIORA', 'FRIJSS01A71E794H', 'jessica.fiora@outlook.com', 'jfiora95', '91a3c2718c41ce718af6772a3f6c85dc', 2021102300371124);
INSERT INTO public."Cittadini_Registrati" VALUES ('SVETLANA', 'TOSETTO', 'TSTSVT09L63B110T', 'svetlana.tosetto@yahoo.it', 'stosetto45', '78caeeac476e3fcd4f088f74f72ad144', 2021101814285697);
INSERT INTO public."Cittadini_Registrati" VALUES ('MIRKO', 'VARESIO', 'VRSMRK02R06E305P', 'mirko.varesio@outlook.com', 'mvaresio65', 'f7e5104f8a7e6ea4bc3ba6303b054913', 2021030904540619);
INSERT INTO public."Cittadini_Registrati" VALUES ('ORESTE', 'GASPARIN', 'GSPRST06D15H827B', 'oreste.gasparin@libero.it', 'ogasparin95', '9092b0cf1e74330495e6acb79f5adbfd', 2021041508424511);
INSERT INTO public."Cittadini_Registrati" VALUES ('DANIELA', 'GERBI', 'GRBDNL03P48E405S', 'daniela.gerbi@libero.it', 'dgerbi13', '320824bc4461d24dde89bb60047d7654', 2021093002410387);
INSERT INTO public."Cittadini_Registrati" VALUES ('LEONARD', 'GRIMALDI', 'GRMLNR01A19G671V', 'leonard.grimaldi@yahoo.it', 'lgrimaldi83', '91c1dda590ff8a99f29b8f8702596944', 2021082009044324);
INSERT INTO public."Cittadini_Registrati" VALUES ('MAURIZIA', 'BIGLIA', 'BGLMRZ02L65D029E', 'maurizia.biglia@hotmail.com', 'mbiglia26', 'ea33ffd5f1262b97b51cf811a67c17f7', 2021082407101491);
INSERT INTO public."Cittadini_Registrati" VALUES ('ROMEO', 'ROVERO', 'RVRRMO08H05F427C', 'romeo.rovero@libero.it', 'rrovero33', 'ea85a09da2e96307319b38311a1d654b', 2021010823505593);
INSERT INTO public."Cittadini_Registrati" VALUES ('ERSILIA', 'FALCONE', 'FLCRSL04C47I168D', 'ersilia.falcone@outlook.com', 'efalcone90', '368857758c9c6284105ff795321fe3db', 2021010721350091);
INSERT INTO public."Cittadini_Registrati" VALUES ('ALEX', 'BIANCO', 'BNCLXA05P27I786A', 'alex.bianco@hotmail.com', 'abianco17', 'fa7e6548e54e5a1ae6cf430b13faa237', 2021102505430180);
INSERT INTO public."Cittadini_Registrati" VALUES ('SILVIA', 'MIGLIASSO', 'MGLSLV08B61A705M', 'silvia.migliasso@virgilio.com', 'smigliasso61', 'b1c523d9a478d87f677754e9bff68a4c', 2021051814020175);
INSERT INTO public."Cittadini_Registrati" VALUES ('VALBONA', 'DILIBERTO', 'DLBVLB02S53A950U', 'valbona.diliberto@mail.com', 'vdiliberto33', 'fe3bcfa9b73627cc41836328b551cf03', 2021111319075230);
INSERT INTO public."Cittadini_Registrati" VALUES ('KATIUSCIA', 'PORRO', 'PRRKTS01A58F788Q', 'katiuscia.porro@mail.com', 'kporro16', '89db101c075cce8bd0061d7ffcf79d39', 2021111702132332);
INSERT INTO public."Cittadini_Registrati" VALUES ('CLARA', 'TIRONE', 'TRNCLR08P70H055Q', 'clara.tirone@gmail.com', 'ctirone62', '54a860f3ed867f7dd1b18ca891114573', 2021092502504480);
INSERT INTO public."Cittadini_Registrati" VALUES ('ERSILIA', 'REKA', 'RKERSL08T41L883J', 'ersilia.reka@mail.com', 'ereka66', '7400e73a2e3c18a4157ef0d669b3cc7f', 2021021604562414);
INSERT INTO public."Cittadini_Registrati" VALUES ('MORENA', 'MIGLIASSO', 'MGLMRN09C70B217E', 'morena.migliasso@libero.it', 'mmigliasso11', '240a24b2badc126677d0f2637d779e68', 2021040418415364);
INSERT INTO public."Cittadini_Registrati" VALUES ('ARTUR', 'RAIMONDO', 'RMNRTR00T17C536Y', 'artur.raimondo@virgilio.com', 'araimondo39', '9b72a6e5f99dab679a672ab639a99f59', 2021101011305171);
INSERT INTO public."Cittadini_Registrati" VALUES ('ANTONELLA', 'MECJA', 'MCJNTN08B43H601T', 'antonella.mecja@libero.it', 'amecja40', '244455910b76815a6f0251ffe8e796ee', 2021063022421161);
INSERT INTO public."Cittadini_Registrati" VALUES ('AMAL', 'RAVIOLA', 'RVLMLA07E56H767D', 'amal.raviola@libero.it', 'araviola90', '62c0784bb250dd5cb083caa19141e48b', 2021020103230874);
INSERT INTO public."Cittadini_Registrati" VALUES ('PAOLA', 'MORTARA', 'MRTPLA01S66B742A', 'paola.mortara@libero.it', 'pmortara99', 'ecb7bd1d76022bbe3ea8dfe61063466b', 2021021807274532);
INSERT INTO public."Cittadini_Registrati" VALUES ('GRETA', 'RAMPONE', 'RMPGRT06A53E738P', 'greta.rampone@libero.it', 'grampone91', 'ab5cd5b54c74720bdba8c7bc39324443', 2021092717561446);
INSERT INTO public."Cittadini_Registrati" VALUES ('ARTAN', 'DIENG', 'DNGRTN06L17H827X', 'artan.dieng@virgilio.com', 'adieng44', 'ec73e8d05268736001cf78b8e71c621d', 2021082809541788);
INSERT INTO public."Cittadini_Registrati" VALUES ('BIAGIO', 'TURELLO', 'TRLBGI00E31E665G', 'biagio.turello@gmail.com', 'bturello74', '8ed3ec999e43a3c865d3ca178edf44fe', 2021060411193027);
INSERT INTO public."Cittadini_Registrati" VALUES ('MICHELA', 'ROGGERO', 'RGGMCH09T66M372Z', 'michela.roggero@gmail.com', 'mroggero18', '8ccbfa9f917e5bc7e148ae03256fc1d8', 2021042118365348);
INSERT INTO public."Cittadini_Registrati" VALUES ('ANTONIO', 'BUTERA', 'BTRNTN03A03D906O', 'antonio.butera@gmail.com', 'abutera26', '3286f515a2850ec6d7511f26b10f20e6', 2021051923551465);
INSERT INTO public."Cittadini_Registrati" VALUES ('OTTAVIO', 'ALUFFI', 'LFFTTV05L25H885S', 'ottavio.aluffi@virgilio.com', 'oaluffi14', '3217398f08b134706cf894d92be578bd', 2021052909453093);
INSERT INTO public."Cittadini_Registrati" VALUES ('MAURA', 'DIENG', 'DNGMRA00T42H615L', 'maura.dieng@yahoo.it', 'mdieng95', '099839edfb10b931fae5ffb1cebe00bc', 2021010104215153);
INSERT INTO public."Cittadini_Registrati" VALUES ('ROSSANA', 'LAZZARINO', 'LZZRSS00E42C033B', 'rossana.lazzarino@gmail.com', 'rlazzarino63', '1fc0820614a7d8f49c8bf3154228642e', 2021031317081091);
INSERT INTO public."Cittadini_Registrati" VALUES ('DEBORAH', 'DELPERO', 'DLPDBR09R70E193J', 'deborah.delpero@libero.it', 'ddelpero67', 'f27a5c6d993a0ef1b7c127f17a9b1654', 2021110510190576);
INSERT INTO public."Cittadini_Registrati" VALUES ('FULVIO', 'CARIA', 'CRAFLV01E07C408H', 'fulvio.caria@hotmail.com', 'fcaria52', '19f0bb385e803408eea33d3ec2150ca6', 2021062023290544);
INSERT INTO public."Cittadini_Registrati" VALUES ('MARTA', 'SORCE', 'SRCMRT02A66L593I', 'marta.sorce@virgilio.com', 'msorce81', '0e63ab278a48dec1373d68bd6aa6a1f4', 2021100401124336);
INSERT INTO public."Cittadini_Registrati" VALUES ('SIMONETTA', 'PERRONE', 'PRRSMN03A70L404P', 'simonetta.perrone@hotmail.com', 'sperrone17', '0ce02a486420bfe9d0d64ce904d84029', 2021100322041290);
INSERT INTO public."Cittadini_Registrati" VALUES ('ROSITA', 'CATIZZONE', 'CTZRST09E47F085G', 'rosita.catizzone@outlook.com', 'rcatizzone42', 'e2ddf0d9f8a941c09d8802d2d3383922', 2021101700252033);
INSERT INTO public."Cittadini_Registrati" VALUES ('AYA', 'GUASCO', 'GSCYAA03D41H521W', 'aya.guasco@gmail.com', 'aguasco91', '140b485a5f1bb91e133df981068e6fd0', 2021032411554339);
INSERT INTO public."Cittadini_Registrati" VALUES ('ENZA', 'MORANDO', 'MRNNZE04T48C698A', 'enza.morando@outlook.com', 'emorando60', '24d026f889cbb12b65fb46574c9d1d3e', 2021111209405150);
INSERT INTO public."Cittadini_Registrati" VALUES ('ZAHRA', 'CAPELLO', 'CPLZHR00S48E292M', 'zahra.capello@yahoo.it', 'zcapello10', '4049f7910b457689505534f2ad06de0a', 2021011123291144);
INSERT INTO public."Cittadini_Registrati" VALUES ('ERNESTO', 'MARKU', 'MRKRNS03A27C050V', 'ernesto.marku@gmail.com', 'emarku11', 'eba1eb1179e977c2aee15344f6154dfd', 2021112411384066);
INSERT INTO public."Cittadini_Registrati" VALUES ('ROSELLA', 'PISCOPO', 'PSCRSL09D54C050C', 'rosella.piscopo@hotmail.com', 'rpiscopo77', '06d3c94ec935d444818a72c7ac337788', 2021110722270117);
INSERT INTO public."Cittadini_Registrati" VALUES ('GIOVANNA', 'CALOSSO', 'CLSGVN02S56D924X', 'giovanna.calosso@hotmail.com', 'gcalosso63', '4c833f0ecd7aa75293af835474cc5381', 2021111117401177);
INSERT INTO public."Cittadini_Registrati" VALUES ('ILIR', 'VALFRE', 'VLFLRI08L26B117G', 'ilir.valfre@mail.com', 'ivalfre31', '5cb5bb3a5927cd3b132e458f05928b56', 2021081820403212);
INSERT INTO public."Cittadini_Registrati" VALUES ('ENZO', 'GIANUZZI', 'GNZNZE01L18D710J', 'enzo.gianuzzi@hotmail.com', 'egianuzzi92', '0975f0a3988aea4378cfabe921e3230d', 2021082007163431);
INSERT INTO public."Cittadini_Registrati" VALUES ('LIVIA', 'TARTAGLINO', 'TRTLVI02L60B144Y', 'livia.tartaglino@yahoo.it', 'ltartaglino75', '0990bfc0094f92262bc637d819e470af', 2021041010501581);
INSERT INTO public."Cittadini_Registrati" VALUES ('ANDREA', 'FOLLO', 'FLLNDR08S49C330U', 'andrea.follo@gmail.com', 'afollo89', '6137033f6d8e13202e3a703a241d91ef', 2021061712332688);
INSERT INTO public."Cittadini_Registrati" VALUES ('AICHA', 'VEILUVA', 'VLVCHA00E49D280Y', 'aicha.veiluva@libero.it', 'aveiluva39', '2d027a21bfd92acd3e7725c80c5a0f1d', 2021030303293263);
INSERT INTO public."Cittadini_Registrati" VALUES ('PIETRO', 'SACCO', 'SCCPTR07H07E100I', 'pietro.sacco@mail.com', 'psacco80', '07371bfef18b2df3952cf2fa16d707b6', 2021050407380336);
INSERT INTO public."Cittadini_Registrati" VALUES ('MIRELA', 'NEBIOLO', 'NBLMRL00B49A365E', 'mirela.nebiolo@yahoo.it', 'mnebiolo87', 'f5e2dab188e29adb8da94f4d779c5876', 2021081223200030);
INSERT INTO public."Cittadini_Registrati" VALUES ('MAGDA', 'BARBERIS', 'BRBMGD00E67A989A', 'magda.barberis@yahoo.it', 'mbarberis85', 'cc0d04f0573e74e9f572e56abe42a653', 2021080720380243);
INSERT INTO public."Cittadini_Registrati" VALUES ('MARIANO', 'SARDO', 'SRDMRN06A30G635O', 'mariano.sardo@gmail.com', 'msardo98', '0ba3615673daf5ba00cb34a62fb7f853', 2021102304321146);
INSERT INTO public."Cittadini_Registrati" VALUES ('ALFRED', 'COPPOLA', 'CPPLFR06L31D266D', 'alfred.coppola@yahoo.it', 'acoppola73', '932ba5e9190a1c10e800390dc2312ee7', 2021082008562456);
INSERT INTO public."Cittadini_Registrati" VALUES ('MAGDA', 'MASSASSO', 'MSSMGD03S42D946Q', 'magda.massasso@libero.it', 'mmassasso76', '7da5aa9977e57c52ca843b741d42a0d4', 2021052807595669);
INSERT INTO public."Cittadini_Registrati" VALUES ('RICCARDO', 'CERRUTI', 'CRRRCC05S30I827S', 'riccardo.cerruti@yahoo.it', 'rcerruti80', 'cdd4a66eb9d60b15fc60ef5eca97ee37', 2021020810562033);
INSERT INTO public."Cittadini_Registrati" VALUES ('ARTAN', 'PUGLIESE', 'PGLRTN06C18L250H', 'artan.pugliese@virgilio.com', 'apugliese52', 'a0e733ef4f81e4e5ea205f096d83e9ce', 2021041319245222);
INSERT INTO public."Cittadini_Registrati" VALUES ('MARCELLO', 'BOERO', 'BROMRC07E01B442I', 'marcello.boero@yahoo.it', 'mboero52', 'd92d971b29dee97c9ba4a41bce6ba5f9', 2021111519315957);
INSERT INTO public."Cittadini_Registrati" VALUES ('ELVIRA', 'DRAGO', 'DRGLVR03E42C381M', 'elvira.drago@yahoo.it', 'edrago90', 'f8d6fb25611c063a0fb7bdf5e76207d1', 2021052520460597);
INSERT INTO public."Cittadini_Registrati" VALUES ('EZIO', 'OTTAVIANO', 'TTVZEI03B18G410W', 'ezio.ottaviano@outlook.com', 'eottaviano64', '8aa18cd7af394287f3726999076950d1', 2021082310024313);
INSERT INTO public."Cittadini_Registrati" VALUES ('SILVIA', 'MASCIA', 'MSCSLV00S55B938D', 'silvia.mascia@libero.it', 'smascia27', '3ed1ae30d6f6d5782a33234407b93201', 2021070117280017);
INSERT INTO public."Cittadini_Registrati" VALUES ('AURELIA', 'REKA', 'RKERLA00H67H086Q', 'aurelia.reka@mail.com', 'areka44', 'e6715e75746ae99e10fe7a09168787f1', 2021062922035417);
INSERT INTO public."Cittadini_Registrati" VALUES ('EMANUEL', 'PAVIA', 'PVAMNL06B11A870Z', 'emanuel.pavia@mail.com', 'epavia57', '8db9da8fd03935bd19a3b9637960f8c4', 2021033107544083);
INSERT INTO public."Cittadini_Registrati" VALUES ('CARLO', 'MESSINA', 'MSSCRL09A31H259R', 'carlo.messina@outlook.com', 'cmessina64', '6f541f776adbdd070583c1c342eba0b0', 2021111405594896);
INSERT INTO public."Cittadini_Registrati" VALUES ('RINALDO', 'RABEZZANA', 'RBZRNL00P30C139K', 'rinaldo.rabezzana@libero.it', 'rrabezzana90', '89af8b56f04f1b1364d7854aecfc1c1b', 2021091909281420);
INSERT INTO public."Cittadini_Registrati" VALUES ('MICHELANGELO', 'MULE', 'MLUMCH04S08H216D', 'michelangelo.mule@yahoo.it', 'mmule37', 'ff99780c897b1523a16d8f8a2b4e8bf0', 2021090722293001);
INSERT INTO public."Cittadini_Registrati" VALUES ('EDMOND', 'GIANUZZI', 'GNZDMN00P13I362T', 'edmond.gianuzzi@virgilio.com', 'egianuzzi10', '17167a92084bc725a2e8c44d7d24e053', 2021011402444484);
INSERT INTO public."Cittadini_Registrati" VALUES ('YASMINE', 'GASPARIN', 'GSPYSM03R55F941O', 'yasmine.gasparin@gmail.com', 'ygasparin88', '9552408c51a0f8be5593d1f53e128692', 2021110618431441);
INSERT INTO public."Cittadini_Registrati" VALUES ('NUNZIO', 'PANI', 'PNANNZ06D17C760D', 'nunzio.pani@libero.it', 'npani75', '9dcd7cfd7b945ed088582694cf2f38fc', 2021020221593180);
INSERT INTO public."Cittadini_Registrati" VALUES ('LORENA', 'NOSENZO', 'NSNLRN03H42L923F', 'lorena.nosenzo@mail.com', 'lnosenzo65', 'f0d08a7051ae366fdc3e31afe6eb3805', 2021051500242095);
INSERT INTO public."Cittadini_Registrati" VALUES ('MARIANA', 'BARDHI', 'BRDMRN06H43C024C', 'mariana.bardhi@hotmail.com', 'mbardhi57', 'd584b2d5a2ae6b7ad6a83eb820564e0a', 2021100304143819);
INSERT INTO public."Cittadini_Registrati" VALUES ('OTTAVIO', 'RAINERO', 'RNRTTV00M13G223A', 'ottavio.rainero@yahoo.it', 'orainero75', '7222df548d6d5a4bbd450a2d2e4a1825', 2021061919575876);
INSERT INTO public."Cittadini_Registrati" VALUES ('ORESTE', 'KASA', 'KSARST01D07B869M', 'oreste.kasa@hotmail.com', 'okasa63', '8d7c03ec958b502387eeee49c8a9deb4', 2021061616295911);
INSERT INTO public."Cittadini_Registrati" VALUES ('SIMONE', 'ALAIMO', 'LMASMN05T19H509T', 'simone.alaimo@outlook.com', 'salaimo91', 'cf2cbd9dc236cb3120e42cc8bad46981', 2021081623181738);
INSERT INTO public."Cittadini_Registrati" VALUES ('UGO', 'REGGIO', 'RGGGUO00E22I986E', 'ugo.reggio@yahoo.it', 'ureggio15', 'de7120170b948dcf42e56391ca92b389', 2021051602211419);
INSERT INTO public."Cittadini_Registrati" VALUES ('MARISTELLA', 'BOANO', 'BNOMRS07P55M044N', 'maristella.boano@virgilio.com', 'mboano18', '05d143a09529270c07649353e973a092', 2021111319453750);
INSERT INTO public."Cittadini_Registrati" VALUES ('ROSITA', 'GHI', 'GHIRST08C68B313O', 'rosita.ghi@libero.it', 'rghi84', 'adbdd2803263f0c8f352efffa54a4d5e', 2021111210034478);
INSERT INTO public."Cittadini_Registrati" VALUES ('ALI', 'SPERETTA', 'SPRLAI09P09F165J', 'ali.speretta@mail.com', 'asperetta90', 'af22c7c92b2e1596052274a517068e45', 2021101023331759);
INSERT INTO public."Cittadini_Registrati" VALUES ('MIRCO', 'CESTARI', 'CSTMRC01R30F373V', 'mirco.cestari@outlook.com', 'mcestari78', '545d768bba031e0e5618c35d8797f367', 2021101917520593);
INSERT INTO public."Cittadini_Registrati" VALUES ('EMILIANA', 'DEMARIA', 'DMRMLN07E58L250P', 'emiliana.demaria@mail.com', 'edemaria66', '952f22d6059022e7ab7ea134df8517a5', 2021061420563790);
INSERT INTO public."Cittadini_Registrati" VALUES ('GRAZIELLA', 'STEFFENINO', 'STFGRZ06C63D244Z', 'graziella.steffenino@libero.it', 'gsteffenino95', 'ba205e0a584a01f477a0e71695a5d84f', 2021020607214979);
INSERT INTO public."Cittadini_Registrati" VALUES ('NINA', 'RISSONE', 'RSSNNI00M44D015Z', 'nina.rissone@yahoo.it', 'nrissone42', '00397e9df20d37b51a1ff86ed76fad6f', 2021021817055893);
INSERT INTO public."Cittadini_Registrati" VALUES ('ROCCO', 'RISSONE', 'RSSRCC00D23A039A', 'rocco.rissone@mail.com', 'rrissone92', 'f6b0dd72be9d6e5e806bade20113c537', 2021080803332949);
INSERT INTO public."Cittadini_Registrati" VALUES ('SABRINA', 'ROMANO', 'RMNSBR01A68B807K', 'sabrina.romano@virgilio.com', 'sromano66', 'f68397809b6606e4254191167d50715f', 2021060517293393);
INSERT INTO public."Cittadini_Registrati" VALUES ('JESSICA', 'GORIA', 'GROJSS00A66E608N', 'jessica.goria@virgilio.com', 'jgoria53', '27f8ba60f1ca3b688d35c716bb17202e', 2021111920285722);
INSERT INTO public."Cittadini_Registrati" VALUES ('GIANPIERO', 'NOBILE', 'NBLGNP09R04B040W', 'gianpiero.nobile@hotmail.com', 'gnobile12', '2b020ce1468eb0e5b09e10714a6df1ac', 2021051901223281);
INSERT INTO public."Cittadini_Registrati" VALUES ('MAURO', 'MIROGLIO', 'MRGMRA02H07D217D', 'mauro.miroglio@hotmail.com', 'mmiroglio26', '9579fa90f573367daec3c639dbe19db4', 2021093005081211);
INSERT INTO public."Cittadini_Registrati" VALUES ('SANTINA', 'GAGLIARDI', 'GGLSNT02R43L037G', 'santina.gagliardi@hotmail.com', 'sgagliardi66', '9c161ba973f1ae2313d64d684c02ff5b', 2021103005081350);
INSERT INTO public."Cittadini_Registrati" VALUES ('CARMINE', 'GULINO', 'GLNCRM07C29L404D', 'carmine.gulino@virgilio.com', 'cgulino37', 'efb5eef48e190b1747d9249c0b1621e8', 2021021520400320);
INSERT INTO public."Cittadini_Registrati" VALUES ('OTTAVIO', 'HYSA', 'HYSTTV06A08D013Q', 'ottavio.hysa@hotmail.com', 'ohysa42', '82500eef1bcd8fdf2d2ee532f4abec47', 2021040201532929);
INSERT INTO public."Cittadini_Registrati" VALUES ('NICCOLO''', 'VADA', 'VDANCC03L15A940E', 'niccolo''.vada@mail.com', 'nvada63', '14725c1d4a4c2d7a432b5e12bfe25389', 2021051515584310);
INSERT INTO public."Cittadini_Registrati" VALUES ('PIA', 'SCOZZARO', 'SCZPIA01M69B100Q', 'pia.scozzaro@libero.it', 'pscozzaro37', '17bb8f19e9c568d99b5bf5c5eb755587', 2021081106281854);
INSERT INTO public."Cittadini_Registrati" VALUES ('GERMANA', 'GIOVANE', 'GVNGRM07D56G889P', 'germana.giovane@libero.it', 'ggiovane81', '235374018d9db6e91aad72f61345870e', 2021102710055523);
INSERT INTO public."Cittadini_Registrati" VALUES ('VINCENZINA', 'KASA', 'KSAVNC04H41F084J', 'vincenzina.kasa@gmail.com', 'vkasa56', '691656a1e59a43cc4f70f4fa2439710c', 2021070904200725);
INSERT INTO public."Cittadini_Registrati" VALUES ('CATERINA', 'BOSTICCO', 'BSTCTR04E63G247U', 'caterina.bosticco@virgilio.com', 'cbosticco86', '6eb1570580c013058b5f64605a0f6560', 2021082601013830);
INSERT INTO public."Cittadini_Registrati" VALUES ('BRUNO', 'NOBILE', 'NBLBRN07A25G346Z', 'bruno.nobile@mail.com', 'bnobile99', '192165ecce24f82b58b6d3c9c337f163', 2021011122170478);
INSERT INTO public."Cittadini_Registrati" VALUES ('MARTIN', 'DACASTO', 'DCSMRT08A04C551V', 'martin.dacasto@hotmail.com', 'mdacasto14', '987522c887d1aad5c36bbc0fd22a6f78', 2021071319500427);
INSERT INTO public."Cittadini_Registrati" VALUES ('FILIPPO', 'BINCOLETTO', 'BNCFLP03S13G028Q', 'filippo.bincoletto@gmail.com', 'fbincoletto86', 'f7f3aaf1b64e831e94cd895e7d203af5', 2021062416254062);
INSERT INTO public."Cittadini_Registrati" VALUES ('PIERLUIGI', 'COSTA', 'CSTPRL00E03L426V', 'pierluigi.costa@virgilio.com', 'pcosta41', '6e5528858677605b229fbac0c66d685f', 2021072117563354);
INSERT INTO public."Cittadini_Registrati" VALUES ('MARIANNA', 'DUBOIS', 'DBSMRN08P47H036I', 'marianna.dubois@outlook.com', 'mdubois79', '41aea35331f633f48c0ed9fd257baf61', 2021031914391719);
INSERT INTO public."Cittadini_Registrati" VALUES ('FIORELLA', 'TRIMARCO', 'TRMFRL05T60E238B', 'fiorella.trimarco@outlook.com', 'ftrimarco63', '86248a3855864fc11c148a158836b2b5', 2021010820051070);
INSERT INTO public."Cittadini_Registrati" VALUES ('ENZA', 'FASSIO', 'FSSNZE07L53C435E', 'enza.fassio@yahoo.it', 'efassio66', '8623f5cbe4e3c55ffbbf841bf4e0ecae', 2021051921583177);
INSERT INTO public."Cittadini_Registrati" VALUES ('EMILIANO', 'CASETTA', 'CSTMLN06P26B530H', 'emiliano.casetta@gmail.com', 'ecasetta43', '6ba36b7b30a8efc0e24b0ba844c7f1de', 2021071810201689);
INSERT INTO public."Cittadini_Registrati" VALUES ('LAURETTA', 'BORIN', 'BRNLRT00P50G407N', 'lauretta.borin@mail.com', 'lborin22', 'fb388ad8f63137a7f24cc52eca2dfe12', 2021102806200985);
INSERT INTO public."Cittadini_Registrati" VALUES ('ZAKARIA', 'GORIA', 'GROZKR05P19F703R', 'zakaria.goria@gmail.com', 'zgoria10', '2375d27a3e52fe37bbc2593942efd1ef', 2021061511391066);
INSERT INTO public."Cittadini_Registrati" VALUES ('WALTER', 'SINANI', 'SNNWLT00L01B711K', 'walter.sinani@yahoo.it', 'wsinani36', '59e22ed3f627d60b0a05bf924f93b53a', 2021032311161384);
INSERT INTO public."Cittadini_Registrati" VALUES ('GIANNI', 'REKA', 'RKEGNN09T22D081F', 'gianni.reka@virgilio.com', 'greka72', '9e46f5013941537b1dfc0df50d7bc1a3', 2021022407290590);
INSERT INTO public."Cittadini_Registrati" VALUES ('EUGENIA', 'CARBONE', 'CRBGNE02M56F153G', 'eugenia.carbone@libero.it', 'ecarbone49', 'ea97258508ed3b475d2476f80597d722', 2021071810501878);
INSERT INTO public."Cittadini_Registrati" VALUES ('MAURIZIA', 'CRAVANZOLA', 'CRVMRZ07M61I567X', 'maurizia.cravanzola@mail.com', 'mcravanzola74', '21370c0a9e9d21bfd6d998c32209da42', 2021062101521670);
INSERT INTO public."Cittadini_Registrati" VALUES ('NAIMA', 'CERRUTI', 'CRRNMA02E60H493I', 'naima.cerruti@libero.it', 'ncerruti49', '194bda7dc1348d1ea25f4342729f77cb', 2020122900110041);
INSERT INTO public."Cittadini_Registrati" VALUES ('ESTER', 'CAMPAGNA', 'CMPSTR00D60L221Y', 'ester.campagna@mail.com', 'ecampagna61', '941c23defa30f41117ea7ae9747af3eb', 2021010315070453);
INSERT INTO public."Cittadini_Registrati" VALUES ('GIORGIA', 'NEGRO', 'NGRGRG05B42F393T', 'giorgia.negro@mail.com', 'gnegro68', '1b9ce4e8204a01a48d9ed6b5756b5e98', 2021042719264342);
INSERT INTO public."Cittadini_Registrati" VALUES ('VIOLETA', 'BASSO', 'BSSVLT05P59B803G', 'violeta.basso@libero.it', 'vbasso46', 'b58636bc7e6a0df049f576caf907cbf5', 2021063019512031);
INSERT INTO public."Cittadini_Registrati" VALUES ('CRISTINA', 'FRONTINO', 'FRNCRS06T71I433D', 'cristina.frontino@virgilio.com', 'cfrontino69', '7b55658fa267996776fb68164aad5525', 2021051000153961);
INSERT INTO public."Cittadini_Registrati" VALUES ('GIULIO', 'PAFUNDI', 'PFNGLI08T10G488J', 'giulio.pafundi@hotmail.com', 'gpafundi88', '39d06ef55f0d4f6dee2b731ed1ba38c9', 2021111508585342);
INSERT INTO public."Cittadini_Registrati" VALUES ('GIORGIO', 'VALPREDA', 'VLPGRG08B10G026B', 'giorgio.valpreda@virgilio.com', 'gvalpreda83', 'b91786eb61ac335f2f50263037e99d5e', 2021092708045981);
INSERT INTO public."Cittadini_Registrati" VALUES ('LEANDRO', 'PRECI', 'PRCLND05D19A699J', 'leandro.preci@virgilio.com', 'lpreci52', 'd7d1fd627184bc432f44bdf2e249bddd', 2021011519281120);
INSERT INTO public."Cittadini_Registrati" VALUES ('EDMOND', 'ROVERO', 'RVRDMN00L06E794A', 'edmond.rovero@mail.com', 'erovero55', 'f43c751ad7a4cc5acaa2f0169b855846', 2021051409123785);
INSERT INTO public."Cittadini_Registrati" VALUES ('ROSA', 'VITELLO', 'VTLRSO06A47I566R', 'rosa.vitello@yahoo.it', 'rvitello22', '6e73dec05b5bad3db20102f68c8d5d49', 2021040713455792);
INSERT INTO public."Cittadini_Registrati" VALUES ('IVANO', 'DERVISHI', 'DRVVNI08B27A413Y', 'ivano.dervishi@yahoo.it', 'idervishi90', '3e55e1207ca9a99b906693ef29ed4e68', 2021100414433676);
INSERT INTO public."Cittadini_Registrati" VALUES ('CLOE', 'LAZZARINO', 'LZZCLO09S68B978L', 'cloe.lazzarino@yahoo.it', 'clazzarino67', '60c6ad99916b03f7fcf7f6eac4fb43b8', 2021102201301025);
INSERT INTO public."Cittadini_Registrati" VALUES ('ORLANDO', 'PORCELLANA', 'PRCRLN02S06F806Y', 'orlando.porcellana@mail.com', 'oporcellana28', '568f82c1a25a82f5ac6124c865d5e7a5', 2021050520173336);
INSERT INTO public."Cittadini_Registrati" VALUES ('ROMANA', 'GROSSO', 'GRSRMN06H51C724V', 'romana.grosso@outlook.com', 'rgrosso52', 'd0d5940167164c68dcabd01ccc19fa42', 2021012200453190);
INSERT INTO public."Cittadini_Registrati" VALUES ('MAJLINDA', 'GHERLONE', 'GHRMJL09C48H026H', 'majlinda.gherlone@libero.it', 'mgherlone43', '511b52374b24834a867fa08ed5456a97', 2021080522475183);
INSERT INTO public."Cittadini_Registrati" VALUES ('ELISABETTA', 'VIGNA', 'VGNLSB08R69E439L', 'elisabetta.vigna@libero.it', 'evigna11', '50cc51c00f03d7d09101536a4afc89d0', 2021022814455817);
INSERT INTO public."Cittadini_Registrati" VALUES ('MARISA', 'BORIO', 'BROMRS08D45B120Z', 'marisa.borio@outlook.com', 'mborio41', 'af350b8bcf11f5503d72ba34723fe92a', 2021031615512953);
INSERT INTO public."Cittadini_Registrati" VALUES ('LIVIO', 'BORIN', 'BRNLVI00B06I636T', 'livio.borin@virgilio.com', 'lborin53', '2c611a7cfc32fded885741addebc5835', 2021022211382027);
INSERT INTO public."Cittadini_Registrati" VALUES ('CINZIA', 'GIULIANO', 'GLNCNZ01M64H870G', 'cinzia.giuliano@outlook.com', 'cgiuliano78', 'f019f8ab5454dc9be5858b3fb105c70a', 2021051207164735);
INSERT INTO public."Cittadini_Registrati" VALUES ('VITTORIO', 'DATO', 'DTAVTT05M11A792H', 'vittorio.dato@outlook.com', 'vdato54', 'b87ff1a4beed454b084b104a73e6d0d3', 2021051420242994);
INSERT INTO public."Cittadini_Registrati" VALUES ('DENNIS', 'RATTI', 'RTTDNN09M25E325Q', 'dennis.ratti@hotmail.com', 'dratti33', '539ed8b02bbdcdcb5b1fe91c91206ba4', 2021043018410249);
INSERT INTO public."Cittadini_Registrati" VALUES ('ADA', 'CATIZZONE', 'CTZDAA00E57L709C', 'ada.catizzone@yahoo.it', 'acatizzone84', '6dcc0aeb80917bd2d619167353bd1d7b', 2021091723310681);
INSERT INTO public."Cittadini_Registrati" VALUES ('AMEDEO', 'BALBO', 'BLBMDA06D06B730D', 'amedeo.balbo@yahoo.it', 'abalbo18', '4509da1075d09d6c14163853bb2edfa9', 2021072422191171);
INSERT INTO public."Cittadini_Registrati" VALUES ('JACOPO', 'VERCELLI', 'VRCJCP05R31M176I', 'jacopo.vercelli@yahoo.it', 'jvercelli82', '38e8061471f1ec3c419083066649b277', 2021042519092657);
INSERT INTO public."Cittadini_Registrati" VALUES ('ILEANA', 'POZZATO', 'PZZLNI05B47I497E', 'ileana.pozzato@gmail.com', 'ipozzato80', '9eb5739bf0526a2dca8bf0daec15abd9', 2020122806384869);
INSERT INTO public."Cittadini_Registrati" VALUES ('DENISA', 'FASSONE', 'FSSDNS07A49H331F', 'denisa.fassone@libero.it', 'dfassone87', '624507c5546b734e947daf0c83a19d4e', 2021063023085811);
INSERT INTO public."Cittadini_Registrati" VALUES ('WILLIAM', 'GRASSO', 'GRSWLL00R15H342X', 'william.grasso@yahoo.it', 'wgrasso21', 'bb36c412a52dc2e02884cbf8c0a0722f', 2020123005450986);
INSERT INTO public."Cittadini_Registrati" VALUES ('MICHELANGELO', 'CARRER', 'CRRMCH00D26G217E', 'michelangelo.carrer@hotmail.com', 'mcarrer64', '506bcdb4ac5d1c6b1e3e69e8bd40450b', 2021081010403791);
INSERT INTO public."Cittadini_Registrati" VALUES ('CARMEN', 'MARELLO', 'MRLCRM09D66M079K', 'carmen.marello@gmail.com', 'cmarello13', '87a1d120b4aa9602fdc815533d1ade33', 2021051707384015);
INSERT INTO public."Cittadini_Registrati" VALUES ('CONCETTINA', 'BEGANOVIC', 'BGNCNC01M48I828L', 'concettina.beganovic@outlook.com', 'cbeganovic95', '827062215ff342891aaf0b1ef2372976', 2021080512210918);
INSERT INTO public."Cittadini_Registrati" VALUES ('ZOE', 'ROERO', 'RROZOE07S43B228E', 'zoe.roero@outlook.com', 'zroero78', '95cd9e3dbbd51a0eaba65713ef565825', 2021101417021460);
INSERT INTO public."Cittadini_Registrati" VALUES ('NICOLETTA', 'SATTANINO', 'STTNCL02R48D127A', 'nicoletta.sattanino@mail.com', 'nsattanino84', '6bc52e11013f849a343ba613bf555b17', 2021021919292436);
INSERT INTO public."Cittadini_Registrati" VALUES ('PALMA', 'BASSO', 'BSSPLM00D65I506U', 'palma.basso@outlook.com', 'pbasso95', '0e7f0c472fdd5012dc292f761d5ef962', 2021041219254498);
INSERT INTO public."Cittadini_Registrati" VALUES ('PIERLUIGI', 'GARDIN', 'GRDPRL00L10H130N', 'pierluigi.gardin@gmail.com', 'pgardin64', '90477899527a313a0aaf163b9c21ada6', 2021102304172742);
INSERT INTO public."Cittadini_Registrati" VALUES ('CELESTINA', 'ALLKJA', 'LLKCLS02A68C521J', 'celestina.allkja@outlook.com', 'callkja35', '5c667c50df0656f18c2aa4c58ea76d9a', 2021040921333090);
INSERT INTO public."Cittadini_Registrati" VALUES ('ANTONINA', 'ANSELMO', 'NSLNTN04E69L175Y', 'antonina.anselmo@virgilio.com', 'aanselmo33', '472aee20ab82d233ab3812da16fa19f4', 2021100419434137);
INSERT INTO public."Cittadini_Registrati" VALUES ('ROSITA', 'GIULIANO', 'GLNRST04C57B732W', 'rosita.giuliano@yahoo.it', 'rgiuliano28', '3dfa89cad56e19aacb7b2f26b4c5e1f5', 2021070919244030);
INSERT INTO public."Cittadini_Registrati" VALUES ('ADRIANO', 'LICATA', 'LCTDRN08E30L568L', 'adriano.licata@mail.com', 'alicata53', '8e0a68392787eb612f73d1643066606c', 2021010102580473);
INSERT INTO public."Cittadini_Registrati" VALUES ('INES', 'PAFUNDI', 'PFNNSI09L59I433Y', 'ines.pafundi@outlook.com', 'ipafundi97', '5fa3a85703172f806a3cb3e80d3900f0', 2021041220033579);
INSERT INTO public."Cittadini_Registrati" VALUES ('LETIZIA', 'AMERIO', 'MRALTZ03D49C730P', 'letizia.amerio@outlook.com', 'lamerio15', '9b9ad28d66404879120f5a4aa19beff2', 2021071307040381);
INSERT INTO public."Cittadini_Registrati" VALUES ('MICHELINO', 'NEGRO', 'NGRMCH04D22E192R', 'michelino.negro@libero.it', 'mnegro72', 'ddaa704fc6ce0460fa443065e72bebf9', 2021092720122620);
INSERT INTO public."Cittadini_Registrati" VALUES ('CRISTIAN', 'TOSETTO', 'TSTCRS04D24A989R', 'cristian.tosetto@outlook.com', 'ctosetto45', 'fb6cca8901cb06b89eb5346fd479f347', 2021060821361184);
INSERT INTO public."Cittadini_Registrati" VALUES ('GIOELE', 'MARMO', 'MRMGLI02E13D348U', 'gioele.marmo@virgilio.com', 'gmarmo35', '85c47b63e97aa1c5a97a173bd932c59b', 2021031323252513);
INSERT INTO public."Cittadini_Registrati" VALUES ('IVAN', 'NOBILE', 'NBLVNI06B21I997I', 'ivan.nobile@hotmail.com', 'inobile96', 'c1ab450e8316d865f4e7ca6b83d3ba44', 2021071021143766);
INSERT INTO public."Cittadini_Registrati" VALUES ('ASIA', 'LOMBARDO', 'LMBSAI01A45G368X', 'asia.lombardo@hotmail.com', 'alombardo53', 'edd25293dc47b047f37f6d93a972f261', 2021043010554961);
INSERT INTO public."Cittadini_Registrati" VALUES ('VILMA', 'VOGLINO', 'VGLVLM03D49E593W', 'vilma.voglino@virgilio.com', 'vvoglino44', '9ad43fb96d730fac07a457a87d28dffa', 2021012610340522);
INSERT INTO public."Cittadini_Registrati" VALUES ('NORMA', 'AMBROSIO', 'MBRNRM08P58G220G', 'norma.ambrosio@gmail.com', 'nambrosio19', '4b201e629749cd23606f7a8bff3ac948', 2021053005145353);
INSERT INTO public."Cittadini_Registrati" VALUES ('CLARA', 'COSTA', 'CSTCLR05E46H752Y', 'clara.costa@libero.it', 'ccosta15', 'e9cd7d7c8857e5dfb9f962fd1b3ab1ca', 2021040602440626);
INSERT INTO public."Cittadini_Registrati" VALUES ('MIRELA', 'MANETTA', 'MNTMRL04M59D634Z', 'mirela.manetta@gmail.com', 'mmanetta87', '7808e5fba5a664de91fe4a532d23dafc', 2021010918013812);
INSERT INTO public."Cittadini_Registrati" VALUES ('STEFANIA', 'MAGNONE', 'MGNSTF01H43A905P', 'stefania.magnone@libero.it', 'smagnone87', 'b6c96ddeb0f7692351f187a2a6f89faf', 2021071202093095);
INSERT INTO public."Cittadini_Registrati" VALUES ('ALIDA', 'CREN', 'CRNLDA01L54M424I', 'alida.cren@libero.it', 'acren23', 'b45e9c40c81900ede9c55f58027861b7', 2021011700101471);
INSERT INTO public."Cittadini_Registrati" VALUES ('ORIETTA', 'PISCOPO', 'PSCRTT09M50C417J', 'orietta.piscopo@mail.com', 'opiscopo75', '55bb0583cf1526a0abbe7886278b4340', 2021082013441243);
INSERT INTO public."Cittadini_Registrati" VALUES ('EDUARD', 'POZZATO', 'PZZDRD00E03I997H', 'eduard.pozzato@mail.com', 'epozzato82', 'c671fedb104ec27fc58a5237db2805b2', 2021020116191865);
INSERT INTO public."Cittadini_Registrati" VALUES ('CONCETTINA', 'INGRAO', 'NGRCNC07E44B124W', 'concettina.ingrao@mail.com', 'cingrao60', 'ad074b8cf3a0ee93e09ba24dff734bb5', 2021101414331916);
INSERT INTO public."Cittadini_Registrati" VALUES ('ARBEN', 'STRADELLA', 'STRRBN05S02I203I', 'arben.stradella@outlook.com', 'astradella27', '1127119f0a0347b40ed4f603f2c5f7cd', 2021013100012663);
INSERT INTO public."Cittadini_Registrati" VALUES ('IRENE', 'PRECI', 'PRCRNI03C43A517R', 'irene.preci@libero.it', 'ipreci65', 'b03f7450444dac9a87f9c7dfd37654ce', 2021030618451867);
INSERT INTO public."Cittadini_Registrati" VALUES ('LUANA', 'CASALONE', 'CSLLNU03A58F165B', 'luana.casalone@hotmail.com', 'lcasalone59', 'f366ac35bbeeb4d5965ad042e8498e23', 2021012621535786);
INSERT INTO public."Cittadini_Registrati" VALUES ('DEBORA', 'RABINO', 'RBNDBR04M66E865F', 'debora.rabino@yahoo.it', 'drabino95', '4373f3b3230f94a5173ae41baf1dc12b', 2021112220101684);
INSERT INTO public."Cittadini_Registrati" VALUES ('FABIO', 'SARDI', 'SRDFBA04C25E507W', 'fabio.sardi@gmail.com', 'fsardi61', 'fb4d7d645da0fa4b383564c7e97bb8e6', 2021051107380594);
INSERT INTO public."Cittadini_Registrati" VALUES ('FILIPPO', 'GALLO', 'GLLFLP02S26E928C', 'filippo.gallo@outlook.com', 'fgallo68', 'd227789fe5bde555f2a19ee7eed839d1', 2021011418535640);
INSERT INTO public."Cittadini_Registrati" VALUES ('VERONICA', 'VIGNALE', 'VGNVRN00S49I683Y', 'veronica.vignale@outlook.com', 'vvignale78', '5c5a2517e81a38fc0e775ada268824e5', 2021041616434522);
INSERT INTO public."Cittadini_Registrati" VALUES ('ANTONINA', 'MONTERSINO', 'MNTNTN01A65M424J', 'antonina.montersino@gmail.com', 'amontersino58', '628127fe94cc2b4aa8823753af33a808', 2021032912410657);
INSERT INTO public."Cittadini_Registrati" VALUES ('OMAR', 'FERLISI', 'FRLMRO04A20C343T', 'omar.ferlisi@virgilio.com', 'oferlisi15', '47a9a4e6a57cf74ad03bd2eb1e125dfc', 2021020201510284);
INSERT INTO public."Cittadini_Registrati" VALUES ('JESSICA', 'RICCIO', 'RCCJSS08R51I079J', 'jessica.riccio@yahoo.it', 'jriccio98', 'c4d0f837ec47fc7b9ab244cba7a0cfb5', 2021031408042422);
INSERT INTO public."Cittadini_Registrati" VALUES ('CECILIA', 'BELTRACCHINI', 'BLTCCL06H52G260R', 'cecilia.beltracchini@yahoo.it', 'cbeltracchini80', '5ab216be1b376783bc22d0b8dc406e78', 2021081818144479);
INSERT INTO public."Cittadini_Registrati" VALUES ('ALTIN', 'GERBI', 'GRBLTN05M06E152T', 'altin.gerbi@libero.it', 'agerbi43', '9ecae0496ef45380d022b63008164fe4', 2021071309263965);
INSERT INTO public."Cittadini_Registrati" VALUES ('MILENA', 'CAPUTO', 'CPTMLN00E57D891W', 'milena.caputo@mail.com', 'mcaputo13', '8d19cdb4141df7db6c5d6fa277293636', 2021102620163790);
INSERT INTO public."Cittadini_Registrati" VALUES ('RINALDO', 'TONA', 'TNORNL05L11C325R', 'rinaldo.tona@virgilio.com', 'rtona60', '462a81be5fdf3ddf7e0ee48a6ea5d6bc', 2021072612564368);
INSERT INTO public."Cittadini_Registrati" VALUES ('AURELIO', 'REGGIO', 'RGGRLA07H12L577Z', 'aurelio.reggio@virgilio.com', 'areggio23', 'bf7bc9db34161d3d88cff1fa6b835294', 2021051607591056);
INSERT INTO public."Cittadini_Registrati" VALUES ('DENNIS', 'FALLETTA', 'FLLDNN03T26L380W', 'dennis.falletta@libero.it', 'dfalletta82', 'c04b2f42ad16a37fbb78cc5241921454', 2021092714365268);
INSERT INTO public."Cittadini_Registrati" VALUES ('ROMEO', 'AMBROSIO', 'MBRRMO03T13B754E', 'romeo.ambrosio@yahoo.it', 'rambrosio32', 'ce8754db13ca4a65525d00fc4d10a548', 2021062107153524);
INSERT INTO public."Cittadini_Registrati" VALUES ('PIERLUIGI', 'GIORDANO', 'GRDPRL01H14I437J', 'pierluigi.giordano@gmail.com', 'pgiordano59', '5d5fdd5907cebc4e05dbae6811ed56ab', 2021021104040773);
INSERT INTO public."Cittadini_Registrati" VALUES ('ABDELLAH', 'VINOTTI', 'VNTBDL01L25B938R', 'abdellah.vinotti@libero.it', 'avinotti81', 'f4e81737d08849fcba4640bb9d8c77c1', 2021033023025333);
INSERT INTO public."Cittadini_Registrati" VALUES ('AMALIA', 'BRUNO', 'BRNMLA06M71F170U', 'amalia.bruno@libero.it', 'abruno51', 'f4739ff3ed83a6a879772544c84a6d2d', 2021032704135776);
INSERT INTO public."Cittadini_Registrati" VALUES ('JESSICA', 'PICCOLO', 'PCCJSS05T52G181P', 'jessica.piccolo@libero.it', 'jpiccolo28', 'fd052d7145c748d63b40d750156be1db', 2021090821545351);
INSERT INTO public."Cittadini_Registrati" VALUES ('ARMANDO', 'LONGO', 'LNGRMN05T13D411R', 'armando.longo@outlook.com', 'alongo74', '988d10c557e1718924f7b01df124585c', 2021090313521034);
INSERT INTO public."Cittadini_Registrati" VALUES ('ELSA', 'BARBERIS', 'BRBLSE04M64D694O', 'elsa.barberis@gmail.com', 'ebarberis28', '5a901d8f3239cdacfa0f064cf27b5216', 2021022205281861);
INSERT INTO public."Cittadini_Registrati" VALUES ('LINDA', 'CARUSO', 'CRSLND09E71G639J', 'linda.caruso@libero.it', 'lcaruso45', '65b5b49cc8d5e88d451d54c02723cea4', 2021110102425419);
INSERT INTO public."Cittadini_Registrati" VALUES ('ARJAN', 'PASSARINO', 'PSSRJN00P20H086S', 'arjan.passarino@yahoo.it', 'apassarino11', '98256f9903684369ee078f0f911cd8bc', 2021041409160499);
INSERT INTO public."Cittadini_Registrati" VALUES ('LUCIO', 'CASSENTI', 'CSSLCU02C10B289M', 'lucio.cassenti@mail.com', 'lcassenti77', '2c67b1c8dcfee27b4e2c5f97e76e181d', 2021111207500618);
INSERT INTO public."Cittadini_Registrati" VALUES ('GRETA', 'NOVARA', 'NVRGRT01E57A745T', 'greta.novara@virgilio.com', 'gnovara86', 'f2de71d8d246cbee28f16034dbe06be9', 2021111023545266);
INSERT INTO public."Cittadini_Registrati" VALUES ('RENZO', 'KIPTIU', 'KPTRNZ07P13C637T', 'renzo.kiptiu@libero.it', 'rkiptiu44', '139b0f5b5eba1d1e843572193a5fbd62', 2021070303583437);
INSERT INTO public."Cittadini_Registrati" VALUES ('ORNELLA', 'LEONE', 'LNERNL01B54G021V', 'ornella.leone@mail.com', 'oleone78', '8192c3ef382646ac69e35bff722dde0b', 2021031022543946);
INSERT INTO public."Cittadini_Registrati" VALUES ('MARJETA', 'NUARA', 'NRUMRJ00S44H614K', 'marjeta.nuara@gmail.com', 'mnuara78', '02611e8d5a0e9d571da5c78a00ebcf94', 2021012800430916);
INSERT INTO public."Cittadini_Registrati" VALUES ('ERNESTINA', 'SPERETTA', 'SPRRNS00T64B613O', 'ernestina.speretta@outlook.com', 'esperetta25', '7b72a267253fd7c2bee7049fc78d7114', 2021101613544281);
INSERT INTO public."Cittadini_Registrati" VALUES ('BRUNO', 'ZAPPA', 'ZPPBRN05E30D280V', 'bruno.zappa@outlook.com', 'bzappa42', 'bb83fc0def45d4977a213a3b738a34c2', 2021010418364977);
INSERT INTO public."Cittadini_Registrati" VALUES ('MARIA', 'PRECI', 'PRCMRA06L68C569T', 'maria.preci@virgilio.com', 'mpreci54', '5fc32db11b39129b87dd576decbcff70', 2021081314373376);
INSERT INTO public."Cittadini_Registrati" VALUES ('GEZIM', 'CRAVERO', 'CRVGZM00L04E987H', 'gezim.cravero@mail.com', 'gcravero15', '3d2f74f258a4eb005f572872343fb40b', 2021050207141346);
INSERT INTO public."Cittadini_Registrati" VALUES ('MARIA', 'FERLISI', 'FRLMRA04T49F720T', 'maria.ferlisi@hotmail.com', 'mferlisi39', '3f9ca1787d303311d38917538e474521', 2021021206533487);
INSERT INTO public."Cittadini_Registrati" VALUES ('LAURETTA', 'ORECCHIA', 'RCCLRT00T65G075K', 'lauretta.orecchia@yahoo.it', 'lorecchia78', 'a1a3907c53fd13a6895861b0c5ecad4c', 2021042410330659);
INSERT INTO public."Cittadini_Registrati" VALUES ('FATMIR', 'VELAJ', 'VLJFTM03B16E415Q', 'fatmir.velaj@gmail.com', 'fvelaj26', '349fd2e4bbc8bcccf4f2853e2b69293a', 2021021308083683);
INSERT INTO public."Cittadini_Registrati" VALUES ('EVELINA', 'ALAFLEUR', 'LFLVLN07A46A845L', 'evelina.alafleur@virgilio.com', 'ealafleur83', 'eb47c2ac2f3b4d04310c3a368a03981a', 2021032218114672);
INSERT INTO public."Cittadini_Registrati" VALUES ('MADDALENA', 'POZZATO', 'PZZMDD07T53E665P', 'maddalena.pozzato@outlook.com', 'mpozzato69', '9ba4513347bb6586fdf3e856552deefe', 2021110615064811);
INSERT INTO public."Cittadini_Registrati" VALUES ('BEATRICE', 'PALERMO', 'PLRBTR01R47A010K', 'beatrice.palermo@mail.com', 'bpalermo11', 'bc62a84664a76690623846ca1f833c46', 2021100613433795);
INSERT INTO public."Cittadini_Registrati" VALUES ('KEVIN', 'MACAGNO', 'MCGKVN06C05G361I', 'kevin.macagno@gmail.com', 'kmacagno94', 'b31c63fc72ef892c1483b3e5006dee96', 2021011719350864);
INSERT INTO public."Cittadini_Registrati" VALUES ('AGRON', 'GAGLIANO', 'GGLGRN08E08B142V', 'agron.gagliano@libero.it', 'agagliano97', '5bed9cc24534a535d7844ab45b50c89a', 2021081616135862);
INSERT INTO public."Cittadini_Registrati" VALUES ('LUANA', 'AMBROSIO', 'MBRLNU04H69B501L', 'luana.ambrosio@mail.com', 'lambrosio61', 'de35ca67e2f845b58554f0f41d470076', 2021010716421046);
INSERT INTO public."Cittadini_Registrati" VALUES ('FILIPPA', 'SCALIA', 'SCLFLP00S46E261L', 'filippa.scalia@gmail.com', 'fscalia83', '0b926c9e4bf036760ed31bdf88f1278a', 2021030515102728);
INSERT INTO public."Cittadini_Registrati" VALUES ('SIMONETTA', 'CATIZZONE', 'CTZSMN09A50C512E', 'simonetta.catizzone@libero.it', 'scatizzone31', '84c957a88d23c2ec2cd218ce3a0b1bd8', 2021071807051439);
INSERT INTO public."Cittadini_Registrati" VALUES ('ADELE', 'NERI', 'NREDLA09P55G549Y', 'adele.neri@gmail.com', 'aneri23', '28882c235ffbc522931cbe032dbc1212', 2021032306461904);
INSERT INTO public."Cittadini_Registrati" VALUES ('CLELIA', 'VALLE', 'VLLCLL07M49H827I', 'clelia.valle@outlook.com', 'cvalle85', '365f6159bc6107b460440df074fbcea1', 2021041418575352);
INSERT INTO public."Cittadini_Registrati" VALUES ('ALTIN', 'ROBINO', 'RBNLTN00E30G504F', 'altin.robino@mail.com', 'arobino25', '2d3b3f1c03e9358f0f152345b1a23138', 2021052209371120);
INSERT INTO public."Cittadini_Registrati" VALUES ('GERMANA', 'FALLETTA', 'FLLGRM05H50E883R', 'germana.falletta@outlook.com', 'gfalletta44', 'a33bad66189a67aaf23d23fe6091d05e', 2021012504263578);
INSERT INTO public."Cittadini_Registrati" VALUES ('VITTORINA', 'POGGIO', 'PGGVTT06S61A557I', 'vittorina.poggio@virgilio.com', 'vpoggio14', 'b1e1932c86d0b8304cb80b883ec9f45a', 2021061906485740);
INSERT INTO public."Cittadini_Registrati" VALUES ('IVO', 'PROVENZANO', 'PRVVIO02S20A920W', 'ivo.provenzano@hotmail.com', 'iprovenzano62', '0f9ca108b8cc7e7273df13b2f770360f', 2021060800205033);
INSERT INTO public."Cittadini_Registrati" VALUES ('NICOLINA', 'PERNA', 'PRNNCL03A45L175S', 'nicolina.perna@gmail.com', 'nperna95', '0561850d050deb88bb3a05d01f3db037', 2021040311584558);
INSERT INTO public."Cittadini_Registrati" VALUES ('BIANCA', 'AMATO', 'MTABNC03B58F002W', 'bianca.amato@hotmail.com', 'bamato31', '99aea8ca8919e9d19ea293d44f77dc4f', 2021082515054948);
INSERT INTO public."Cittadini_Registrati" VALUES ('KRISTINA', 'CESTARI', 'CSTKRS03A48A818K', 'kristina.cestari@mail.com', 'kcestari98', 'df73bf0254a662c64b2bc31ec953a832', 2021061913141934);
INSERT INTO public."Cittadini_Registrati" VALUES ('ADOLFO', 'PARISI', 'PRSDLF00L12B137Y', 'adolfo.parisi@gmail.com', 'aparisi76', 'c49e8ad625b17225e2aacae18e40d0f7', 2021090204081634);
INSERT INTO public."Cittadini_Registrati" VALUES ('ELIANA', 'LAFLEUR', 'LFLLNE06M63B396O', 'eliana.lafleur@mail.com', 'elafleur69', '816755e999875841a02972093bd4b002', 2021032303404993);
INSERT INTO public."Cittadini_Registrati" VALUES ('SAIMIR', 'MONDO', 'MNDSMR00M23B387W', 'saimir.mondo@hotmail.com', 'smondo41', '4fa28c4152b488511423a07eee4d2581', 2021092523492138);
INSERT INTO public."Cittadini_Registrati" VALUES ('ISABEL', 'CRAVANZOLA', 'CRVSBL08E62E367U', 'isabel.cravanzola@libero.it', 'icravanzola23', '9dd3ac5d1d48f3b82683e6168f2a7f80', 2021082614021638);
INSERT INTO public."Cittadini_Registrati" VALUES ('CAROLINA', 'GULINO', 'GLNCRL00L52H827X', 'carolina.gulino@outlook.com', 'cgulino93', '81978211a4dbe9336dcccaaf3dcf5a6a', 2021022200361344);
INSERT INTO public."Cittadini_Registrati" VALUES ('MAURA', 'LETTIERI', 'LTTMRA03S47L015Q', 'maura.lettieri@gmail.com', 'mlettieri42', '78900848e0e81b2c8270a53d6017e627', 2020122806312158);
INSERT INTO public."Cittadini_Registrati" VALUES ('LUCA', 'DELPERO', 'DLPLCU04T03I014Y', 'luca.delpero@gmail.com', 'ldelpero34', '90c34877032eb57ad000bc187c25296b', 2021030320505566);
INSERT INTO public."Cittadini_Registrati" VALUES ('AMINA', 'RAVIZZA', 'RVZMNA02B55F638R', 'amina.ravizza@virgilio.com', 'aravizza12', 'a499afd1802de488a8b83e616026ff4e', 2021051303125569);
INSERT INTO public."Cittadini_Registrati" VALUES ('LUCIO', 'MECJA', 'MCJLCU00R07L883S', 'lucio.mecja@outlook.com', 'lmecja92', 'bc8f44262258a9abab925f5fbf763193', 2021043005343247);
INSERT INTO public."Cittadini_Registrati" VALUES ('SABINA', 'FORNO', 'FRNSBN08L56L022D', 'sabina.forno@outlook.com', 'sforno64', '49eddf58c809714578b9a3d7789ae228', 2021062617083679);
INSERT INTO public."Cittadini_Registrati" VALUES ('CHANEL', 'BRONDOLO', 'BRNCHN05S43H173P', 'chanel.brondolo@mail.com', 'cbrondolo10', 'cfd5b814d97bb5754a289f8d1d81f3f1', 2021061300422234);
INSERT INTO public."Cittadini_Registrati" VALUES ('CONSTANTIN', 'GHI', 'GHICNS06H22I943W', 'constantin.ghi@outlook.com', 'cghi30', 'f11db331984430f8fce698f77318e3de', 2021091520455265);
INSERT INTO public."Cittadini_Registrati" VALUES ('MIHAELA', 'MAZZA', 'MZZMHL07C57G161X', 'mihaela.mazza@virgilio.com', 'mmazza59', '32fbfbd8ae604a4e93c3ae1a0ec9191f', 2021021223054388);
INSERT INTO public."Cittadini_Registrati" VALUES ('LOREDANA', 'AMERIO', 'MRALRD08M55D710V', 'loredana.amerio@mail.com', 'lamerio26', 'c1f26668925ed6a1b7b4954728af95d4', 2021041719294116);
INSERT INTO public."Cittadini_Registrati" VALUES ('AGATA', 'NDOKA', 'NDKGTA08B49A786P', 'agata.ndoka@virgilio.com', 'andoka52', '7704dbf85a859bb5d5846616d38c6462', 2021060309322631);
INSERT INTO public."Cittadini_Registrati" VALUES ('ILEANA', 'PASSARINO', 'PSSLNI04B41A631V', 'ileana.passarino@libero.it', 'ipassarino88', 'd1557d65ee7c29d1ab012f97063c03f6', 2021051512204765);
INSERT INTO public."Cittadini_Registrati" VALUES ('ENZO', 'PLAKU', 'PLKNZE05H20C628Q', 'enzo.plaku@yahoo.it', 'eplaku82', '04b33b568b55b50bb733b884bf82e614', 2021032106035493);
INSERT INTO public."Cittadini_Registrati" VALUES ('MARIO', 'VACCHINA', 'VCCMRA07H24B012D', 'mario.vacchina@gmail.com', 'mvacchina56', 'ffc09a079b61640e0f39eba00abe4052', 2021011919331951);
INSERT INTO public."Cittadini_Registrati" VALUES ('SONJA', 'PAVAN', 'PVNSNJ06R61A511W', 'sonja.pavan@gmail.com', 'spavan85', '1f5bede5d0522709468609df5e58e54e', 2021111605533927);
INSERT INTO public."Cittadini_Registrati" VALUES ('IVO', 'COTTO', 'CTTVIO04R19E170J', 'ivo.cotto@mail.com', 'icotto18', 'fe90c28ff675e368d5a7122bdd7e8814', 2021102814112285);
INSERT INTO public."Cittadini_Registrati" VALUES ('GIANCARLO', 'DIENG', 'DNGGNC04E24G737B', 'giancarlo.dieng@libero.it', 'gdieng39', 'df7f12c6cf5c5356e48a28d8e7ecdfb3', 2021092704373266);
INSERT INTO public."Cittadini_Registrati" VALUES ('AURELIA', 'QUIRICO', 'QRCRLA05L66H883R', 'aurelia.quirico@mail.com', 'aquirico76', '6f470ebc2ca93809baea90ad3937d95b', 2021101814580875);
INSERT INTO public."Cittadini_Registrati" VALUES ('MICAELA', 'MASSA', 'MSSMCL09R47E665X', 'micaela.massa@mail.com', 'mmassa23', '2b196e5530f4b015e30aadf0e3bcf272', 2021060304064189);
INSERT INTO public."Cittadini_Registrati" VALUES ('SAVERIO', 'GRAMAGLIA', 'GRMSVR01A25E102S', 'saverio.gramaglia@outlook.com', 'sgramaglia11', '2154a04d79ddb179fd9acaed653de1c1', 2021030800291938);
INSERT INTO public."Cittadini_Registrati" VALUES ('RITA', 'VENETO', 'VNTRTI00E65L408O', 'rita.veneto@mail.com', 'rveneto51', '17b5f190d06e6f9e11b594841ec74206', 2021080916541938);
INSERT INTO public."Cittadini_Registrati" VALUES ('ANDREA', 'GALLINA', 'GLLNDR00H42E386Y', 'andrea.gallina@libero.it', 'agallina71', '162e17353c73c8f92e511874549a21b1', 2021051418132944);
INSERT INTO public."Cittadini_Registrati" VALUES ('ROSELLA', 'GUZA', 'GZURSL00T57A745L', 'rosella.guza@libero.it', 'rguza54', '02a6a68a3bf1673f6ec7a4e0c6c0fff3', 2021092215321248);
INSERT INTO public."Cittadini_Registrati" VALUES ('AMANDA', 'MARTINETTO', 'MRTMND08T58M101N', 'amanda.martinetto@outlook.com', 'amartinetto12', 'dc116429c6befa5d0cd54ed14f7800c5', 2021070105491443);
INSERT INTO public."Cittadini_Registrati" VALUES ('ILEANA', 'BERRUTI', 'BRRLNI03S59D980J', 'ileana.berruti@libero.it', 'iberruti25', '4518c18235663aeb8f85ee99ab90b9e1', 2021061315322978);
INSERT INTO public."Cittadini_Registrati" VALUES ('MARCO', 'LIMARDI', 'LMRMRC07M21L434C', 'marco.limardi@mail.com', 'mlimardi29', '2f3fe03e1c7d74becae1dc8f9decd335', 2021090816075482);
INSERT INTO public."Cittadini_Registrati" VALUES ('ARBEN', 'POZZATO', 'PZZRBN02B16H314U', 'arben.pozzato@virgilio.com', 'apozzato69', '359364edae75db0bc8baf90048249c4c', 2021101004050264);
INSERT INTO public."Cittadini_Registrati" VALUES ('ANNA', 'FANTINO', 'FNTNNA07S67M335V', 'anna.fantino@yahoo.it', 'afantino91', '2f62673926b04c840a10875c403ae4d3', 2021110117052842);
INSERT INTO public."Cittadini_Registrati" VALUES ('DANTE', 'ROSEO', 'RSODNT09P13D367D', 'dante.roseo@libero.it', 'droseo52', '85e10d27458d11c8916ade7c2e448767', 2021011605201228);
INSERT INTO public."Cittadini_Registrati" VALUES ('FELICE', 'TABAKU', 'TBKFLC03B02A898G', 'felice.tabaku@libero.it', 'ftabaku18', '2ad6c4eba58058b15f9dc4eb184adf90', 2021042600434024);
INSERT INTO public."Cittadini_Registrati" VALUES ('PIERLUIGI', 'SACCO', 'SCCPRL08P19F115C', 'pierluigi.sacco@hotmail.com', 'psacco49', '681c70c7fd107ae8774e30b3bd265092', 2021071910435495);
INSERT INTO public."Cittadini_Registrati" VALUES ('MAURA', 'BOSIO', 'BSOMRA06R43A376A', 'maura.bosio@libero.it', 'mbosio50', '565978c5276dc9faa34306b13ff07481', 2021061615343939);
INSERT INTO public."Cittadini_Registrati" VALUES ('VICTOR', 'CHIUSANO', 'CHSVCT05S04E901R', 'victor.chiusano@mail.com', 'vchiusano44', 'abebc2bdbba62126d197896968c90a7e', 2021062600550240);
INSERT INTO public."Cittadini_Registrati" VALUES ('PIERGIORGIO', 'PALERMO', 'PLRPRG01S02A697H', 'piergiorgio.palermo@yahoo.it', 'ppalermo65', 'b799f44dc0a38fdced52c1ef32400998', 2021052602252178);
INSERT INTO public."Cittadini_Registrati" VALUES ('CHANEL', 'NEGRO', 'NGRCHN00C54I230Z', 'chanel.negro@yahoo.it', 'cnegro75', '13f86ea635dcf9011894ef183b9d775e', 2021040322250628);
INSERT INTO public."Cittadini_Registrati" VALUES ('BEATRICE', 'GASPARIN', 'GSPBTR07E48F958C', 'beatrice.gasparin@outlook.com', 'bgasparin94', 'bef1da837bc4dc00327ef9278e5460e2', 2021030618345440);
INSERT INTO public."Cittadini_Registrati" VALUES ('ARBEN', 'TRIMARCO', 'TRMRBN00D23G889U', 'arben.trimarco@mail.com', 'atrimarco34', 'a4bccb6095deab711ae209e39fb3084b', 2021071417390630);
INSERT INTO public."Cittadini_Registrati" VALUES ('ANGELO', 'ALUFFI', 'LFFNGL01C05I825T', 'angelo.aluffi@libero.it', 'aaluffi31', 'a842b44d00c6c6d4adb5d3dc7ad027f7', 2021013009013387);
INSERT INTO public."Cittadini_Registrati" VALUES ('EDUARD', 'ALOI', 'LAODRD00B10F440Z', 'eduard.aloi@gmail.com', 'ealoi49', '8703b8ca8baef397fdea8b199d6de673', 2021041407055990);
INSERT INTO public."Cittadini_Registrati" VALUES ('ESMERALDA', 'GUZA', 'GZUSMR02A41I362N', 'esmeralda.guza@virgilio.com', 'eguza46', '2fb39cb8d4d6ea059a0a60a5f5dae063', 2021051600331636);
INSERT INTO public."Cittadini_Registrati" VALUES ('DANIELE', 'VIGNALE', 'VGNDNL00T12H630N', 'daniele.vignale@libero.it', 'dvignale46', '788e635e69ee47a4044aabfb24fcd56f', 2021020919510380);
INSERT INTO public."Cittadini_Registrati" VALUES ('MARICA', 'TREVISAN', 'TRVMRC00P52H838V', 'marica.trevisan@yahoo.it', 'mtrevisan96', '0af62ead84f4b53fe908287b2307b52d', 2021092709232637);
INSERT INTO public."Cittadini_Registrati" VALUES ('EVA', 'RAVIZZA', 'RVZVEA06C66C153Z', 'eva.ravizza@outlook.com', 'eravizza15', '1953c0e3ad2769c42daad42dcc28ce18', 2021090715282313);
INSERT INTO public."Cittadini_Registrati" VALUES ('FULVIA', 'SAGLIETTI', 'SGLFLV04L51B088R', 'fulvia.saglietti@mail.com', 'fsaglietti96', 'acfb60d415b4057f17ff14b0d13512ab', 2021060610543855);
INSERT INTO public."Cittadini_Registrati" VALUES ('ANTONELLO', 'DEZZANI', 'DZZNTN06C02C013T', 'antonello.dezzani@libero.it', 'adezzani65', '89dbc4aa7543574c89b04adbf37fdd12', 2021092220371047);
INSERT INTO public."Cittadini_Registrati" VALUES ('AGATA', 'BASILE', 'BSLGTA04M69E342I', 'agata.basile@hotmail.com', 'abasile49', 'ef554681e5c31e996383bd59db5eff24', 2021040303285597);
INSERT INTO public."Cittadini_Registrati" VALUES ('ENDRI', 'GUASCO', 'GSCNDR04M13M152Y', 'endri.guasco@yahoo.it', 'eguasco57', 'b85cf21f66c7a60dfacb0e32416e3170', 2021102004270217);
INSERT INTO public."Cittadini_Registrati" VALUES ('LINO', 'BUSSI', 'BSSLNI03E09L115Y', 'lino.bussi@mail.com', 'lbussi89', 'c5fe36d04d94ee0de2dea17d93682626', 2021092514463046);
INSERT INTO public."Cittadini_Registrati" VALUES ('GINO', 'KASA', 'KSAGNI00S01G324O', 'gino.kasa@libero.it', 'gkasa53', 'b0693c523e9dd60dfeebefa403965795', 2021040414420543);
INSERT INTO public."Cittadini_Registrati" VALUES ('IRENE', 'RICCI', 'RCCRNI05C41G350Q', 'irene.ricci@hotmail.com', 'iricci56', '66c366760510c7251d8241a156b38bca', 2021031705292192);
INSERT INTO public."Cittadini_Registrati" VALUES ('MARIANO', 'PACE', 'PCAMRN03R23D038I', 'mariano.pace@libero.it', 'mpace81', 'dabd160530a0944bd3ce76573407ae0e', 2021062421544169);
INSERT INTO public."Cittadini_Registrati" VALUES ('EMMA', 'BORELLO', 'BRLMME00S66L225Q', 'emma.borello@mail.com', 'eborello25', '2420e260977992db0a584ae9026f642a', 2021041702103515);
INSERT INTO public."Cittadini_Registrati" VALUES ('AMEDEO', 'MARKU', 'MRKMDA01E21H373T', 'amedeo.marku@mail.com', 'amarku14', '6f1076ac9b0ed76c0b0d7104ee430935', 2021031100450443);
INSERT INTO public."Cittadini_Registrati" VALUES ('ELENA', 'CAGGIANO', 'CGGLNE00M68B014N', 'elena.caggiano@outlook.com', 'ecaggiano82', '4dabc592eead726365a8825dffe14986', 2021111104081933);
INSERT INTO public."Cittadini_Registrati" VALUES ('TERESIO', 'IVALDI', 'VLDTRS00B05E607T', 'teresio.ivaldi@gmail.com', 'tivaldi50', '2f71e205f3400939f411775c827d412c', 2021031809331015);
INSERT INTO public."Cittadini_Registrati" VALUES ('DILETTA', 'OLIVIERI', 'LVRDLT07P59B123C', 'diletta.olivieri@gmail.com', 'dolivieri14', '00b8b44e2c933ba4c94d9974a53d1917', 2021020912472593);
INSERT INTO public."Cittadini_Registrati" VALUES ('VITO', 'LAROCCA', 'LRCVTI09H04G418K', 'vito.larocca@outlook.com', 'vlarocca57', '27d1ae6fbd4c33b86d8abe937cec7897', 2020123120195344);
INSERT INTO public."Cittadini_Registrati" VALUES ('GAETANO', 'SALAMONE', 'SLMGTN09S24F305C', 'gaetano.salamone@libero.it', 'gsalamone54', '287cca5ba3fd42f3e50d990ad7be262e', 2021031505344790);
INSERT INTO public."Cittadini_Registrati" VALUES ('EDDA', 'MORRA', 'MRRDDE00T41I986Y', 'edda.morra@libero.it', 'emorra53', 'e2f7ebb7226828b1c9310b5a96e8b5f1', 2021032523223646);
INSERT INTO public."Cittadini_Registrati" VALUES ('LAURETTA', 'MAGNONE', 'MGNLRT03P59D949I', 'lauretta.magnone@libero.it', 'lmagnone35', 'cbd20be3cd9e8be06227af0dfe858471', 2021011101480110);
INSERT INTO public."Cittadini_Registrati" VALUES ('REBECCA', 'FIORA', 'FRIRBC00H46E364B', 'rebecca.fiora@mail.com', 'rfiora20', '850106058be11f94176047011ae2df32', 2021042711263627);
INSERT INTO public."Cittadini_Registrati" VALUES ('ANA', 'BASILE', 'BSLNAA06M66E317H', 'ana.basile@gmail.com', 'abasile73', 'bb6857dd9bccc82776b221db603b7766', 2021061619512634);
INSERT INTO public."Cittadini_Registrati" VALUES ('IRIS', 'VACCANEO', 'VCCRSI03D50M394E', 'iris.vaccaneo@virgilio.com', 'ivaccaneo42', 'f7044d80bcc80fb58fb5708552f943df', 2021033123571811);
INSERT INTO public."Cittadini_Registrati" VALUES ('IOLANDA', 'BRUNO', 'BRNLND03H70M070R', 'iolanda.bruno@mail.com', 'ibruno41', 'dfd090693efd90b02e6717073b648137', 2021051201241032);
INSERT INTO public."Cittadini_Registrati" VALUES ('OLIVIA', 'CADEDDU', 'CDDLVO04R70L752F', 'olivia.cadeddu@libero.it', 'ocadeddu89', '2f33bc7d60c2d7af7ded5915438d52f5', 2021030700201429);
INSERT INTO public."Cittadini_Registrati" VALUES ('LUISA', 'VACCANEO', 'VCCLSU07T67B484C', 'luisa.vaccaneo@mail.com', 'lvaccaneo19', '57ccbd1080c719e94393a89cb1ba9fb4', 2021090819404778);
INSERT INTO public."Cittadini_Registrati" VALUES ('GHEORGHE', 'VIGNALE', 'VGNGHR02E19F783R', 'gheorghe.vignale@libero.it', 'gvignale50', 'd4e739c5356fce5c1a4b9a134e49f616', 2021012208350899);
INSERT INTO public."Cittadini_Registrati" VALUES ('LAURA', 'COLOMBO', 'CLMLRA09T57C678M', 'laura.colombo@hotmail.com', 'lcolombo87', 'fa77e5a4d41b68583acb138a04bdd277', 2021100718073534);
INSERT INTO public."Cittadini_Registrati" VALUES ('GIUDITTA', 'MUSSA', 'MSSGDT03H51F884R', 'giuditta.mussa@libero.it', 'gmussa85', '012cc2fa7420c2349a626af0b5ae98da', 2021072623543960);
INSERT INTO public."Cittadini_Registrati" VALUES ('ANTONELLA', 'HU', 'HUXNTN06C70L826N', 'antonella.hu@gmail.com', 'ahu23', '0fe4b65b6639bedc235553a696543e25', 2021102320354596);
INSERT INTO public."Cittadini_Registrati" VALUES ('MATTIA', 'CAPELLO', 'CPLMTT04S14L784L', 'mattia.capello@yahoo.it', 'mcapello45', '70165f18a118787593068903ce5a5363', 2021022521142059);
INSERT INTO public."Cittadini_Registrati" VALUES ('DANILO', 'FALCONE', 'FLCDNL08S18A118U', 'danilo.falcone@mail.com', 'dfalcone48', '9b5bb36ebf156f44336cee69717a257e', 2021021218510588);
INSERT INTO public."Cittadini_Registrati" VALUES ('CONCETTA', 'SCAGLIA', 'SCGCNC01H65G634U', 'concetta.scaglia@yahoo.it', 'cscaglia77', 'ec73c6490f9902521e46a9323f19bca5', 2021081711192292);
INSERT INTO public."Cittadini_Registrati" VALUES ('KATIUSCIA', 'DRAGO', 'DRGKTS03D57B346L', 'katiuscia.drago@libero.it', 'kdrago47', 'b15a24d3aba85844db96c3497a35ac2b', 2021091301155880);
INSERT INTO public."Cittadini_Registrati" VALUES ('BRUNA', 'BAJRAMI', 'BJRBRN01R55F711M', 'bruna.bajrami@virgilio.com', 'bbajrami46', 'd4061b8d5c0c1a6ecd28c5209acef8b0', 2021091002152031);
INSERT INTO public."Cittadini_Registrati" VALUES ('YOUSSEF', 'RUOTOLO', 'RTLYSS06M08M180U', 'youssef.ruotolo@gmail.com', 'yruotolo83', '9fa953032060fa64fe60c01c60809516', 2021091407145612);
INSERT INTO public."Cittadini_Registrati" VALUES ('CESARE', 'RUSCALLA', 'RSCCSR03D16I858K', 'cesare.ruscalla@mail.com', 'cruscalla99', '7b1e9812feea3d653bc4e0a64bd8593d', 2021032617381182);
INSERT INTO public."Cittadini_Registrati" VALUES ('GERMANO', 'RABEZZANA', 'RBZGRM06D30D144O', 'germano.rabezzana@gmail.com', 'grabezzana32', '417a3d33271f40821c2acb60434fb2c7', 2021052018344532);
INSERT INTO public."Cittadini_Registrati" VALUES ('LUIS', 'ROMAGNOLO', 'RMGLSU05R25E102M', 'luis.romagnolo@libero.it', 'lromagnolo41', '36f6d9e49dda0721f94c46439873f30b', 2021083113112418);
INSERT INTO public."Cittadini_Registrati" VALUES ('DENIS', 'GAVELLO', 'GVLDNS04T09H505Y', 'denis.gavello@hotmail.com', 'dgavello39', '5a5c0db9e99f72d61c4d950cd79d2677', 2021110808514320);
INSERT INTO public."Cittadini_Registrati" VALUES ('SAMANTHA', 'POZZATO', 'PZZSMN07H52M119N', 'samantha.pozzato@virgilio.com', 'spozzato34', '5446996edea259e7ce8792d80eff7e69', 2021070118162816);
INSERT INTO public."Cittadini_Registrati" VALUES ('AMINA', 'SHAHINI', 'SHHMNA00B41C293S', 'amina.shahini@virgilio.com', 'ashahini96', '50a45b903809d73903811d62b9741479', 2021012619005547);
INSERT INTO public."Cittadini_Registrati" VALUES ('EVA', 'MONTERSINO', 'MNTVEA08M47I812A', 'eva.montersino@gmail.com', 'emontersino99', '4475be248d1d3bd46bf946ddc1816f11', 2021060816055278);
INSERT INTO public."Cittadini_Registrati" VALUES ('CHIARA', 'BIANCHI', 'BNCCHR05P42G603W', 'chiara.bianchi@gmail.com', 'cbianchi77', 'edecb4ffc4d15e3021ef4accc30c1b54', 2021081508232331);
INSERT INTO public."Cittadini_Registrati" VALUES ('ANNUNZIATA', 'VACCANEO', 'VCCNNN05B65C785Y', 'annunziata.vaccaneo@virgilio.com', 'avaccaneo70', '07a64ed06d7ad2d576279cda47b95edb', 2021042600490193);
INSERT INTO public."Cittadini_Registrati" VALUES ('KLEA', 'PORRO', 'PRRKLE05M57D930Q', 'klea.porro@virgilio.com', 'kporro47', '4c718879f652756f8809dcbe437a81b0', 2021070908523528);
INSERT INTO public."Cittadini_Registrati" VALUES ('FLORA', 'CANTINO', 'CNTFLR04T63C982W', 'flora.cantino@mail.com', 'fcantino64', '972b19c71e7c4f3443bf45eaa3425b50', 2021110902243514);
INSERT INTO public."Cittadini_Registrati" VALUES ('ELENA', 'PISCOPO', 'PSCLNE01L42D286D', 'elena.piscopo@virgilio.com', 'episcopo60', 'e13b4cc0e035ff1f5d99451a93eb2095', 2021092105171939);
INSERT INTO public."Cittadini_Registrati" VALUES ('ZOE', 'GIACCONE', 'GCCZOE09D64L547J', 'zoe.giaccone@libero.it', 'zgiaccone27', 'e98dbf5c987118bd0e25a157f69c54d9', 2021102609330678);
INSERT INTO public."Cittadini_Registrati" VALUES ('MIMOZA', 'TOSO', 'TSOMMZ08P43A687F', 'mimoza.toso@mail.com', 'mtoso82', '7c511efadc3c1c1efb047d21f7cd8518', 2021110200265759);
INSERT INTO public."Cittadini_Registrati" VALUES ('EMANUELA', 'GHI', 'GHIMNL08D69G869X', 'emanuela.ghi@yahoo.it', 'eghi60', 'bd443df5e2bbcbd8dbd601e0def51962', 2021053108184182);
INSERT INTO public."Cittadini_Registrati" VALUES ('PASQUALE', 'GHI', 'GHIPSQ00C02E654Y', 'pasquale.ghi@virgilio.com', 'pghi42', 'f9a7dac1197a8ea6662c5dbd2c10476e', 2021090413161022);
INSERT INTO public."Cittadini_Registrati" VALUES ('MANUEL', 'DAMIANO', 'DMNMNL03P01M383T', 'manuel.damiano@mail.com', 'mdamiano59', '2f9ff24e0423c44a348d70380781f710', 2021031306422011);
INSERT INTO public."Cittadini_Registrati" VALUES ('MARIALUISA', 'LIMARDI', 'LMRMRL08M61E994B', 'marialuisa.limardi@yahoo.it', 'mlimardi72', '97f3cd176c5564c84c0f327b60168680', 2021013009065811);
INSERT INTO public."Cittadini_Registrati" VALUES ('IRIS', 'DACASTO', 'DCSRSI08M41G040X', 'iris.dacasto@gmail.com', 'idacasto86', '335494634bb6ab2f5953b2f76412a28f', 2021040220230239);
INSERT INTO public."Cittadini_Registrati" VALUES ('LUDOVICA', 'TINEBRA', 'TNBLDV05E69H799G', 'ludovica.tinebra@outlook.com', 'ltinebra82', '0eeb9c9e9f378061ad177e50cc27e5fb', 2021082107035161);
INSERT INTO public."Cittadini_Registrati" VALUES ('MAURIZIO', 'BARBERIS', 'BRBMRZ07L06A989J', 'maurizio.barberis@libero.it', 'mbarberis96', 'df81fc8038705622da8ddce284974944', 2021013109172889);
INSERT INTO public."Cittadini_Registrati" VALUES ('SAMUELE', 'NAVONE', 'NVNSML07B13E841V', 'samuele.navone@hotmail.com', 'snavone97', '84c3e8d2c7cd490a59088519817e3b57', 2021101717174634);
INSERT INTO public."Cittadini_Registrati" VALUES ('RAFFAELE', 'NERI', 'NRERFF07S12E265F', 'raffaele.neri@gmail.com', 'rneri26', '3660a71c900b201e15b068bb305f813e', 2021091300535485);
INSERT INTO public."Cittadini_Registrati" VALUES ('PIERPAOLO', 'LANFRANCO', 'LNFPRP06P02G181T', 'pierpaolo.lanfranco@virgilio.com', 'planfranco19', '3fb7bb342a39678908a0ec8ef0f9c8b7', 2021091600331690);
INSERT INTO public."Cittadini_Registrati" VALUES ('NICOLAE', 'GAI', 'GAINCL00B23C796M', 'nicolae.gai@mail.com', 'ngai76', 'a75272ef85da062f4d00d2d01cd26276', 2021081613563223);
INSERT INTO public."Cittadini_Registrati" VALUES ('MARIALUISA', 'PLAKU', 'PLKMRL01A55D588H', 'marialuisa.plaku@gmail.com', 'mplaku33', 'a80a26c1cc70da2857525bf4991e33e2', 2021021604174475);
INSERT INTO public."Cittadini_Registrati" VALUES ('CLELIA', 'CASETTA', 'CSTCLL03M47C563V', 'clelia.casetta@virgilio.com', 'ccasetta24', 'b8a9f59be17c7a337eb6959b69a66cb5', 2021051223433295);
INSERT INTO public."Cittadini_Registrati" VALUES ('ALDA', 'BINELLO', 'BNLLDA05B51C516Z', 'alda.binello@yahoo.it', 'abinello70', '1b5656b86ee96e5ca033ecc92bd8fb72', 2021062123083857);
INSERT INTO public."Cittadini_Registrati" VALUES ('GIANNI', 'CAMERANO', 'CMRGNN04S22F644R', 'gianni.camerano@yahoo.it', 'gcamerano24', '20734a1cd8502402972d49d89eeb25ed', 2021080820571309);
INSERT INTO public."Cittadini_Registrati" VALUES ('MARIA', 'RATTI', 'RTTMRA02B45B653F', 'maria.ratti@outlook.com', 'mratti30', 'eef68111656e8fb2aff17de52b22135a', 2021050315454664);
INSERT INTO public."Cittadini_Registrati" VALUES ('OLGA', 'BERRUTI', 'BRRLGO00E71A799Z', 'olga.berruti@yahoo.it', 'oberruti93', 'd6dad161b8efced790229a25aa049172', 2021051910303469);
INSERT INTO public."Cittadini_Registrati" VALUES ('VITO', 'BIGLIA', 'BGLVTI00L16M412X', 'vito.biglia@gmail.com', 'vbiglia72', '92ca38359c52c82ad0efc04e21376eae', 2021082602382239);
INSERT INTO public."Cittadini_Registrati" VALUES ('FLORIN', 'SCASSA', 'SCSFLR05H13B498R', 'florin.scassa@mail.com', 'fscassa29', '3a4c2e33121cd7919c7ef37e6ba30c44', 2021101911123444);
INSERT INTO public."Cittadini_Registrati" VALUES ('PASQUALE', 'ROVERO', 'RVRPSQ08B28F670I', 'pasquale.rovero@hotmail.com', 'provero41', '4d89e12a80a42366ed5f5fb8e4cf6e27', 2021082619311636);
INSERT INTO public."Cittadini_Registrati" VALUES ('GIULIANO', 'GRAZIANO', 'GRZGLN08S24C396N', 'giuliano.graziano@mail.com', 'ggraziano37', '1d7922428e544de75ff9dbabf7b2ce6b', 2021082211113935);
INSERT INTO public."Cittadini_Registrati" VALUES ('VASILE', 'PARACCHINO', 'PRCVSL04H13D015N', 'vasile.paracchino@gmail.com', 'vparacchino78', '77f9c59f4497794d579d6fe3b525ee72', 2021071222572378);
INSERT INTO public."Cittadini_Registrati" VALUES ('STELLA', 'CAVAGLIA', 'CVGSTL01B54D952E', 'stella.cavaglia@libero.it', 'scavaglia88', 'da64248e022a1a4dfcca0471c366f45d', 2021053118552084);
INSERT INTO public."Cittadini_Registrati" VALUES ('ANNA', 'SCOZZARO', 'SCZNNA03C49A333R', 'anna.scozzaro@gmail.com', 'ascozzaro40', 'bd3cda659ad26fda0bc0c4da1d3c22d9', 2021091705145945);
INSERT INTO public."Cittadini_Registrati" VALUES ('GIROLAMO', 'MASOERO', 'MSRGRL05B24F674S', 'girolamo.masoero@mail.com', 'gmasoero25', '61df1d58f848748d5ce7c9a3e04b0b07', 2021060611211517);
INSERT INTO public."Cittadini_Registrati" VALUES ('GAIA', 'MONTESANO', 'MNTGAI06D69A531N', 'gaia.montesano@yahoo.it', 'gmontesano76', '59f819fdaf161af5b651243b0e17eeac', 2021110800352958);
INSERT INTO public."Cittadini_Registrati" VALUES ('ANGELICA', 'GENTA', 'GNTNGL09M53D239X', 'angelica.genta@gmail.com', 'agenta90', '8a6ebc7c7eb73f304a87ac77e11e95d7', 2021050206294487);
INSERT INTO public."Cittadini_Registrati" VALUES ('NORMA', 'DERVISHI', 'DRVNRM08M52L285L', 'norma.dervishi@outlook.com', 'ndervishi64', '9f430dd59d6c6f9f3563088698982ac0', 2021070322124232);
INSERT INTO public."Cittadini_Registrati" VALUES ('LUCIO', 'FURLANETTO', 'FRLLCU02T02F247T', 'lucio.furlanetto@hotmail.com', 'lfurlanetto59', '8242e3a44e7b269900d3c1d7b6775941', 2021012105034351);
INSERT INTO public."Cittadini_Registrati" VALUES ('ALBINA', 'CASALONE', 'CSLLBN00B58A096X', 'albina.casalone@virgilio.com', 'acasalone68', '05b0b0434d2692905e713f695ca4816c', 2021031518461597);
INSERT INTO public."Cittadini_Registrati" VALUES ('ROSALBA', 'BERSANO', 'BRSRSL02L68E514Y', 'rosalba.bersano@mail.com', 'rbersano37', 'ec3e3d365148e5721319243466e2080d', 2021060609165135);
INSERT INTO public."Cittadini_Registrati" VALUES ('MARIANO', 'BUSSOLINO', 'BSSMRN02H29G867Y', 'mariano.bussolino@libero.it', 'mbussolino22', '1bcd57ff3b887710560f11b3a2f91a3a', 2021042607213256);
INSERT INTO public."Cittadini_Registrati" VALUES ('ROBERTA', 'BRESCIANI', 'BRSRBR08L42H371C', 'roberta.bresciani@gmail.com', 'rbresciani38', 'cbc4693c80856f57fd83d7f70461c998', 2021011321383779);
INSERT INTO public."Cittadini_Registrati" VALUES ('DELIA', 'CURTO', 'CRTDLE08H49A819J', 'delia.curto@libero.it', 'dcurto87', 'e4f8b93a34d7ff3db6f1ecc319bc3243', 2021080917433141);
INSERT INTO public."Cittadini_Registrati" VALUES ('ALMA', 'MERLONE', 'MRLLMA03C52E415K', 'alma.merlone@gmail.com', 'amerlone66', '496cd305b78d72af14b9eb32421f4a25', 2021022716101066);
INSERT INTO public."Cittadini_Registrati" VALUES ('MARTA', 'BULLARI', 'BLLMRT09B48B447O', 'marta.bullari@yahoo.it', 'mbullari28', '7c3e792f11c3766fa7a92de0537b8e50', 2021102100300228);
INSERT INTO public."Cittadini_Registrati" VALUES ('ROSALBA', 'ASCHIERO', 'SCHRSL09P61C839F', 'rosalba.aschiero@outlook.com', 'raschiero34', 'e89a6733701ddb7e2c8a1acbbe8f1106', 2021042810431211);
INSERT INTO public."Cittadini_Registrati" VALUES ('JACOPO', 'PASSARINO', 'PSSJCP04S29C730V', 'jacopo.passarino@outlook.com', 'jpassarino93', 'cd6faad4850adfae6aa64ccb45a6a925', 2021010720554382);
INSERT INTO public."Cittadini_Registrati" VALUES ('NAIMA', 'DELPERO', 'DLPNMA07A60E600K', 'naima.delpero@outlook.com', 'ndelpero20', '5ff6dac4d2e7edc59d53ce888f01148a', 2021092314474691);
INSERT INTO public."Cittadini_Registrati" VALUES ('MICHAEL', 'LANGELLA', 'LNGMCH00H18G574Z', 'michael.langella@yahoo.it', 'mlangella42', '3ed5151a5d9a3d2e117c8fa5138b5066', 2021110615094151);
INSERT INTO public."Cittadini_Registrati" VALUES ('ANTONINO', 'MARTINENGO', 'MRTNTN02R08L544A', 'antonino.martinengo@virgilio.com', 'amartinengo91', '22999246b39ede3365a73ce0db7127a9', 2021012920075027);
INSERT INTO public."Cittadini_Registrati" VALUES ('EMILY', 'CHEN', 'CHNMLY01P50L285Q', 'emily.chen@virgilio.com', 'echen78', 'dcb54848d6beb55fa75fee34de504c49', 2021081505092145);
INSERT INTO public."Cittadini_Registrati" VALUES ('VIOLA', 'SPERETTA', 'SPRVLI04C65M101F', 'viola.speretta@outlook.com', 'vsperetta96', 'aa2bbe75779cf40de1f12a07f3184d1e', 2021073108113553);
INSERT INTO public."Cittadini_Registrati" VALUES ('ROSALIA', 'MORINO', 'MRNRSL07R55A159Z', 'rosalia.morino@yahoo.it', 'rmorino50', '2ede2de05dbc7b32ea1ecca7a8da98b0', 2021010816531542);
INSERT INTO public."Cittadini_Registrati" VALUES ('SEBASTIANO', 'TERMINI', 'TRMSBS00B19G475N', 'sebastiano.termini@mail.com', 'stermini84', 'd50c659b16a2f5e519d455f810516c01', 2021022406051078);
INSERT INTO public."Cittadini_Registrati" VALUES ('ERNESTINA', 'MASSASSO', 'MSSRNS03D70A870T', 'ernestina.massasso@virgilio.com', 'emassasso92', '5c200b360c3e9e32da5d726a91da7149', 2021110815075321);
INSERT INTO public."Cittadini_Registrati" VALUES ('GIOVANNI', 'CAVALLARO', 'CVLGVN09E29G185Y', 'giovanni.cavallaro@mail.com', 'gcavallaro28', '4cf7c5172751dccb828ee63f22ae8ffe', 2021031723114437);
INSERT INTO public."Cittadini_Registrati" VALUES ('DANIEL', 'GRECO', 'GRCDNL07M05B824L', 'daniel.greco@libero.it', 'dgreco19', 'c05d2fd7da37c8e2076b87982afcfe65', 2021071003472843);
INSERT INTO public."Cittadini_Registrati" VALUES ('NATALINA', 'VISCONTI', 'VSCNTL07P65L535L', 'natalina.visconti@outlook.com', 'nvisconti70', '5f8a8c883f277a797dcbcf8e3d555888', 2021051905213042);
INSERT INTO public."Cittadini_Registrati" VALUES ('MIMOZA', 'CAVALLERO', 'CVLMMZ04L53I994X', 'mimoza.cavallero@gmail.com', 'mcavallero84', 'ce0e9114ff8f6b65d4ba40bfa2ad4d51', 2021102909421521);
INSERT INTO public."Cittadini_Registrati" VALUES ('VIOLA', 'LUKAJ', 'LKJVLI02T63L071N', 'viola.lukaj@gmail.com', 'vlukaj69', '3401b6a7df63f9c9d37948efa8d02f66', 2021083012182884);
INSERT INTO public."Cittadini_Registrati" VALUES ('ASSUNTA', 'VIARENGO', 'VRNSSN02E57G001B', 'assunta.viarengo@outlook.com', 'aviarengo80', 'c04ce16b9af3a2228001d4c20102a819', 2021092119213545);
INSERT INTO public."Cittadini_Registrati" VALUES ('KATIUSCIA', 'CERRATO', 'CRRKTS06R48A816P', 'katiuscia.cerrato@outlook.com', 'kcerrato81', 'bb38e3d6568c12dc34bcd1dccb1c81f3', 2021040201133333);
INSERT INTO public."Cittadini_Registrati" VALUES ('VINCENZA', 'PISCOPO', 'PSCVNC08H52A791B', 'vincenza.piscopo@mail.com', 'vpiscopo49', '44574c8a7984127b99f0732c9d449c1a', 2021062616022293);
INSERT INTO public."Cittadini_Registrati" VALUES ('JENNIFER', 'BALBO', 'BLBJNN02H50B166X', 'jennifer.balbo@mail.com', 'jbalbo12', '2e614eba724fcce52aed045e4f7b8cb9', 2021072816085151);
INSERT INTO public."Cittadini_Registrati" VALUES ('ENZA', 'GIACCONE', 'GCCNZE00R61F884O', 'enza.giaccone@gmail.com', 'egiaccone50', 'cdc0bdd0bd2646d70ef5854214aff02f', 2021050308520597);
INSERT INTO public."Cittadini_Registrati" VALUES ('EMANUEL', 'BIANCO', 'BNCMNL05L05D327J', 'emanuel.bianco@gmail.com', 'ebianco29', '13a80800483a0c67a1090a853949e54b', 2021050520343686);
INSERT INTO public."Cittadini_Registrati" VALUES ('VINCENZA', 'POLLINA', 'PLLVNC09D52B900H', 'vincenza.pollina@hotmail.com', 'vpollina22', 'b42480596e2cd6f7e84af0c9ca0ca160', 2021010521320966);
INSERT INTO public."Cittadini_Registrati" VALUES ('TERESINA', 'LAZZARO', 'LZZTRS03S43H521Q', 'teresina.lazzaro@yahoo.it', 'tlazzaro57', 'd3e4bab0ef0c6450ad9e3ebcf3baa026', 2021100720312134);
INSERT INTO public."Cittadini_Registrati" VALUES ('COSIMA', 'REKA', 'RKECSM06D70E856O', 'cosima.reka@virgilio.com', 'creka47', '687826b680172ee957b58b35880be918', 2021070212544021);
INSERT INTO public."Cittadini_Registrati" VALUES ('STEFANO', 'FERRANTE', 'FRRSTF08H27G710P', 'stefano.ferrante@outlook.com', 'sferrante80', '3db55bfbeca1dacc97e1917c28f6f55d', 2021072819253137);
INSERT INTO public."Cittadini_Registrati" VALUES ('GIOELE', 'STELLA', 'STLGLI06E06H918C', 'gioele.stella@libero.it', 'gstella89', 'e76c2eb71738f2466d805ed51a46d3da', 2021111611285036);
INSERT INTO public."Cittadini_Registrati" VALUES ('VITA', 'CUNIBERTI', 'CNBVTI03M51A995B', 'vita.cuniberti@gmail.com', 'vcuniberti13', '0dd402bfb9881c1881b1841a593387c4', 2021102112372734);
INSERT INTO public."Cittadini_Registrati" VALUES ('MIRELLA', 'RUSSO', 'RSSMRL06R43A986J', 'mirella.russo@gmail.com', 'mrusso84', '5c0fe4f06105bfcd0f174fb5ac64ff7c', 2021092420551194);
INSERT INTO public."Cittadini_Registrati" VALUES ('SABINA', 'VEILUVA', 'VLVSBN02L56H537Z', 'sabina.veiluva@virgilio.com', 'sveiluva80', '7d4579d6ff343d496c7f4374dfae753c', 2021110619550066);
INSERT INTO public."Cittadini_Registrati" VALUES ('GIULIO', 'MARENGO', 'MRNGLI06A08A058V', 'giulio.marengo@yahoo.it', 'gmarengo31', '1c75ce038753526d6c5a8c0ec29807b5', 2021033104340982);
INSERT INTO public."Cittadini_Registrati" VALUES ('LUISA', 'PICCOLO', 'PCCLSU04M57B187U', 'luisa.piccolo@yahoo.it', 'lpiccolo42', 'c86ee0dd5607f2da426e9e5f18bcf527', 2021061215070565);
INSERT INTO public."Cittadini_Registrati" VALUES ('JACOPO', 'URUCI', 'RCUJCP04P14L276H', 'jacopo.uruci@hotmail.com', 'juruci84', '57cc27eb974f909c182665fa63f97252', 2021042201572404);
INSERT INTO public."Cittadini_Registrati" VALUES ('LUIGI', 'BERARDI', 'BRRLGU07B26L468L', 'luigi.berardi@yahoo.it', 'lberardi54', '9c78e7905b02def6b3ea1dd987285171', 2021012122571098);
INSERT INTO public."Cittadini_Registrati" VALUES ('MARIATERESA', 'DUSHKU', 'DSHMRT09B68F681O', 'mariateresa.dushku@mail.com', 'mdushku11', 'fe9fccc687c7342c8b72d0cd963cf9e5', 2021090201505172);
INSERT INTO public."Cittadini_Registrati" VALUES ('MARISTELLA', 'ZANAGA', 'ZNGMRS04R58B346X', 'maristella.zanaga@outlook.com', 'mzanaga35', 'bf1254768149ad04c13537f04e5dc262', 2021111710164230);
INSERT INTO public."Cittadini_Registrati" VALUES ('VALERIA', 'ROERO', 'RROVLR06E56M372P', 'valeria.roero@libero.it', 'vroero78', '173eb2bdedb1b17248c71f049b67c0d1', 2021040319372998);
INSERT INTO public."Cittadini_Registrati" VALUES ('MATTIA', 'SANTORO', 'SNTMTT07A30E089B', 'mattia.santoro@virgilio.com', 'msantoro73', '04b45052838d523862ca85e6b2298706', 2021011600563093);
INSERT INTO public."Cittadini_Registrati" VALUES ('GIACOMO', 'INGRAO', 'NGRGCM06M10D594O', 'giacomo.ingrao@outlook.com', 'gingrao26', 'b1b485343d86035f35a3a707e4e665ef', 2021020802382849);
INSERT INTO public."Cittadini_Registrati" VALUES ('OLIVIA', 'PRECI', 'PRCLVO03R49B228U', 'olivia.preci@libero.it', 'opreci27', '8816f6de6dff74047d1c10cbfc3b67a7', 2021051903540835);
INSERT INTO public."Cittadini_Registrati" VALUES ('SAVERIO', 'SEGA', 'SGESVR04P09C033K', 'saverio.sega@virgilio.com', 'ssega93', '5e24d894b72671935a8b3a4fefe19001', 2021082319342047);
INSERT INTO public."Cittadini_Registrati" VALUES ('PIERINA', 'HAFDI', 'HFDPRN07C68G907R', 'pierina.hafdi@outlook.com', 'phafdi92', '6adc1bf68f2d4e57363f6d9550ba6737', 2021040912212315);
INSERT INTO public."Cittadini_Registrati" VALUES ('DANIELA', 'FALLETTA', 'FLLDNL03L46G026J', 'daniela.falletta@libero.it', 'dfalletta96', 'e25332b32a209c1d36235cea87b37690', 2021111821020280);
INSERT INTO public."Cittadini_Registrati" VALUES ('MADDALENA', 'BORIO', 'BROMDD07D69H026N', 'maddalena.borio@hotmail.com', 'mborio73', '3db92241a6a7163f31ddaed73d44cb57', 2021031605502952);
INSERT INTO public."Cittadini_Registrati" VALUES ('MASSIMO', 'MARTINENGO', 'MRTMSS07C31L330Z', 'massimo.martinengo@hotmail.com', 'mmartinengo75', '2bef07aabd409529df5d5a53a5d14e03', 2021110413210970);
INSERT INTO public."Cittadini_Registrati" VALUES ('PRANVERA', 'SCAGLIA', 'SCGPRN02H43L826N', 'pranvera.scaglia@libero.it', 'pscaglia29', '8519abf10e1e96a8d7890af2dfc8eb61', 2021040510251934);
INSERT INTO public."Cittadini_Registrati" VALUES ('TERESA', 'TINEBRA', 'TNBTRS05C44A153E', 'teresa.tinebra@hotmail.com', 'ttinebra21', 'a1b81a27c73e9d02abb00cc43914575f', 2021061609013758);
INSERT INTO public."Cittadini_Registrati" VALUES ('LUCIANO', 'GIOVANE', 'GVNLCN05D22G407H', 'luciano.giovane@libero.it', 'lgiovane84', 'e4001887441a9220ac32938658234bfc', 2021012511501218);
INSERT INTO public."Cittadini_Registrati" VALUES ('ALESSIA', 'PELLITTERI', 'PLLLSS08H65L563L', 'alessia.pellitteri@libero.it', 'apellitteri36', 'eb3482fa453843c587638aef199faa5e', 2021060809480967);
INSERT INTO public."Cittadini_Registrati" VALUES ('GIANNA', 'CARIA', 'CRAGNN01P48M102D', 'gianna.caria@gmail.com', 'gcaria45', 'feabb5ef18f499f9051c6e6e8fa1371a', 2021042013503355);
INSERT INTO public."Cittadini_Registrati" VALUES ('PIERPAOLO', 'BARBERIS', 'BRBPRP06P22A167R', 'pierpaolo.barberis@gmail.com', 'pbarberis64', 'e68b20493b4f5a671c7c6ba19baaa72b', 2021091218251573);
INSERT INTO public."Cittadini_Registrati" VALUES ('OMAR', 'QUIRICO', 'QRCMRO07S19I599Z', 'omar.quirico@outlook.com', 'oquirico14', '8ae558cac4be90ad5c32c782f81f6739', 2021040510430167);
INSERT INTO public."Cittadini_Registrati" VALUES ('GAETANO', 'LAMATTINA', 'LMTGTN08B10A815D', 'gaetano.lamattina@libero.it', 'glamattina23', '19ed28c6c982988575f8a82677460a7d', 2021092309551362);
INSERT INTO public."Cittadini_Registrati" VALUES ('FILOMENA', 'VACCANEO', 'VCCFLM00R53I437S', 'filomena.vaccaneo@yahoo.it', 'fvaccaneo96', '1f985cb06806bc7b43ff49487f828b31', 2021052319360147);
INSERT INTO public."Cittadini_Registrati" VALUES ('SABRINA', 'SARDO', 'SRDSBR00A44I801J', 'sabrina.sardo@virgilio.com', 'ssardo51', 'c86804777e42952a65074ba40d93c9ab', 2021052819395429);


--
-- TOC entry 3432 (class 0 OID 84708)
-- Dependencies: 204
-- Data for Name: EventiAvversi; Type: TABLE DATA; Schema: public; Owner: postgres
--

INSERT INTO public."EventiAvversi" VALUES (2021051500242095, 'dolori muscolari e articolari', 4, 'Evento di tipo: dolori muscolari e articolari');
INSERT INTO public."EventiAvversi" VALUES (2021051500242095, 'mal di testa', 2, '');
INSERT INTO public."EventiAvversi" VALUES (2021100304143819, 'tachicardia', 2, '');
INSERT INTO public."EventiAvversi" VALUES (2021061616295911, 'dolori muscolari e articolari', 4, '');
INSERT INTO public."EventiAvversi" VALUES (2021061616295911, 'tachicardia', 3, 'Evento di tipo: tachicardia');
INSERT INTO public."EventiAvversi" VALUES (2021081623181738, 'mal di testa', 1, '');
INSERT INTO public."EventiAvversi" VALUES (2021081623181738, 'crisi chipertensiva', 4, 'Evento: crisi chipertensiva ha una severita di: 4');
INSERT INTO public."EventiAvversi" VALUES (2021081623181738, 'dolori muscolari e articolari', 5, '');
INSERT INTO public."EventiAvversi" VALUES (2021081623181738, 'linfoadenopatia', 5, '');
INSERT INTO public."EventiAvversi" VALUES (2021111210034478, 'febbre', 5, '');
INSERT INTO public."EventiAvversi" VALUES (2021061420563790, 'linfoadenopatia', 3, '');
INSERT INTO public."EventiAvversi" VALUES (2021061420563790, 'febbre', 5, '');
INSERT INTO public."EventiAvversi" VALUES (2021061420563790, 'crisi chipertensiva', 3, 'Questo evento ha severita: 3');
INSERT INTO public."EventiAvversi" VALUES (2021061420563790, 'tachicardia', 4, 'Evento: tachicardia ha una severita di: 4');
INSERT INTO public."EventiAvversi" VALUES (2021061420563790, 'mal di testa', 1, 'Evento di tipo: mal di testa');
INSERT INTO public."EventiAvversi" VALUES (2021020607214979, 'linfoadenopatia', 3, 'Questo evento ha severita: 3');
INSERT INTO public."EventiAvversi" VALUES (2021020607214979, 'febbre', 5, 'Questo evento ha severita: 5');
INSERT INTO public."EventiAvversi" VALUES (2021020607214979, 'tachicardia', 4, '');
INSERT INTO public."EventiAvversi" VALUES (2021020607214979, 'dolori muscolari e articolari', 5, '');
INSERT INTO public."EventiAvversi" VALUES (2021020607214979, 'crisi chipertensiva', 5, 'Evento di tipo: crisi chipertensiva');
INSERT INTO public."EventiAvversi" VALUES (2021111920285722, 'crisi chipertensiva', 1, '');
INSERT INTO public."EventiAvversi" VALUES (2021111920285722, 'febbre', 5, '');
INSERT INTO public."EventiAvversi" VALUES (2021111920285722, 'dolori muscolari e articolari', 5, '');
INSERT INTO public."EventiAvversi" VALUES (2021022017381646, 'mal di testa', 1, '');
INSERT INTO public."EventiAvversi" VALUES (2021022017381646, 'crisi chipertensiva', 3, 'Evento di tipo: crisi chipertensiva');
INSERT INTO public."EventiAvversi" VALUES (2021022017381646, 'tachicardia', 3, '');
INSERT INTO public."EventiAvversi" VALUES (2021022017381646, 'dolori muscolari e articolari', 5, '');
INSERT INTO public."EventiAvversi" VALUES (2021022017381646, 'febbre', 1, '');
INSERT INTO public."EventiAvversi" VALUES (2021030521580125, 'linfoadenopatia', 3, '');
INSERT INTO public."EventiAvversi" VALUES (2021030521580125, 'tachicardia', 3, 'Evento: tachicardia ha una severita di: 3');
INSERT INTO public."EventiAvversi" VALUES (2021041417593811, 'mal di testa', 1, '');
INSERT INTO public."EventiAvversi" VALUES (2021041417593811, 'crisi chipertensiva', 4, '');
INSERT INTO public."EventiAvversi" VALUES (2021072923190976, 'tachicardia', 4, 'Evento di tipo: tachicardia');
INSERT INTO public."EventiAvversi" VALUES (2021072923190976, 'mal di testa', 1, 'Questo evento ha severita: 1');
INSERT INTO public."EventiAvversi" VALUES (2021072923190976, 'febbre', 2, '');
INSERT INTO public."EventiAvversi" VALUES (2021072923190976, 'linfoadenopatia', 5, '');
INSERT INTO public."EventiAvversi" VALUES (2021072923190976, 'dolori muscolari e articolari', 2, 'Evento di tipo: dolori muscolari e articolari');
INSERT INTO public."EventiAvversi" VALUES (2021020618140536, 'mal di testa', 2, '');
INSERT INTO public."EventiAvversi" VALUES (2021021215372879, 'mal di testa', 2, '');
INSERT INTO public."EventiAvversi" VALUES (2021061608084665, 'tachicardia', 2, '');
INSERT INTO public."EventiAvversi" VALUES (2021061608084665, 'febbre', 5, '');
INSERT INTO public."EventiAvversi" VALUES (2021061913265229, 'crisi chipertensiva', 1, '');
INSERT INTO public."EventiAvversi" VALUES (2021061913265229, 'linfoadenopatia', 3, '');
INSERT INTO public."EventiAvversi" VALUES (2021061913265229, 'febbre', 5, '');
INSERT INTO public."EventiAvversi" VALUES (2021050413433132, 'crisi chipertensiva', 1, 'Evento: crisi chipertensiva ha una severita di: 1');
INSERT INTO public."EventiAvversi" VALUES (2021050413433132, 'dolori muscolari e articolari', 3, 'Evento: dolori muscolari e articolari ha una severita di: 3');
INSERT INTO public."EventiAvversi" VALUES (2021050413433132, 'tachicardia', 3, '');
INSERT INTO public."EventiAvversi" VALUES (2021050413433132, 'febbre', 5, 'Evento di tipo: febbre');
INSERT INTO public."EventiAvversi" VALUES (2021030216293074, 'tachicardia', 2, 'Questo evento ha severita: 2');
INSERT INTO public."EventiAvversi" VALUES (2021030216293074, 'febbre', 5, '');
INSERT INTO public."EventiAvversi" VALUES (2021030216293074, 'dolori muscolari e articolari', 5, 'Evento: dolori muscolari e articolari ha una severita di: 5');
INSERT INTO public."EventiAvversi" VALUES (2021060614365466, 'crisi chipertensiva', 1, '');
INSERT INTO public."EventiAvversi" VALUES (2021091818523751, 'linfoadenopatia', 3, '');
INSERT INTO public."EventiAvversi" VALUES (2021041114403237, 'dolori muscolari e articolari', 3, '');
INSERT INTO public."EventiAvversi" VALUES (2021041114403237, 'linfoadenopatia', 4, '');
INSERT INTO public."EventiAvversi" VALUES (2021041114403237, 'mal di testa', 1, '');
INSERT INTO public."EventiAvversi" VALUES (2021041114403237, 'crisi chipertensiva', 3, 'Evento di tipo: crisi chipertensiva');
INSERT INTO public."EventiAvversi" VALUES (2021041114403237, 'febbre', 1, '');
INSERT INTO public."EventiAvversi" VALUES (2021032515422082, 'mal di testa', 2, '');
INSERT INTO public."EventiAvversi" VALUES (2021032515422082, 'tachicardia', 3, '');
INSERT INTO public."EventiAvversi" VALUES (2021032515422082, 'febbre', 2, '');
INSERT INTO public."EventiAvversi" VALUES (2021032515422082, 'crisi chipertensiva', 4, '');
INSERT INTO public."EventiAvversi" VALUES (2021032515422082, 'linfoadenopatia', 5, 'Evento di tipo: linfoadenopatia');
INSERT INTO public."EventiAvversi" VALUES (2021100301425884, 'febbre', 5, '');
INSERT INTO public."EventiAvversi" VALUES (2021100301425884, 'dolori muscolari e articolari', 5, '');
INSERT INTO public."EventiAvversi" VALUES (2021031103582355, 'tachicardia', 4, 'Questo evento ha severita: 4');
INSERT INTO public."EventiAvversi" VALUES (2021031103582355, 'crisi chipertensiva', 2, '');
INSERT INTO public."EventiAvversi" VALUES (2021070405195230, 'crisi chipertensiva', 1, '');
INSERT INTO public."EventiAvversi" VALUES (2021070405195230, 'dolori muscolari e articolari', 3, '');
INSERT INTO public."EventiAvversi" VALUES (2021070405195230, 'tachicardia', 3, 'Evento di tipo: tachicardia');
INSERT INTO public."EventiAvversi" VALUES (2021042919070552, 'linfoadenopatia', 3, '');
INSERT INTO public."EventiAvversi" VALUES (2021042919070552, 'tachicardia', 3, '');
INSERT INTO public."EventiAvversi" VALUES (2021042919070552, 'mal di testa', 2, 'Questo evento ha severita: 2');
INSERT INTO public."EventiAvversi" VALUES (2021030903171311, 'mal di testa', 2, '');
INSERT INTO public."EventiAvversi" VALUES (2021041623502549, 'febbre', 5, 'Evento di tipo: febbre');
INSERT INTO public."EventiAvversi" VALUES (2021041623502549, 'crisi chipertensiva', 3, 'Questo evento ha severita: 3');
INSERT INTO public."EventiAvversi" VALUES (2021041623502549, 'mal di testa', 1, '');
INSERT INTO public."EventiAvversi" VALUES (2021041623502549, 'tachicardia', 3, 'Questo evento ha severita: 3');
INSERT INTO public."EventiAvversi" VALUES (2021041623502549, 'dolori muscolari e articolari', 2, '');
INSERT INTO public."EventiAvversi" VALUES (2021101621050165, 'febbre', 5, '');
INSERT INTO public."EventiAvversi" VALUES (2021101621050165, 'crisi chipertensiva', 3, '');
INSERT INTO public."EventiAvversi" VALUES (2021101621050165, 'linfoadenopatia', 3, '');
INSERT INTO public."EventiAvversi" VALUES (2021101621050165, 'tachicardia', 3, '');
INSERT INTO public."EventiAvversi" VALUES (2021101621050165, 'mal di testa', 1, 'Questo evento ha severita: 1');
INSERT INTO public."EventiAvversi" VALUES (2021080203585566, 'mal di testa', 1, '');
INSERT INTO public."EventiAvversi" VALUES (2021080203585566, 'crisi chipertensiva', 4, '');
INSERT INTO public."EventiAvversi" VALUES (2021080203585566, 'dolori muscolari e articolari', 5, '');
INSERT INTO public."EventiAvversi" VALUES (2021072311360915, 'febbre', 5, 'Evento di tipo: febbre');
INSERT INTO public."EventiAvversi" VALUES (2021072311360915, 'crisi chipertensiva', 3, 'Questo evento ha severita: 3');
INSERT INTO public."EventiAvversi" VALUES (2021072311360915, 'mal di testa', 1, '');
INSERT INTO public."EventiAvversi" VALUES (2021072311360915, 'tachicardia', 4, '');
INSERT INTO public."EventiAvversi" VALUES (2021080116513141, 'febbre', 5, 'Evento di tipo: febbre');
INSERT INTO public."EventiAvversi" VALUES (2021081109230039, 'crisi chipertensiva', 1, '');
INSERT INTO public."EventiAvversi" VALUES (2021081109230039, 'tachicardia', 4, '');
INSERT INTO public."EventiAvversi" VALUES (2021081109230039, 'linfoadenopatia', 3, '');
INSERT INTO public."EventiAvversi" VALUES (2021081109230039, 'febbre', 5, '');
INSERT INTO public."EventiAvversi" VALUES (2021081109230039, 'mal di testa', 1, 'Evento di tipo: mal di testa');
INSERT INTO public."EventiAvversi" VALUES (2021112513311961, 'linfoadenopatia', 3, '');
INSERT INTO public."EventiAvversi" VALUES (2021112513311961, 'dolori muscolari e articolari', 3, 'Evento di tipo: dolori muscolari e articolari');
INSERT INTO public."EventiAvversi" VALUES (2021112513311961, 'crisi chipertensiva', 3, '');
INSERT INTO public."EventiAvversi" VALUES (2021092910154868, 'mal di testa', 2, 'Questo evento ha severita: 2');
INSERT INTO public."EventiAvversi" VALUES (2021092910154868, 'tachicardia', 3, '');
INSERT INTO public."EventiAvversi" VALUES (2021092910154868, 'febbre', 1, '');
INSERT INTO public."EventiAvversi" VALUES (2021092910154868, 'crisi chipertensiva', 3, 'Evento: crisi chipertensiva ha una severita di: 3');
INSERT INTO public."EventiAvversi" VALUES (2021111113211219, 'linfoadenopatia', 3, '');
INSERT INTO public."EventiAvversi" VALUES (2021111113211219, 'febbre', 5, 'Evento: febbre ha una severita di: 5');
INSERT INTO public."EventiAvversi" VALUES (2021040801252295, 'linfoadenopatia', 3, '');
INSERT INTO public."EventiAvversi" VALUES (2021053000350592, 'linfoadenopatia', 3, 'Evento: linfoadenopatia ha una severita di: 3');
INSERT INTO public."EventiAvversi" VALUES (2021062806510258, 'crisi chipertensiva', 1, 'Evento di tipo: crisi chipertensiva');
INSERT INTO public."EventiAvversi" VALUES (2021062601252334, 'mal di testa', 2, '');
INSERT INTO public."EventiAvversi" VALUES (2021062601252334, 'linfoadenopatia', 4, '');
INSERT INTO public."EventiAvversi" VALUES (2021062601252334, 'dolori muscolari e articolari', 5, '');
INSERT INTO public."EventiAvversi" VALUES (2021062601252334, 'tachicardia', 5, '');
INSERT INTO public."EventiAvversi" VALUES (2021021501032857, 'crisi chipertensiva', 1, '');
INSERT INTO public."EventiAvversi" VALUES (2021021501032857, 'tachicardia', 2, 'Evento di tipo: tachicardia');
INSERT INTO public."EventiAvversi" VALUES (2021021501032857, 'mal di testa', 1, '');
INSERT INTO public."EventiAvversi" VALUES (2021061417503353, 'febbre', 5, '');
INSERT INTO public."EventiAvversi" VALUES (2021101906265759, 'mal di testa', 2, '');
INSERT INTO public."EventiAvversi" VALUES (2021101906265759, 'dolori muscolari e articolari', 5, '');
INSERT INTO public."EventiAvversi" VALUES (2021101906265759, 'febbre', 1, '');
INSERT INTO public."EventiAvversi" VALUES (2021101906265759, 'linfoadenopatia', 2, '');
INSERT INTO public."EventiAvversi" VALUES (2021101906265759, 'tachicardia', 1, '');
INSERT INTO public."EventiAvversi" VALUES (2021053101323490, 'tachicardia', 4, '');
INSERT INTO public."EventiAvversi" VALUES (2021053101323490, 'crisi chipertensiva', 2, 'Evento di tipo: crisi chipertensiva');
INSERT INTO public."EventiAvversi" VALUES (2021053101323490, 'linfoadenopatia', 3, '');
INSERT INTO public."EventiAvversi" VALUES (2021053101323490, 'dolori muscolari e articolari', 4, '');
INSERT INTO public."EventiAvversi" VALUES (2021101814285697, 'febbre', 5, '');
INSERT INTO public."EventiAvversi" VALUES (2021101814285697, 'crisi chipertensiva', 4, '');
INSERT INTO public."EventiAvversi" VALUES (2021101814285697, 'linfoadenopatia', 4, '');
INSERT INTO public."EventiAvversi" VALUES (2021101814285697, 'tachicardia', 3, 'Evento di tipo: tachicardia');
INSERT INTO public."EventiAvversi" VALUES (2021101814285697, 'dolori muscolari e articolari', 5, '');
INSERT INTO public."EventiAvversi" VALUES (2021041508424511, 'dolori muscolari e articolari', 3, '');
INSERT INTO public."EventiAvversi" VALUES (2021041508424511, 'linfoadenopatia', 4, 'Evento: linfoadenopatia ha una severita di: 4');
INSERT INTO public."EventiAvversi" VALUES (2021041508424511, 'tachicardia', 3, 'Evento: tachicardia ha una severita di: 3');
INSERT INTO public."EventiAvversi" VALUES (2021082009044324, 'mal di testa', 2, '');
INSERT INTO public."EventiAvversi" VALUES (2021082407101491, 'crisi chipertensiva', 1, '');
INSERT INTO public."EventiAvversi" VALUES (2021082407101491, 'linfoadenopatia', 3, 'Evento: linfoadenopatia ha una severita di: 3');
INSERT INTO public."EventiAvversi" VALUES (2021010823505593, 'tachicardia', 4, '');
INSERT INTO public."EventiAvversi" VALUES (2021010823505593, 'dolori muscolari e articolari', 4, '');
INSERT INTO public."EventiAvversi" VALUES (2021010721350091, 'mal di testa', 1, '');
INSERT INTO public."EventiAvversi" VALUES (2021010721350091, 'linfoadenopatia', 3, '');
INSERT INTO public."EventiAvversi" VALUES (2021010721350091, 'febbre', 2, '');
INSERT INTO public."EventiAvversi" VALUES (2021010721350091, 'crisi chipertensiva', 4, 'Evento: crisi chipertensiva ha una severita di: 4');
INSERT INTO public."EventiAvversi" VALUES (2021021604562414, 'dolori muscolari e articolari', 4, 'Evento di tipo: dolori muscolari e articolari');
INSERT INTO public."EventiAvversi" VALUES (2021021604562414, 'mal di testa', 1, '');
INSERT INTO public."EventiAvversi" VALUES (2021040418415364, 'dolori muscolari e articolari', 3, '');
INSERT INTO public."EventiAvversi" VALUES (2021040418415364, 'linfoadenopatia', 3, '');
INSERT INTO public."EventiAvversi" VALUES (2021040418415364, 'crisi chipertensiva', 3, 'Evento: crisi chipertensiva ha una severita di: 3');
INSERT INTO public."EventiAvversi" VALUES (2021040418415364, 'febbre', 5, '');
INSERT INTO public."EventiAvversi" VALUES (2021040418415364, 'tachicardia', 5, '');
INSERT INTO public."EventiAvversi" VALUES (2021101011305171, 'mal di testa', 1, '');
INSERT INTO public."EventiAvversi" VALUES (2021063022421161, 'crisi chipertensiva', 1, '');
INSERT INTO public."EventiAvversi" VALUES (2021063022421161, 'tachicardia', 4, 'Questo evento ha severita: 4');
INSERT INTO public."EventiAvversi" VALUES (2021021807274532, 'tachicardia', 3, '');
INSERT INTO public."EventiAvversi" VALUES (2021021807274532, 'linfoadenopatia', 3, 'Evento: linfoadenopatia ha una severita di: 3');
INSERT INTO public."EventiAvversi" VALUES (2021092717561446, 'linfoadenopatia', 3, '');
INSERT INTO public."EventiAvversi" VALUES (2021092717561446, 'crisi chipertensiva', 3, 'Evento di tipo: crisi chipertensiva');
INSERT INTO public."EventiAvversi" VALUES (2021092717561446, 'mal di testa', 1, 'Evento di tipo: mal di testa');
INSERT INTO public."EventiAvversi" VALUES (2021092717561446, 'tachicardia', 4, '');
INSERT INTO public."EventiAvversi" VALUES (2021092717561446, 'dolori muscolari e articolari', 5, '');
INSERT INTO public."EventiAvversi" VALUES (2021060411193027, 'dolori muscolari e articolari', 3, '');
INSERT INTO public."EventiAvversi" VALUES (2021060411193027, 'mal di testa', 2, 'Evento: mal di testa ha una severita di: 2');
INSERT INTO public."EventiAvversi" VALUES (2021060411193027, 'tachicardia', 4, '');
INSERT INTO public."EventiAvversi" VALUES (2021060411193027, 'febbre', 1, '');
INSERT INTO public."EventiAvversi" VALUES (2021060411193027, 'linfoadenopatia', 1, 'Evento di tipo: linfoadenopatia');
INSERT INTO public."EventiAvversi" VALUES (2021052909453093, 'crisi chipertensiva', 1, '');
INSERT INTO public."EventiAvversi" VALUES (2021052909453093, 'dolori muscolari e articolari', 4, '');
INSERT INTO public."EventiAvversi" VALUES (2021052909453093, 'mal di testa', 1, 'Evento: mal di testa ha una severita di: 1');
INSERT INTO public."EventiAvversi" VALUES (2021052909453093, 'tachicardia', 3, '');
INSERT INTO public."EventiAvversi" VALUES (2021052909453093, 'linfoadenopatia', 5, '');
INSERT INTO public."EventiAvversi" VALUES (2021010104215153, 'mal di testa', 2, '');
INSERT INTO public."EventiAvversi" VALUES (2021010104215153, 'febbre', 2, 'Questo evento ha severita: 2');
INSERT INTO public."EventiAvversi" VALUES (2021010104215153, 'dolori muscolari e articolari', 2, '');
INSERT INTO public."EventiAvversi" VALUES (2021010104215153, 'linfoadenopatia', 1, 'Evento: linfoadenopatia ha una severita di: 1');
INSERT INTO public."EventiAvversi" VALUES (2021010104215153, 'crisi chipertensiva', 5, 'Evento: crisi chipertensiva ha una severita di: 5');
INSERT INTO public."EventiAvversi" VALUES (2021031317081091, 'tachicardia', 4, 'Evento di tipo: tachicardia');
INSERT INTO public."EventiAvversi" VALUES (2021031317081091, 'dolori muscolari e articolari', 3, '');
INSERT INTO public."EventiAvversi" VALUES (2021100322041290, 'linfoadenopatia', 3, '');
INSERT INTO public."EventiAvversi" VALUES (2021100322041290, 'tachicardia', 3, '');
INSERT INTO public."EventiAvversi" VALUES (2021100322041290, 'crisi chipertensiva', 3, '');
INSERT INTO public."EventiAvversi" VALUES (2021032411554339, 'linfoadenopatia', 3, 'Evento di tipo: linfoadenopatia');
INSERT INTO public."EventiAvversi" VALUES (2021032411554339, 'mal di testa', 2, '');
INSERT INTO public."EventiAvversi" VALUES (2021032411554339, 'dolori muscolari e articolari', 5, '');
INSERT INTO public."EventiAvversi" VALUES (2021032411554339, 'tachicardia', 5, '');
INSERT INTO public."EventiAvversi" VALUES (2021011123291144, 'linfoadenopatia', 3, '');
INSERT INTO public."EventiAvversi" VALUES (2021011123291144, 'tachicardia', 3, 'Evento di tipo: tachicardia');
INSERT INTO public."EventiAvversi" VALUES (2021011123291144, 'crisi chipertensiva', 3, '');
INSERT INTO public."EventiAvversi" VALUES (2021081820403212, 'linfoadenopatia', 3, '');
INSERT INTO public."EventiAvversi" VALUES (2021081820403212, 'mal di testa', 1, 'Evento di tipo: mal di testa');
INSERT INTO public."EventiAvversi" VALUES (2021081820403212, 'dolori muscolari e articolari', 5, 'Questo evento ha severita: 5');
INSERT INTO public."EventiAvversi" VALUES (2021081820403212, 'febbre', 1, '');
INSERT INTO public."EventiAvversi" VALUES (2021041010501581, 'tachicardia', 2, '');
INSERT INTO public."EventiAvversi" VALUES (2021041010501581, 'mal di testa', 2, '');
INSERT INTO public."EventiAvversi" VALUES (2021041010501581, 'crisi chipertensiva', 3, 'Evento: crisi chipertensiva ha una severita di: 3');
INSERT INTO public."EventiAvversi" VALUES (2021030303293263, 'tachicardia', 2, '');
INSERT INTO public."EventiAvversi" VALUES (2021080720380243, 'linfoadenopatia', 3, '');
INSERT INTO public."EventiAvversi" VALUES (2021102304321146, 'febbre', 5, '');
INSERT INTO public."EventiAvversi" VALUES (2021102304321146, 'linfoadenopatia', 3, '');
INSERT INTO public."EventiAvversi" VALUES (2021102304321146, 'crisi chipertensiva', 3, '');
INSERT INTO public."EventiAvversi" VALUES (2021102304321146, 'dolori muscolari e articolari', 5, '');
INSERT INTO public."EventiAvversi" VALUES (2021082008562456, 'dolori muscolari e articolari', 4, '');
INSERT INTO public."EventiAvversi" VALUES (2021082008562456, 'linfoadenopatia', 3, '');
INSERT INTO public."EventiAvversi" VALUES (2021052807595669, 'mal di testa', 1, '');
INSERT INTO public."EventiAvversi" VALUES (2021052807595669, 'crisi chipertensiva', 4, '');
INSERT INTO public."EventiAvversi" VALUES (2021052807595669, 'febbre', 2, '');
INSERT INTO public."EventiAvversi" VALUES (2021052807595669, 'dolori muscolari e articolari', 2, '');
INSERT INTO public."EventiAvversi" VALUES (2021052807595669, 'tachicardia', 5, '');
INSERT INTO public."EventiAvversi" VALUES (2021062922035417, 'dolori muscolari e articolari', 3, '');
INSERT INTO public."EventiAvversi" VALUES (2021033107544083, 'febbre', 5, '');
INSERT INTO public."EventiAvversi" VALUES (2021090722293001, 'mal di testa', 2, '');
INSERT INTO public."EventiAvversi" VALUES (2021090722293001, 'crisi chipertensiva', 3, 'Questo evento ha severita: 3');
INSERT INTO public."EventiAvversi" VALUES (2021090722293001, 'tachicardia', 3, '');
INSERT INTO public."EventiAvversi" VALUES (2021051901223281, 'dolori muscolari e articolari', 4, '');
INSERT INTO public."EventiAvversi" VALUES (2021051901223281, 'febbre', 5, '');
INSERT INTO public."EventiAvversi" VALUES (2021051901223281, 'crisi chipertensiva', 3, '');
INSERT INTO public."EventiAvversi" VALUES (2021040201532929, 'linfoadenopatia', 3, '');
INSERT INTO public."EventiAvversi" VALUES (2021040201532929, 'tachicardia', 3, '');
INSERT INTO public."EventiAvversi" VALUES (2021040201532929, 'crisi chipertensiva', 3, 'Evento di tipo: crisi chipertensiva');
INSERT INTO public."EventiAvversi" VALUES (2021071319500427, 'febbre', 5, 'Evento: febbre ha una severita di: 5');
INSERT INTO public."EventiAvversi" VALUES (2021071319500427, 'linfoadenopatia', 4, '');
INSERT INTO public."EventiAvversi" VALUES (2021062416254062, 'crisi chipertensiva', 1, '');
INSERT INTO public."EventiAvversi" VALUES (2021062416254062, 'febbre', 5, '');
INSERT INTO public."EventiAvversi" VALUES (2021062416254062, 'tachicardia', 3, 'Questo evento ha severita: 3');
INSERT INTO public."EventiAvversi" VALUES (2021071810201689, 'mal di testa', 2, '');
INSERT INTO public."EventiAvversi" VALUES (2021071810201689, 'febbre', 2, '');
INSERT INTO public."EventiAvversi" VALUES (2021022407290590, 'mal di testa', 1, '');
INSERT INTO public."EventiAvversi" VALUES (2021022407290590, 'linfoadenopatia', 3, 'Evento di tipo: linfoadenopatia');
INSERT INTO public."EventiAvversi" VALUES (2021022407290590, 'dolori muscolari e articolari', 5, '');
INSERT INTO public."EventiAvversi" VALUES (2021022407290590, 'febbre', 2, '');
INSERT INTO public."EventiAvversi" VALUES (2021071810501878, 'tachicardia', 4, '');
INSERT INTO public."EventiAvversi" VALUES (2021071810501878, 'linfoadenopatia', 3, 'Evento: linfoadenopatia ha una severita di: 3');
INSERT INTO public."EventiAvversi" VALUES (2021062101521670, 'tachicardia', 2, 'Evento: tachicardia ha una severita di: 2');
INSERT INTO public."EventiAvversi" VALUES (2021062101521670, 'crisi chipertensiva', 4, '');
INSERT INTO public."EventiAvversi" VALUES (2021010315070453, 'crisi chipertensiva', 1, '');
INSERT INTO public."EventiAvversi" VALUES (2021010315070453, 'mal di testa', 1, '');
INSERT INTO public."EventiAvversi" VALUES (2021010315070453, 'tachicardia', 3, '');
INSERT INTO public."EventiAvversi" VALUES (2021010315070453, 'linfoadenopatia', 3, 'Evento di tipo: linfoadenopatia');
INSERT INTO public."EventiAvversi" VALUES (2021010315070453, 'dolori muscolari e articolari', 5, '');
INSERT INTO public."EventiAvversi" VALUES (2021111508585342, 'crisi chipertensiva', 1, '');
INSERT INTO public."EventiAvversi" VALUES (2021111508585342, 'dolori muscolari e articolari', 4, '');
INSERT INTO public."EventiAvversi" VALUES (2021111508585342, 'mal di testa', 1, '');
INSERT INTO public."EventiAvversi" VALUES (2021111508585342, 'linfoadenopatia', 5, 'Evento: linfoadenopatia ha una severita di: 5');
INSERT INTO public."EventiAvversi" VALUES (2021051409123785, 'febbre', 5, '');
INSERT INTO public."EventiAvversi" VALUES (2021051409123785, 'mal di testa', 2, '');
INSERT INTO public."EventiAvversi" VALUES (2021040713455792, 'tachicardia', 2, '');
INSERT INTO public."EventiAvversi" VALUES (2021040713455792, 'febbre', 5, '');
INSERT INTO public."EventiAvversi" VALUES (2021102201301025, 'febbre', 5, '');
INSERT INTO public."EventiAvversi" VALUES (2021102201301025, 'tachicardia', 3, '');
INSERT INTO public."EventiAvversi" VALUES (2021102201301025, 'dolori muscolari e articolari', 5, '');
INSERT INTO public."EventiAvversi" VALUES (2021102201301025, 'linfoadenopatia', 5, '');
INSERT INTO public."EventiAvversi" VALUES (2021102201301025, 'mal di testa', 2, '');
INSERT INTO public."EventiAvversi" VALUES (2021050520173336, 'mal di testa', 2, 'Evento: mal di testa ha una severita di: 2');
INSERT INTO public."EventiAvversi" VALUES (2021050520173336, 'crisi chipertensiva', 3, '');
INSERT INTO public."EventiAvversi" VALUES (2021050520173336, 'tachicardia', 3, '');
INSERT INTO public."EventiAvversi" VALUES (2021031615512953, 'mal di testa', 1, 'Evento: mal di testa ha una severita di: 1');
INSERT INTO public."EventiAvversi" VALUES (2021031615512953, 'linfoadenopatia', 4, '');
INSERT INTO public."EventiAvversi" VALUES (2021031615512953, 'febbre', 2, 'Questo evento ha severita: 2');
INSERT INTO public."EventiAvversi" VALUES (2021031615512953, 'dolori muscolari e articolari', 1, 'Evento: dolori muscolari e articolari ha una severita di: 1');
INSERT INTO public."EventiAvversi" VALUES (2021031615512953, 'tachicardia', 2, 'Questo evento ha severita: 2');
INSERT INTO public."EventiAvversi" VALUES (2020123005450986, 'febbre', 5, 'Questo evento ha severita: 5');
INSERT INTO public."EventiAvversi" VALUES (2020123005450986, 'tachicardia', 3, '');
INSERT INTO public."EventiAvversi" VALUES (2020123005450986, 'dolori muscolari e articolari', 5, '');
INSERT INTO public."EventiAvversi" VALUES (2020123005450986, 'linfoadenopatia', 5, '');
INSERT INTO public."EventiAvversi" VALUES (2020123005450986, 'mal di testa', 1, 'Evento: mal di testa ha una severita di: 1');
INSERT INTO public."EventiAvversi" VALUES (2021081010403791, 'linfoadenopatia', 3, '');
INSERT INTO public."EventiAvversi" VALUES (2021081010403791, 'febbre', 5, '');
INSERT INTO public."EventiAvversi" VALUES (2021081010403791, 'mal di testa', 1, '');
INSERT INTO public."EventiAvversi" VALUES (2021081010403791, 'dolori muscolari e articolari', 2, '');
INSERT INTO public."EventiAvversi" VALUES (2021041219254498, 'febbre', 5, '');
INSERT INTO public."EventiAvversi" VALUES (2021041219254498, 'crisi chipertensiva', 4, '');
INSERT INTO public."EventiAvversi" VALUES (2021041219254498, 'tachicardia', 3, '');
INSERT INTO public."EventiAvversi" VALUES (2021041219254498, 'mal di testa', 1, '');
INSERT INTO public."EventiAvversi" VALUES (2021041219254498, 'linfoadenopatia', 5, 'Evento di tipo: linfoadenopatia');
INSERT INTO public."EventiAvversi" VALUES (2021040921333090, 'mal di testa', 1, '');
INSERT INTO public."EventiAvversi" VALUES (2021040921333090, 'dolori muscolari e articolari', 5, '');
INSERT INTO public."EventiAvversi" VALUES (2021040921333090, 'crisi chipertensiva', 3, '');
INSERT INTO public."EventiAvversi" VALUES (2021040921333090, 'tachicardia', 4, '');
INSERT INTO public."EventiAvversi" VALUES (2021041220033579, 'febbre', 5, '');
INSERT INTO public."EventiAvversi" VALUES (2021041220033579, 'mal di testa', 1, '');
INSERT INTO public."EventiAvversi" VALUES (2021041220033579, 'dolori muscolari e articolari', 2, '');
INSERT INTO public."EventiAvversi" VALUES (2021092720122620, 'febbre', 5, '');
INSERT INTO public."EventiAvversi" VALUES (2021060821361184, 'crisi chipertensiva', 1, '');
INSERT INTO public."EventiAvversi" VALUES (2021060821361184, 'mal di testa', 1, '');
INSERT INTO public."EventiAvversi" VALUES (2021060821361184, 'dolori muscolari e articolari', 5, '');
INSERT INTO public."EventiAvversi" VALUES (2021060821361184, 'linfoadenopatia', 5, '');
INSERT INTO public."EventiAvversi" VALUES (2021071021143766, 'febbre', 5, '');
INSERT INTO public."EventiAvversi" VALUES (2021071021143766, 'dolori muscolari e articolari', 5, '');
INSERT INTO public."EventiAvversi" VALUES (2021071021143766, 'mal di testa', 1, '');
INSERT INTO public."EventiAvversi" VALUES (2021071021143766, 'linfoadenopatia', 1, 'Evento: linfoadenopatia ha una severita di: 1');
INSERT INTO public."EventiAvversi" VALUES (2021071021143766, 'tachicardia', 1, '');
INSERT INTO public."EventiAvversi" VALUES (2021012610340522, 'linfoadenopatia', 3, '');
INSERT INTO public."EventiAvversi" VALUES (2021012610340522, 'tachicardia', 3, '');
INSERT INTO public."EventiAvversi" VALUES (2021012610340522, 'dolori muscolari e articolari', 4, '');
INSERT INTO public."EventiAvversi" VALUES (2021012610340522, 'crisi chipertensiva', 3, 'Questo evento ha severita: 3');
INSERT INTO public."EventiAvversi" VALUES (2021071202093095, 'crisi chipertensiva', 1, 'Questo evento ha severita: 1');
INSERT INTO public."EventiAvversi" VALUES (2021071202093095, 'tachicardia', 4, '');
INSERT INTO public."EventiAvversi" VALUES (2021071202093095, 'dolori muscolari e articolari', 4, 'Questo evento ha severita: 4');
INSERT INTO public."EventiAvversi" VALUES (2021101414331916, 'mal di testa', 1, '');
INSERT INTO public."EventiAvversi" VALUES (2021101414331916, 'crisi chipertensiva', 2, '');
INSERT INTO public."EventiAvversi" VALUES (2021101414331916, 'linfoadenopatia', 4, '');
INSERT INTO public."EventiAvversi" VALUES (2021013100012663, 'febbre', 5, '');
INSERT INTO public."EventiAvversi" VALUES (2021012621535786, 'tachicardia', 2, '');
INSERT INTO public."EventiAvversi" VALUES (2021012621535786, 'linfoadenopatia', 3, '');
INSERT INTO public."EventiAvversi" VALUES (2021012621535786, 'dolori muscolari e articolari', 3, '');
INSERT INTO public."EventiAvversi" VALUES (2021012621535786, 'febbre', 5, '');
INSERT INTO public."EventiAvversi" VALUES (2021112220101684, 'febbre', 5, '');
INSERT INTO public."EventiAvversi" VALUES (2021051107380594, 'dolori muscolari e articolari', 4, '');
INSERT INTO public."EventiAvversi" VALUES (2021051107380594, 'tachicardia', 3, 'Evento: tachicardia ha una severita di: 3');
INSERT INTO public."EventiAvversi" VALUES (2021051107380594, 'mal di testa', 1, '');
INSERT INTO public."EventiAvversi" VALUES (2021051107380594, 'febbre', 1, '');
INSERT INTO public."EventiAvversi" VALUES (2021051107380594, 'crisi chipertensiva', 5, '');
INSERT INTO public."EventiAvversi" VALUES (2021041616434522, 'linfoadenopatia', 3, '');
INSERT INTO public."EventiAvversi" VALUES (2021020201510284, 'mal di testa', 2, 'Questo evento ha severita: 2');
INSERT INTO public."EventiAvversi" VALUES (2021020201510284, 'dolori muscolari e articolari', 5, 'Questo evento ha severita: 5');
INSERT INTO public."EventiAvversi" VALUES (2021020201510284, 'tachicardia', 4, 'Evento: tachicardia ha una severita di: 4');
INSERT INTO public."EventiAvversi" VALUES (2021051607591056, 'febbre', 5, '');
INSERT INTO public."EventiAvversi" VALUES (2021051607591056, 'dolori muscolari e articolari', 5, 'Evento di tipo: dolori muscolari e articolari');
INSERT INTO public."EventiAvversi" VALUES (2021051607591056, 'linfoadenopatia', 5, '');
INSERT INTO public."EventiAvversi" VALUES (2021051607591056, 'tachicardia', 5, 'Evento di tipo: tachicardia');
INSERT INTO public."EventiAvversi" VALUES (2021092714365268, 'febbre', 5, '');
INSERT INTO public."EventiAvversi" VALUES (2021092714365268, 'mal di testa', 1, '');
INSERT INTO public."EventiAvversi" VALUES (2021021104040773, 'linfoadenopatia', 3, 'Evento: linfoadenopatia ha una severita di: 3');
INSERT INTO public."EventiAvversi" VALUES (2021021104040773, 'febbre', 5, '');
INSERT INTO public."EventiAvversi" VALUES (2021033023025333, 'mal di testa', 1, 'Evento di tipo: mal di testa');
INSERT INTO public."EventiAvversi" VALUES (2021033023025333, 'crisi chipertensiva', 3, '');
INSERT INTO public."EventiAvversi" VALUES (2021033023025333, 'tachicardia', 3, '');
INSERT INTO public."EventiAvversi" VALUES (2021033023025333, 'linfoadenopatia', 4, '');
INSERT INTO public."EventiAvversi" VALUES (2021033023025333, 'dolori muscolari e articolari', 5, '');
INSERT INTO public."EventiAvversi" VALUES (2021090821545351, 'dolori muscolari e articolari', 3, '');
INSERT INTO public."EventiAvversi" VALUES (2021090821545351, 'mal di testa', 1, '');
INSERT INTO public."EventiAvversi" VALUES (2021090821545351, 'linfoadenopatia', 5, '');
INSERT INTO public."EventiAvversi" VALUES (2021090821545351, 'febbre', 1, '');
INSERT INTO public."EventiAvversi" VALUES (2021111207500618, 'febbre', 5, '');
INSERT INTO public."EventiAvversi" VALUES (2021111207500618, 'tachicardia', 3, '');
INSERT INTO public."EventiAvversi" VALUES (2021111207500618, 'linfoadenopatia', 3, '');
INSERT INTO public."EventiAvversi" VALUES (2021070303583437, 'febbre', 5, '');
INSERT INTO public."EventiAvversi" VALUES (2021010418364977, 'febbre', 5, '');
INSERT INTO public."EventiAvversi" VALUES (2021010418364977, 'crisi chipertensiva', 4, '');
INSERT INTO public."EventiAvversi" VALUES (2021010418364977, 'tachicardia', 3, '');
INSERT INTO public."EventiAvversi" VALUES (2021010418364977, 'linfoadenopatia', 4, '');
INSERT INTO public."EventiAvversi" VALUES (2021081314373376, 'crisi chipertensiva', 1, '');
INSERT INTO public."EventiAvversi" VALUES (2021081314373376, 'dolori muscolari e articolari', 4, 'Evento di tipo: dolori muscolari e articolari');
INSERT INTO public."EventiAvversi" VALUES (2021021206533487, 'mal di testa', 1, '');
INSERT INTO public."EventiAvversi" VALUES (2021021206533487, 'linfoadenopatia', 4, '');
INSERT INTO public."EventiAvversi" VALUES (2021021206533487, 'dolori muscolari e articolari', 5, '');
INSERT INTO public."EventiAvversi" VALUES (2021042410330659, 'linfoadenopatia', 3, '');
INSERT INTO public."EventiAvversi" VALUES (2021042410330659, 'crisi chipertensiva', 2, 'Evento: crisi chipertensiva ha una severita di: 2');
INSERT INTO public."EventiAvversi" VALUES (2021110615064811, 'dolori muscolari e articolari', 4, 'Evento: dolori muscolari e articolari ha una severita di: 4');
INSERT INTO public."EventiAvversi" VALUES (2021110615064811, 'febbre', 5, 'Questo evento ha severita: 5');
INSERT INTO public."EventiAvversi" VALUES (2021011719350864, 'mal di testa', 2, 'Questo evento ha severita: 2');
INSERT INTO public."EventiAvversi" VALUES (2021011719350864, 'febbre', 2, '');
INSERT INTO public."EventiAvversi" VALUES (2021011719350864, 'dolori muscolari e articolari', 2, '');
INSERT INTO public."EventiAvversi" VALUES (2021081616135862, 'febbre', 5, '');
INSERT INTO public."EventiAvversi" VALUES (2021081616135862, 'tachicardia', 3, 'Evento di tipo: tachicardia');
INSERT INTO public."EventiAvversi" VALUES (2021081616135862, 'mal di testa', 2, '');
INSERT INTO public."EventiAvversi" VALUES (2021010716421046, 'tachicardia', 2, 'Questo evento ha severita: 2');
INSERT INTO public."EventiAvversi" VALUES (2021071807051439, 'mal di testa', 2, '');
INSERT INTO public."EventiAvversi" VALUES (2021041418575352, 'febbre', 5, '');
INSERT INTO public."EventiAvversi" VALUES (2021041418575352, 'crisi chipertensiva', 3, 'Questo evento ha severita: 3');
INSERT INTO public."EventiAvversi" VALUES (2021041418575352, 'dolori muscolari e articolari', 5, '');
INSERT INTO public."EventiAvversi" VALUES (2021041418575352, 'mal di testa', 2, 'Evento: mal di testa ha una severita di: 2');
INSERT INTO public."EventiAvversi" VALUES (2021041418575352, 'linfoadenopatia', 2, '');
INSERT INTO public."EventiAvversi" VALUES (2021060800205033, 'crisi chipertensiva', 1, '');
INSERT INTO public."EventiAvversi" VALUES (2021060800205033, 'dolori muscolari e articolari', 3, 'Questo evento ha severita: 3');
INSERT INTO public."EventiAvversi" VALUES (2021060800205033, 'febbre', 5, 'Evento: febbre ha una severita di: 5');
INSERT INTO public."EventiAvversi" VALUES (2021060800205033, 'linfoadenopatia', 5, '');
INSERT INTO public."EventiAvversi" VALUES (2021060800205033, 'mal di testa', 1, 'Evento: mal di testa ha una severita di: 1');
INSERT INTO public."EventiAvversi" VALUES (2021040311584558, 'mal di testa', 2, '');
INSERT INTO public."EventiAvversi" VALUES (2021040311584558, 'febbre', 2, '');
INSERT INTO public."EventiAvversi" VALUES (2021061913141934, 'tachicardia', 2, '');
INSERT INTO public."EventiAvversi" VALUES (2021061913141934, 'linfoadenopatia', 3, 'Questo evento ha severita: 3');
INSERT INTO public."EventiAvversi" VALUES (2021061913141934, 'dolori muscolari e articolari', 4, '');
INSERT INTO public."EventiAvversi" VALUES (2021061913141934, 'mal di testa', 1, '');
INSERT INTO public."EventiAvversi" VALUES (2021032303404993, 'tachicardia', 4, '');
INSERT INTO public."EventiAvversi" VALUES (2021032303404993, 'febbre', 5, '');
INSERT INTO public."EventiAvversi" VALUES (2021092523492138, 'mal di testa', 1, '');
INSERT INTO public."EventiAvversi" VALUES (2021082614021638, 'mal di testa', 2, 'Evento: mal di testa ha una severita di: 2');
INSERT INTO public."EventiAvversi" VALUES (2021082614021638, 'febbre', 2, '');
INSERT INTO public."EventiAvversi" VALUES (2021082614021638, 'linfoadenopatia', 5, '');
INSERT INTO public."EventiAvversi" VALUES (2021082614021638, 'crisi chipertensiva', 4, 'Evento: crisi chipertensiva ha una severita di: 4');
INSERT INTO public."EventiAvversi" VALUES (2021082614021638, 'dolori muscolari e articolari', 1, '');
INSERT INTO public."EventiAvversi" VALUES (2021030320505566, 'febbre', 5, 'Questo evento ha severita: 5');
INSERT INTO public."EventiAvversi" VALUES (2021030320505566, 'linfoadenopatia', 3, '');
INSERT INTO public."EventiAvversi" VALUES (2021030320505566, 'tachicardia', 3, '');
INSERT INTO public."EventiAvversi" VALUES (2021030320505566, 'mal di testa', 1, '');
INSERT INTO public."EventiAvversi" VALUES (2021030320505566, 'dolori muscolari e articolari', 1, '');
INSERT INTO public."EventiAvversi" VALUES (2021043005343247, 'mal di testa', 1, '');
INSERT INTO public."EventiAvversi" VALUES (2021043005343247, 'linfoadenopatia', 4, '');
INSERT INTO public."EventiAvversi" VALUES (2021043005343247, 'crisi chipertensiva', 3, '');
INSERT INTO public."EventiAvversi" VALUES (2021043005343247, 'febbre', 1, 'Questo evento ha severita: 1');
INSERT INTO public."EventiAvversi" VALUES (2021043005343247, 'tachicardia', 5, 'Evento: tachicardia ha una severita di: 5');
INSERT INTO public."EventiAvversi" VALUES (2021061300422234, 'tachicardia', 2, '');
INSERT INTO public."EventiAvversi" VALUES (2021061300422234, 'linfoadenopatia', 3, '');
INSERT INTO public."EventiAvversi" VALUES (2021061300422234, 'crisi chipertensiva', 3, '');
INSERT INTO public."EventiAvversi" VALUES (2021091520455265, 'tachicardia', 3, '');
INSERT INTO public."EventiAvversi" VALUES (2021091520455265, 'mal di testa', 2, '');
INSERT INTO public."EventiAvversi" VALUES (2021091520455265, 'dolori muscolari e articolari', 5, '');
INSERT INTO public."EventiAvversi" VALUES (2021051512204765, 'dolori muscolari e articolari', 4, '');
INSERT INTO public."EventiAvversi" VALUES (2021051512204765, 'febbre', 5, '');
INSERT INTO public."EventiAvversi" VALUES (2021051512204765, 'mal di testa', 1, '');
INSERT INTO public."EventiAvversi" VALUES (2021051512204765, 'linfoadenopatia', 2, '');
INSERT INTO public."EventiAvversi" VALUES (2021051512204765, 'crisi chipertensiva', 5, '');
INSERT INTO public."EventiAvversi" VALUES (2021092704373266, 'tachicardia', 3, '');
INSERT INTO public."EventiAvversi" VALUES (2021092704373266, 'febbre', 5, '');
INSERT INTO public."EventiAvversi" VALUES (2021092704373266, 'dolori muscolari e articolari', 5, 'Evento: dolori muscolari e articolari ha una severita di: 5');
INSERT INTO public."EventiAvversi" VALUES (2021092704373266, 'mal di testa', 1, '');
INSERT INTO public."EventiAvversi" VALUES (2021092704373266, 'crisi chipertensiva', 5, '');
INSERT INTO public."EventiAvversi" VALUES (2021101814580875, 'mal di testa', 1, '');
INSERT INTO public."EventiAvversi" VALUES (2021101814580875, 'linfoadenopatia', 4, '');
INSERT INTO public."EventiAvversi" VALUES (2021060304064189, 'mal di testa', 2, 'Evento: mal di testa ha una severita di: 2');
INSERT INTO public."EventiAvversi" VALUES (2021060304064189, 'febbre', 1, 'Evento: febbre ha una severita di: 1');
INSERT INTO public."EventiAvversi" VALUES (2021060304064189, 'tachicardia', 4, '');
INSERT INTO public."EventiAvversi" VALUES (2021092215321248, 'dolori muscolari e articolari', 3, 'Questo evento ha severita: 3');
INSERT INTO public."EventiAvversi" VALUES (2021092215321248, 'tachicardia', 3, '');
INSERT INTO public."EventiAvversi" VALUES (2021092215321248, 'linfoadenopatia', 4, '');
INSERT INTO public."EventiAvversi" VALUES (2021092215321248, 'febbre', 5, 'Questo evento ha severita: 5');
INSERT INTO public."EventiAvversi" VALUES (2021061315322978, 'tachicardia', 2, '');
INSERT INTO public."EventiAvversi" VALUES (2021101004050264, 'linfoadenopatia', 3, '');
INSERT INTO public."EventiAvversi" VALUES (2021101004050264, 'dolori muscolari e articolari', 4, '');
INSERT INTO public."EventiAvversi" VALUES (2021101004050264, 'mal di testa', 2, 'Questo evento ha severita: 2');
INSERT INTO public."EventiAvversi" VALUES (2021110117052842, 'dolori muscolari e articolari', 4, '');
INSERT INTO public."EventiAvversi" VALUES (2021110117052842, 'mal di testa', 2, '');
INSERT INTO public."EventiAvversi" VALUES (2021110117052842, 'crisi chipertensiva', 3, '');
INSERT INTO public."EventiAvversi" VALUES (2021011605201228, 'linfoadenopatia', 3, '');
INSERT INTO public."EventiAvversi" VALUES (2021011605201228, 'crisi chipertensiva', 4, '');
INSERT INTO public."EventiAvversi" VALUES (2021042600434024, 'dolori muscolari e articolari', 4, '');
INSERT INTO public."EventiAvversi" VALUES (2021013009013387, 'tachicardia', 4, 'Questo evento ha severita: 4');
INSERT INTO public."EventiAvversi" VALUES (2021041407055990, 'febbre', 5, '');
INSERT INTO public."EventiAvversi" VALUES (2021041407055990, 'crisi chipertensiva', 3, '');
INSERT INTO public."EventiAvversi" VALUES (2021041407055990, 'dolori muscolari e articolari', 5, '');
INSERT INTO public."EventiAvversi" VALUES (2021092709232637, 'mal di testa', 2, '');
INSERT INTO public."EventiAvversi" VALUES (2021092709232637, 'linfoadenopatia', 3, '');
INSERT INTO public."EventiAvversi" VALUES (2021092709232637, 'tachicardia', 3, '');
INSERT INTO public."EventiAvversi" VALUES (2021092709232637, 'febbre', 2, '');
INSERT INTO public."EventiAvversi" VALUES (2021092709232637, 'dolori muscolari e articolari', 1, '');
INSERT INTO public."EventiAvversi" VALUES (2021092220371047, 'febbre', 5, 'Evento: febbre ha una severita di: 5');
INSERT INTO public."EventiAvversi" VALUES (2021092220371047, 'linfoadenopatia', 3, '');
INSERT INTO public."EventiAvversi" VALUES (2021092220371047, 'tachicardia', 3, '');
INSERT INTO public."EventiAvversi" VALUES (2021102004270217, 'tachicardia', 4, '');
INSERT INTO public."EventiAvversi" VALUES (2021092514463046, 'linfoadenopatia', 3, '');
INSERT INTO public."EventiAvversi" VALUES (2021092514463046, 'crisi chipertensiva', 3, 'Evento di tipo: crisi chipertensiva');
INSERT INTO public."EventiAvversi" VALUES (2021092514463046, 'dolori muscolari e articolari', 3, '');
INSERT INTO public."EventiAvversi" VALUES (2021092514463046, 'febbre', 5, 'Evento di tipo: febbre');
INSERT INTO public."EventiAvversi" VALUES (2021031705292192, 'crisi chipertensiva', 1, '');
INSERT INTO public."EventiAvversi" VALUES (2021041702103515, 'dolori muscolari e articolari', 4, '');
INSERT INTO public."EventiAvversi" VALUES (2021041702103515, 'mal di testa', 1, 'Questo evento ha severita: 1');
INSERT INTO public."EventiAvversi" VALUES (2021041702103515, 'tachicardia', 4, '');
INSERT INTO public."EventiAvversi" VALUES (2021111104081933, 'tachicardia', 4, 'Evento di tipo: tachicardia');
INSERT INTO public."EventiAvversi" VALUES (2021031809331015, 'dolori muscolari e articolari', 4, '');
INSERT INTO public."EventiAvversi" VALUES (2021031809331015, 'tachicardia', 3, 'Questo evento ha severita: 3');
INSERT INTO public."EventiAvversi" VALUES (2021031809331015, 'febbre', 5, '');
INSERT INTO public."EventiAvversi" VALUES (2021031809331015, 'crisi chipertensiva', 3, '');
INSERT INTO public."EventiAvversi" VALUES (2020123120195344, 'mal di testa', 2, '');
INSERT INTO public."EventiAvversi" VALUES (2020123120195344, 'febbre', 2, '');
INSERT INTO public."EventiAvversi" VALUES (2021031505344790, 'febbre', 5, '');
INSERT INTO public."EventiAvversi" VALUES (2021031505344790, 'dolori muscolari e articolari', 5, 'Evento: dolori muscolari e articolari ha una severita di: 5');
INSERT INTO public."EventiAvversi" VALUES (2021032523223646, 'crisi chipertensiva', 1, '');
INSERT INTO public."EventiAvversi" VALUES (2021032523223646, 'linfoadenopatia', 3, '');
INSERT INTO public."EventiAvversi" VALUES (2021032523223646, 'febbre', 5, '');
INSERT INTO public."EventiAvversi" VALUES (2021032523223646, 'mal di testa', 2, 'Evento di tipo: mal di testa');
INSERT INTO public."EventiAvversi" VALUES (2021032523223646, 'tachicardia', 5, '');
INSERT INTO public."EventiAvversi" VALUES (2021011101480110, 'linfoadenopatia', 3, 'Evento: linfoadenopatia ha una severita di: 3');
INSERT INTO public."EventiAvversi" VALUES (2021011101480110, 'mal di testa', 1, 'Evento di tipo: mal di testa');
INSERT INTO public."EventiAvversi" VALUES (2021011101480110, 'crisi chipertensiva', 3, '');
INSERT INTO public."EventiAvversi" VALUES (2021011101480110, 'febbre', 2, '');
INSERT INTO public."EventiAvversi" VALUES (2021061619512634, 'dolori muscolari e articolari', 3, '');
INSERT INTO public."EventiAvversi" VALUES (2021061619512634, 'crisi chipertensiva', 3, 'Questo evento ha severita: 3');
INSERT INTO public."EventiAvversi" VALUES (2021061619512634, 'linfoadenopatia', 4, '');
INSERT INTO public."EventiAvversi" VALUES (2021051201241032, 'linfoadenopatia', 3, '');
INSERT INTO public."EventiAvversi" VALUES (2021051201241032, 'mal di testa', 1, '');
INSERT INTO public."EventiAvversi" VALUES (2021051201241032, 'tachicardia', 4, '');
INSERT INTO public."EventiAvversi" VALUES (2021051201241032, 'crisi chipertensiva', 4, '');
INSERT INTO public."EventiAvversi" VALUES (2021030700201429, 'crisi chipertensiva', 1, 'Evento di tipo: crisi chipertensiva');
INSERT INTO public."EventiAvversi" VALUES (2021090819404778, 'febbre', 5, '');
INSERT INTO public."EventiAvversi" VALUES (2021072623543960, 'crisi chipertensiva', 1, '');
INSERT INTO public."EventiAvversi" VALUES (2021072623543960, 'mal di testa', 1, 'Questo evento ha severita: 1');
INSERT INTO public."EventiAvversi" VALUES (2021072623543960, 'tachicardia', 3, '');
INSERT INTO public."EventiAvversi" VALUES (2021091002152031, 'mal di testa', 1, '');
INSERT INTO public."EventiAvversi" VALUES (2021091002152031, 'crisi chipertensiva', 3, '');
INSERT INTO public."EventiAvversi" VALUES (2021091002152031, 'tachicardia', 3, '');
INSERT INTO public."EventiAvversi" VALUES (2021091002152031, 'dolori muscolari e articolari', 5, '');
INSERT INTO public."EventiAvversi" VALUES (2021110808514320, 'linfoadenopatia', 3, '');
INSERT INTO public."EventiAvversi" VALUES (2021110808514320, 'crisi chipertensiva', 4, '');
INSERT INTO public."EventiAvversi" VALUES (2021110808514320, 'mal di testa', 2, '');
INSERT INTO public."EventiAvversi" VALUES (2021110808514320, 'dolori muscolari e articolari', 5, '');
INSERT INTO public."EventiAvversi" VALUES (2021060816055278, 'mal di testa', 2, '');
INSERT INTO public."EventiAvversi" VALUES (2021060816055278, 'dolori muscolari e articolari', 5, 'Evento: dolori muscolari e articolari ha una severita di: 5');
INSERT INTO public."EventiAvversi" VALUES (2021060816055278, 'crisi chipertensiva', 3, '');
INSERT INTO public."EventiAvversi" VALUES (2021060816055278, 'febbre', 1, 'Evento di tipo: febbre');
INSERT INTO public."EventiAvversi" VALUES (2021060816055278, 'tachicardia', 5, '');
INSERT INTO public."EventiAvversi" VALUES (2021081508232331, 'linfoadenopatia', 3, 'Evento: linfoadenopatia ha una severita di: 3');
INSERT INTO public."EventiAvversi" VALUES (2021081508232331, 'crisi chipertensiva', 3, 'Questo evento ha severita: 3');
INSERT INTO public."EventiAvversi" VALUES (2021081508232331, 'dolori muscolari e articolari', 4, '');
INSERT INTO public."EventiAvversi" VALUES (2021081508232331, 'mal di testa', 1, '');
INSERT INTO public."EventiAvversi" VALUES (2021070908523528, 'linfoadenopatia', 3, 'Questo evento ha severita: 3');
INSERT INTO public."EventiAvversi" VALUES (2021070908523528, 'dolori muscolari e articolari', 4, 'Evento: dolori muscolari e articolari ha una severita di: 4');
INSERT INTO public."EventiAvversi" VALUES (2021110902243514, 'febbre', 5, '');
INSERT INTO public."EventiAvversi" VALUES (2021110902243514, 'tachicardia', 3, '');
INSERT INTO public."EventiAvversi" VALUES (2021110902243514, 'crisi chipertensiva', 3, '');
INSERT INTO public."EventiAvversi" VALUES (2021110902243514, 'mal di testa', 1, '');
INSERT INTO public."EventiAvversi" VALUES (2021092105171939, 'linfoadenopatia', 3, '');
INSERT INTO public."EventiAvversi" VALUES (2021092105171939, 'tachicardia', 3, 'Evento di tipo: tachicardia');
INSERT INTO public."EventiAvversi" VALUES (2021092105171939, 'dolori muscolari e articolari', 3, 'Evento: dolori muscolari e articolari ha una severita di: 3');
INSERT INTO public."EventiAvversi" VALUES (2021092105171939, 'crisi chipertensiva', 4, '');
INSERT INTO public."EventiAvversi" VALUES (2021092105171939, 'febbre', 5, '');
INSERT INTO public."EventiAvversi" VALUES (2021053108184182, 'crisi chipertensiva', 1, '');
INSERT INTO public."EventiAvversi" VALUES (2021053108184182, 'linfoadenopatia', 3, '');
INSERT INTO public."EventiAvversi" VALUES (2021053108184182, 'tachicardia', 3, '');
INSERT INTO public."EventiAvversi" VALUES (2021053108184182, 'febbre', 5, 'Evento di tipo: febbre');
INSERT INTO public."EventiAvversi" VALUES (2021053108184182, 'dolori muscolari e articolari', 5, 'Evento di tipo: dolori muscolari e articolari');
INSERT INTO public."EventiAvversi" VALUES (2021013109172889, 'crisi chipertensiva', 1, '');
INSERT INTO public."EventiAvversi" VALUES (2021013109172889, 'linfoadenopatia', 3, 'Evento di tipo: linfoadenopatia');
INSERT INTO public."EventiAvversi" VALUES (2021013109172889, 'mal di testa', 2, '');
INSERT INTO public."EventiAvversi" VALUES (2021101717174634, 'linfoadenopatia', 3, '');
INSERT INTO public."EventiAvversi" VALUES (2021101717174634, 'dolori muscolari e articolari', 4, '');
INSERT INTO public."EventiAvversi" VALUES (2021101717174634, 'mal di testa', 2, 'Evento di tipo: mal di testa');
INSERT INTO public."EventiAvversi" VALUES (2021091600331690, 'linfoadenopatia', 3, '');
INSERT INTO public."EventiAvversi" VALUES (2021091600331690, 'dolori muscolari e articolari', 4, 'Evento: dolori muscolari e articolari ha una severita di: 4');
INSERT INTO public."EventiAvversi" VALUES (2021091600331690, 'febbre', 5, '');
INSERT INTO public."EventiAvversi" VALUES (2021021604174475, 'mal di testa', 1, '');
INSERT INTO public."EventiAvversi" VALUES (2021021604174475, 'linfoadenopatia', 3, '');
INSERT INTO public."EventiAvversi" VALUES (2021021604174475, 'tachicardia', 4, '');
INSERT INTO public."EventiAvversi" VALUES (2021021604174475, 'dolori muscolari e articolari', 5, 'Evento: dolori muscolari e articolari ha una severita di: 5');
INSERT INTO public."EventiAvversi" VALUES (2021021604174475, 'crisi chipertensiva', 5, '');
INSERT INTO public."EventiAvversi" VALUES (2021062123083857, 'febbre', 5, '');
INSERT INTO public."EventiAvversi" VALUES (2021050315454664, 'mal di testa', 2, '');
INSERT INTO public."EventiAvversi" VALUES (2021050315454664, 'febbre', 2, '');
INSERT INTO public."EventiAvversi" VALUES (2021050315454664, 'crisi chipertensiva', 3, 'Evento: crisi chipertensiva ha una severita di: 3');
INSERT INTO public."EventiAvversi" VALUES (2021051910303469, 'linfoadenopatia', 3, '');
INSERT INTO public."EventiAvversi" VALUES (2021051910303469, 'febbre', 5, 'Questo evento ha severita: 5');
INSERT INTO public."EventiAvversi" VALUES (2021051910303469, 'tachicardia', 4, '');
INSERT INTO public."EventiAvversi" VALUES (2021051910303469, 'mal di testa', 2, '');
INSERT INTO public."EventiAvversi" VALUES (2021051910303469, 'crisi chipertensiva', 5, '');
INSERT INTO public."EventiAvversi" VALUES (2021101911123444, 'mal di testa', 2, '');
INSERT INTO public."EventiAvversi" VALUES (2021053118552084, 'crisi chipertensiva', 1, 'Evento: crisi chipertensiva ha una severita di: 1');
INSERT INTO public."EventiAvversi" VALUES (2021053118552084, 'febbre', 5, '');
INSERT INTO public."EventiAvversi" VALUES (2021053118552084, 'mal di testa', 1, '');
INSERT INTO public."EventiAvversi" VALUES (2021053118552084, 'linfoadenopatia', 5, '');
INSERT INTO public."EventiAvversi" VALUES (2021053118552084, 'tachicardia', 5, 'Evento: tachicardia ha una severita di: 5');
INSERT INTO public."EventiAvversi" VALUES (2021110800352958, 'febbre', 5, 'Questo evento ha severita: 5');
INSERT INTO public."EventiAvversi" VALUES (2021110800352958, 'crisi chipertensiva', 2, 'Evento di tipo: crisi chipertensiva');
INSERT INTO public."EventiAvversi" VALUES (2021110800352958, 'tachicardia', 3, 'Evento di tipo: tachicardia');
INSERT INTO public."EventiAvversi" VALUES (2021110800352958, 'dolori muscolari e articolari', 5, '');
INSERT INTO public."EventiAvversi" VALUES (2021110800352958, 'mal di testa', 1, '');
INSERT INTO public."EventiAvversi" VALUES (2021022716101066, 'dolori muscolari e articolari', 3, '');
INSERT INTO public."EventiAvversi" VALUES (2021022716101066, 'crisi chipertensiva', 4, 'Evento: crisi chipertensiva ha una severita di: 4');
INSERT INTO public."EventiAvversi" VALUES (2021022716101066, 'mal di testa', 1, 'Questo evento ha severita: 1');
INSERT INTO public."EventiAvversi" VALUES (2021022716101066, 'tachicardia', 3, '');
INSERT INTO public."EventiAvversi" VALUES (2021102100300228, 'febbre', 5, '');
INSERT INTO public."EventiAvversi" VALUES (2021102100300228, 'crisi chipertensiva', 4, 'Evento: crisi chipertensiva ha una severita di: 4');
INSERT INTO public."EventiAvversi" VALUES (2021102100300228, 'tachicardia', 3, '');
INSERT INTO public."EventiAvversi" VALUES (2021102100300228, 'dolori muscolari e articolari', 5, '');
INSERT INTO public."EventiAvversi" VALUES (2021102100300228, 'mal di testa', 2, 'Evento: mal di testa ha una severita di: 2');
INSERT INTO public."EventiAvversi" VALUES (2021042810431211, 'crisi chipertensiva', 1, '');
INSERT INTO public."EventiAvversi" VALUES (2021042810431211, 'mal di testa', 2, 'Evento: mal di testa ha una severita di: 2');
INSERT INTO public."EventiAvversi" VALUES (2021042810431211, 'dolori muscolari e articolari', 5, '');
INSERT INTO public."EventiAvversi" VALUES (2021092314474691, 'linfoadenopatia', 3, '');
INSERT INTO public."EventiAvversi" VALUES (2021092314474691, 'dolori muscolari e articolari', 4, 'Evento: dolori muscolari e articolari ha una severita di: 4');
INSERT INTO public."EventiAvversi" VALUES (2021092314474691, 'febbre', 5, 'Evento: febbre ha una severita di: 5');
INSERT INTO public."EventiAvversi" VALUES (2021092314474691, 'mal di testa', 1, '');
INSERT INTO public."EventiAvversi" VALUES (2021092314474691, 'tachicardia', 1, '');
INSERT INTO public."EventiAvversi" VALUES (2021012920075027, 'tachicardia', 2, 'Questo evento ha severita: 2');
INSERT INTO public."EventiAvversi" VALUES (2021012920075027, 'crisi chipertensiva', 2, '');
INSERT INTO public."EventiAvversi" VALUES (2021081505092145, 'mal di testa', 1, '');
INSERT INTO public."EventiAvversi" VALUES (2021073108113553, 'linfoadenopatia', 3, '');
INSERT INTO public."EventiAvversi" VALUES (2021073108113553, 'mal di testa', 2, '');
INSERT INTO public."EventiAvversi" VALUES (2021073108113553, 'febbre', 2, '');
INSERT INTO public."EventiAvversi" VALUES (2021010816531542, 'mal di testa', 2, '');
INSERT INTO public."EventiAvversi" VALUES (2021010816531542, 'dolori muscolari e articolari', 5, '');
INSERT INTO public."EventiAvversi" VALUES (2021010816531542, 'linfoadenopatia', 5, 'Questo evento ha severita: 5');
INSERT INTO public."EventiAvversi" VALUES (2021051905213042, 'dolori muscolari e articolari', 4, '');
INSERT INTO public."EventiAvversi" VALUES (2021051905213042, 'linfoadenopatia', 4, '');
INSERT INTO public."EventiAvversi" VALUES (2021051905213042, 'tachicardia', 3, '');
INSERT INTO public."EventiAvversi" VALUES (2021102909421521, 'mal di testa', 2, 'Evento di tipo: mal di testa');
INSERT INTO public."EventiAvversi" VALUES (2021102909421521, 'tachicardia', 3, '');
INSERT INTO public."EventiAvversi" VALUES (2021102909421521, 'dolori muscolari e articolari', 5, '');
INSERT INTO public."EventiAvversi" VALUES (2021072816085151, 'tachicardia', 3, 'Questo evento ha severita: 3');
INSERT INTO public."EventiAvversi" VALUES (2021050308520597, 'crisi chipertensiva', 1, '');
INSERT INTO public."EventiAvversi" VALUES (2021050308520597, 'mal di testa', 1, '');
INSERT INTO public."EventiAvversi" VALUES (2021050520343686, 'mal di testa', 1, '');
INSERT INTO public."EventiAvversi" VALUES (2021050520343686, 'linfoadenopatia', 3, '');
INSERT INTO public."EventiAvversi" VALUES (2021050520343686, 'crisi chipertensiva', 3, 'Evento: crisi chipertensiva ha una severita di: 3');
INSERT INTO public."EventiAvversi" VALUES (2021050520343686, 'febbre', 2, '');
INSERT INTO public."EventiAvversi" VALUES (2021010521320966, 'mal di testa', 2, 'Evento di tipo: mal di testa');
INSERT INTO public."EventiAvversi" VALUES (2021010521320966, 'linfoadenopatia', 4, 'Evento di tipo: linfoadenopatia');
INSERT INTO public."EventiAvversi" VALUES (2021100720312134, 'linfoadenopatia', 3, '');
INSERT INTO public."EventiAvversi" VALUES (2021100720312134, 'dolori muscolari e articolari', 3, '');
INSERT INTO public."EventiAvversi" VALUES (2021100720312134, 'febbre', 5, '');
INSERT INTO public."EventiAvversi" VALUES (2021072819253137, 'mal di testa', 1, '');
INSERT INTO public."EventiAvversi" VALUES (2021072819253137, 'febbre', 1, '');
INSERT INTO public."EventiAvversi" VALUES (2021072819253137, 'tachicardia', 3, '');
INSERT INTO public."EventiAvversi" VALUES (2021072819253137, 'linfoadenopatia', 5, 'Evento: linfoadenopatia ha una severita di: 5');
INSERT INTO public."EventiAvversi" VALUES (2021072819253137, 'dolori muscolari e articolari', 1, '');
INSERT INTO public."EventiAvversi" VALUES (2021111611285036, 'mal di testa', 1, '');
INSERT INTO public."EventiAvversi" VALUES (2021111611285036, 'dolori muscolari e articolari', 5, 'Evento: dolori muscolari e articolari ha una severita di: 5');
INSERT INTO public."EventiAvversi" VALUES (2021111611285036, 'linfoadenopatia', 5, 'Evento: linfoadenopatia ha una severita di: 5');
INSERT INTO public."EventiAvversi" VALUES (2021102112372734, 'febbre', 5, '');
INSERT INTO public."EventiAvversi" VALUES (2021102112372734, 'linfoadenopatia', 4, 'Evento: linfoadenopatia ha una severita di: 4');
INSERT INTO public."EventiAvversi" VALUES (2021102112372734, 'tachicardia', 3, 'Evento: tachicardia ha una severita di: 3');
INSERT INTO public."EventiAvversi" VALUES (2021102112372734, 'crisi chipertensiva', 3, '');
INSERT INTO public."EventiAvversi" VALUES (2021102112372734, 'dolori muscolari e articolari', 5, '');
INSERT INTO public."EventiAvversi" VALUES (2021110619550066, 'linfoadenopatia', 3, '');
INSERT INTO public."EventiAvversi" VALUES (2021110619550066, 'febbre', 5, '');
INSERT INTO public."EventiAvversi" VALUES (2021033104340982, 'linfoadenopatia', 3, '');
INSERT INTO public."EventiAvversi" VALUES (2021111710164230, 'linfoadenopatia', 3, 'Evento: linfoadenopatia ha una severita di: 3');
INSERT INTO public."EventiAvversi" VALUES (2021111710164230, 'crisi chipertensiva', 3, '');
INSERT INTO public."EventiAvversi" VALUES (2021111710164230, 'tachicardia', 3, '');
INSERT INTO public."EventiAvversi" VALUES (2021111710164230, 'dolori muscolari e articolari', 3, '');
INSERT INTO public."EventiAvversi" VALUES (2021111710164230, 'mal di testa', 1, '');
INSERT INTO public."EventiAvversi" VALUES (2021040319372998, 'febbre', 5, '');
INSERT INTO public."EventiAvversi" VALUES (2021040319372998, 'tachicardia', 3, 'Questo evento ha severita: 3');
INSERT INTO public."EventiAvversi" VALUES (2021040319372998, 'linfoadenopatia', 4, '');
INSERT INTO public."EventiAvversi" VALUES (2021020802382849, 'tachicardia', 4, '');
INSERT INTO public."EventiAvversi" VALUES (2021020802382849, 'mal di testa', 2, 'Evento: mal di testa ha una severita di: 2');
INSERT INTO public."EventiAvversi" VALUES (2021020802382849, 'crisi chipertensiva', 3, 'Questo evento ha severita: 3');
INSERT INTO public."EventiAvversi" VALUES (2021020802382849, 'febbre', 2, '');
INSERT INTO public."EventiAvversi" VALUES (2021020802382849, 'linfoadenopatia', 5, '');
INSERT INTO public."EventiAvversi" VALUES (2021110413210970, 'linfoadenopatia', 3, 'Questo evento ha severita: 3');
INSERT INTO public."EventiAvversi" VALUES (2021110413210970, 'tachicardia', 3, '');
INSERT INTO public."EventiAvversi" VALUES (2021110413210970, 'mal di testa', 1, '');
INSERT INTO public."EventiAvversi" VALUES (2021110413210970, 'dolori muscolari e articolari', 5, '');
INSERT INTO public."EventiAvversi" VALUES (2021110413210970, 'crisi chipertensiva', 5, '');
INSERT INTO public."EventiAvversi" VALUES (2021040510251934, 'dolori muscolari e articolari', 4, '');
INSERT INTO public."EventiAvversi" VALUES (2021061609013758, 'linfoadenopatia', 3, '');
INSERT INTO public."EventiAvversi" VALUES (2021061609013758, 'dolori muscolari e articolari', 4, '');
INSERT INTO public."EventiAvversi" VALUES (2021061609013758, 'tachicardia', 3, '');
INSERT INTO public."EventiAvversi" VALUES (2021061609013758, 'crisi chipertensiva', 4, 'Evento di tipo: crisi chipertensiva');
INSERT INTO public."EventiAvversi" VALUES (2021060809480967, 'linfoadenopatia', 3, '');
INSERT INTO public."EventiAvversi" VALUES (2021060809480967, 'dolori muscolari e articolari', 3, 'Evento di tipo: dolori muscolari e articolari');
INSERT INTO public."EventiAvversi" VALUES (2021060809480967, 'crisi chipertensiva', 3, 'Questo evento ha severita: 3');
INSERT INTO public."EventiAvversi" VALUES (2021091218251573, 'mal di testa', 1, '');
INSERT INTO public."EventiAvversi" VALUES (2021091218251573, 'crisi chipertensiva', 4, '');
INSERT INTO public."EventiAvversi" VALUES (2021052319360147, 'dolori muscolari e articolari', 3, '');
INSERT INTO public."EventiAvversi" VALUES (2021052319360147, 'crisi chipertensiva', 3, '');


--
-- TOC entry 3434 (class 0 OID 84719)
-- Dependencies: 207
-- Data for Name: vaccinati; Type: TABLE DATA; Schema: tabelle_cv; Owner: postgres
--

INSERT INTO tabelle_cv.vaccinati VALUES (2021053000350592, 'GLNLDV06D56B754V', 'ASST DI CREMONA');
INSERT INTO tabelle_cv.vaccinati VALUES (2021030903171311, 'GGLFBA02H09G634A', 'ASST DI BERGAMO EST');
INSERT INTO tabelle_cv.vaccinati VALUES (2021051905213042, 'VSCNTL07P65L535L', 'ISTITUTO AUXOLOGICO ITALIANO SAN MICHELE');
INSERT INTO tabelle_cv.vaccinati VALUES (2021030700201429, 'CDDLVO04R70L752F', 'IRCCS CENTRO MEDICO DI CASTEL GOFFREDO');
INSERT INTO tabelle_cv.vaccinati VALUES (2021082319342047, 'SGESVR04P09C033K', 'ISTITUTO CLINICO CITTA DI BRESCIA');
INSERT INTO tabelle_cv.vaccinati VALUES (2021100414433676, 'DRVVNI08B27A413Y', 'CASA DI CURA BEATO TALAMONI');
INSERT INTO tabelle_cv.vaccinati VALUES (2021082702534711, 'GHISNT02H53C329G', 'ASST DELLA FRANCIACORTA');
INSERT INTO tabelle_cv.vaccinati VALUES (2021013108183194, 'CNTSTF02D55M162Q', 'ASST DELLA VALCAMONICA');
INSERT INTO tabelle_cv.vaccinati VALUES (2021083113112418, 'RMGLSU05R25E102M', 'IRCCS CENTRO MEDICO DI LUMEZZANE');
INSERT INTO tabelle_cv.vaccinati VALUES (2021030521580125, 'VRSMRC03P07F703K', 'ASST DEL GARDA');
INSERT INTO tabelle_cv.vaccinati VALUES (2021090819404778, 'VCCLSU07T67B484C', 'IRCCS CENTRO MEDICO DI CASTEL GOFFREDO');
INSERT INTO tabelle_cv.vaccinati VALUES (2021111321295811, 'RSSNSI01H65B272X', 'ASST DI CREMA');
INSERT INTO tabelle_cv.vaccinati VALUES (2021021520400320, 'GLNCRM07C29L404D', 'ASST GRANDE OSPEDALE METROPOLITANO NIGUA');
INSERT INTO tabelle_cv.vaccinati VALUES (2021090811553210, 'GLNMRS00C04F712X', 'ASST DELLA VALLE OLONA');
INSERT INTO tabelle_cv.vaccinati VALUES (2021070322124232, 'DRVNRM08M52L285L', 'IRCCS OSPEDALE CAPITANIO');
INSERT INTO tabelle_cv.vaccinati VALUES (2021043005343247, 'MCJLCU00R07L883S', 'FONDAZIONE IRCCS CA GRANDA OSPEDALE MAGGI');
INSERT INTO tabelle_cv.vaccinati VALUES (2021091723310681, 'CTZDAA00E57L709C', 'CASA DI CURA BEATO PALAZZOLO');
INSERT INTO tabelle_cv.vaccinati VALUES (2021012610340522, 'VGLVLM03D49E593W', 'CASA DI CURA FIGLIE DI SAN CAMILLO');
INSERT INTO tabelle_cv.vaccinati VALUES (2021110510190576, 'DLPDBR09R70E193J', 'ASST DI MONZA');
INSERT INTO tabelle_cv.vaccinati VALUES (2021071307040381, 'MRALTZ03D49C730P', 'CASA DI CURA DEL POLICLINICO');
INSERT INTO tabelle_cv.vaccinati VALUES (2021102201301025, 'LZZCLO09S68B978L', 'CASA DI CURA BEATO TALAMONI');
INSERT INTO tabelle_cv.vaccinati VALUES (2021070303583437, 'KPTRNZ07P13C637T', 'CASA DI CURA LE BETULLE');
INSERT INTO tabelle_cv.vaccinati VALUES (2021041623502549, 'LZZMRN05C63C396M', 'ASST DI BERGAMO EST');
INSERT INTO tabelle_cv.vaccinati VALUES (2021031103582355, 'MSNRFF08D54E094O', 'ASST DELLA VALLE OLONA');
INSERT INTO tabelle_cv.vaccinati VALUES (2021101906265759, 'BNCCNS09D01B820U', 'ASST DI LECCO');
INSERT INTO tabelle_cv.vaccinati VALUES (2021080116513141, 'VLVCHR07B20L015A', 'ASST DI CREMA');
INSERT INTO tabelle_cv.vaccinati VALUES (2021092717561446, 'RMPGRT06A53E738P', 'ASST DI MANTOVA');
INSERT INTO tabelle_cv.vaccinati VALUES (2021010716421046, 'MBRLNU04H69B501L', 'CASA DI CURA MATER DOMINI');
INSERT INTO tabelle_cv.vaccinati VALUES (2021062023290544, 'CRAFLV01E07C408H', 'ASST DI MONZA');
INSERT INTO tabelle_cv.vaccinati VALUES (2021030303293263, 'VLVCHA00E49D280Y', 'ASST DI PAVIA');
INSERT INTO tabelle_cv.vaccinati VALUES (2021040201532929, 'HYSTTV06A08D013Q', 'ASST GRANDE OSPEDALE METROPOLITANO NIGUA');
INSERT INTO tabelle_cv.vaccinati VALUES (2021091818523751, 'VSPNDR00A51B038V', 'ASST DELLA FRANCIACORTA');
INSERT INTO tabelle_cv.vaccinati VALUES (2021010823505593, 'RVRRMO08H05F427C', 'ASST DI LODI');
INSERT INTO tabelle_cv.vaccinati VALUES (2021111104081933, 'CGGLNE00M68B014N', 'IRCCS SAN RAFFAELE');
INSERT INTO tabelle_cv.vaccinati VALUES (2021013106122492, 'MRGLNI06H46I943Q', 'ASST DI BERGAMO OVEST');
INSERT INTO tabelle_cv.vaccinati VALUES (2021102100300228, 'BLLMRT09B48B447O', 'ISTITUTO CLINICO HUMANITAS');
INSERT INTO tabelle_cv.vaccinati VALUES (2021081109230039, 'TRSCLO07H65A127W', 'ASST DI CREMA');
INSERT INTO tabelle_cv.vaccinati VALUES (2021010721350091, 'FLCRSL04C47I168D', 'ASST DI LODI');
INSERT INTO tabelle_cv.vaccinati VALUES (2021101414331916, 'NGRCNC07E44B124W', 'CASA DI CURA MANGIONI');
INSERT INTO tabelle_cv.vaccinati VALUES (2021101417021460, 'RROZOE07S43B228E', 'CASA DI CURA CITTADELLA SOCIALE');
INSERT INTO tabelle_cv.vaccinati VALUES (2021041417593811, 'SDKGNP04S07H535Y', 'ASST DEL GARDA');
INSERT INTO tabelle_cv.vaccinati VALUES (2020122806312158, 'LTTMRA03S47L015Q', 'FONDAZIONE ISTITUTO NEUROLOGICO MONDINO');
INSERT INTO tabelle_cv.vaccinati VALUES (2021102305291088, 'DZZDEI08H60A034R', 'ASST DELLA BRIANZA');
INSERT INTO tabelle_cv.vaccinati VALUES (2021111611285036, 'STLGLI06E06H918C', 'ISTITUTO AUXOLOGICO ITALIANO SAN LUCA');
INSERT INTO tabelle_cv.vaccinati VALUES (2021030515102728, 'SCLFLP00S46E261L', 'CASA DI CURA MATER DOMINI');
INSERT INTO tabelle_cv.vaccinati VALUES (2021050520173336, 'PRCRLN02S06F806Y', 'CASA DI CURA BEATO TALAMONI');
INSERT INTO tabelle_cv.vaccinati VALUES (2021051515584310, 'VDANCC03L15A940E', 'ASST GRANDE OSPEDALE METROPOLITANO NIGUA');
INSERT INTO tabelle_cv.vaccinati VALUES (2021030320505566, 'DLPLCU04T03I014Y', 'FONDAZIONE ISTITUTO NEUROLOGICO MONDINO');
INSERT INTO tabelle_cv.vaccinati VALUES (2021082809541788, 'DNGRTN06L17H827X', 'ASST DI MANTOVA');
INSERT INTO tabelle_cv.vaccinati VALUES (2021071810201689, 'CSTMLN06P26B530H', 'ASST MELEGNANO E DELLA MARTESANA');
INSERT INTO tabelle_cv.vaccinati VALUES (2021102505430180, 'BNCLXA05P27I786A', 'ASST DI LODI');
INSERT INTO tabelle_cv.vaccinati VALUES (2021100401124336, 'SRCMRT02A66L593I', 'ASST DI MONZA');
INSERT INTO tabelle_cv.vaccinati VALUES (2021012200453190, 'GRSRMN06H51C724V', 'CASA DI CURA BEATO TALAMONI');
INSERT INTO tabelle_cv.vaccinati VALUES (2021100322041290, 'PRRSMN03A70L404P', 'ASST DI MONZA');
INSERT INTO tabelle_cv.vaccinati VALUES (2021062806510258, 'CCMNTN05P59A802U', 'ASST DI CREMONA');
INSERT INTO tabelle_cv.vaccinati VALUES (2021051500242095, 'NSNLRN03H42L923F', 'ASST DEGLI SPEDALI CIVILI DI BRESCIA');
INSERT INTO tabelle_cv.vaccinati VALUES (2021111305094678, 'TTNTTR01T18A787Z', 'ASST DI CREMONA');
INSERT INTO tabelle_cv.vaccinati VALUES (2021010903272344, 'PVNLNU07M68C785E', 'ASST DELLA VALCAMONICA');
INSERT INTO tabelle_cv.vaccinati VALUES (2021101621050165, 'PRRTRS09T43A661Z', 'ASST DI BERGAMO EST');
INSERT INTO tabelle_cv.vaccinati VALUES (2021112513311961, 'BLGRNI03P57F084T', 'ASST DI CREMA');
INSERT INTO tabelle_cv.vaccinati VALUES (2021080522475183, 'GHRMJL09C48H026H', 'CASA DI CURA BEATO TALAMONI');
INSERT INTO tabelle_cv.vaccinati VALUES (2021051814020175, 'MGLSLV08B61A705M', 'ASST DI LODI');
INSERT INTO tabelle_cv.vaccinati VALUES (2021021914031677, 'VTLDMN02R45E581Q', 'ASST DELLA VALCAMONICA');
INSERT INTO tabelle_cv.vaccinati VALUES (2021071910435495, 'SCCPRL08P19F115C', 'HABILITA ISTITUTO CLINICO OSPEDALE DI SARNICO');
INSERT INTO tabelle_cv.vaccinati VALUES (2021110808514320, 'GVLDNS04T09H505Y', 'IRCCS CENTRO MEDICO DI LUMEZZANE');
INSERT INTO tabelle_cv.vaccinati VALUES (2021092514463046, 'BSSLNI03E09L115Y', 'IRCCS POLICLINICO SAN DONATO');
INSERT INTO tabelle_cv.vaccinati VALUES (2021060304064189, 'MSSMCL09R47E665X', 'FONDAZIONE POLIAMBULANZA');
INSERT INTO tabelle_cv.vaccinati VALUES (2021072612564368, 'TNORNL05L11C325R', 'CASA DI CURA IGEA');
INSERT INTO tabelle_cv.vaccinati VALUES (2021071807051439, 'CTZSMN09A50C512E', 'CASA DI CURA MATER DOMINI');
INSERT INTO tabelle_cv.vaccinati VALUES (2021051607591056, 'RGGRLA07H12L577Z', 'CASA DI CURA IGEA');
INSERT INTO tabelle_cv.vaccinati VALUES (2021092714365268, 'FLLDNN03T26L380W', 'CASA DI CURA IGEA');
INSERT INTO tabelle_cv.vaccinati VALUES (2021011612104433, 'LFRGNC05S04L434A', 'ASST DI CREMA');
INSERT INTO tabelle_cv.vaccinati VALUES (2021110902243514, 'CNTFLR04T63C982W', 'IRCCS CENTRO MEDICO DI PAVIA');
INSERT INTO tabelle_cv.vaccinati VALUES (2021022814455817, 'VGNLSB08R69E439L', 'CASA DI CURA BEATO TALAMONI');
INSERT INTO tabelle_cv.vaccinati VALUES (2021012208350899, 'VGNGHR02E19F783R', 'IRCCS CENTRO MEDICO DI CASTEL GOFFREDO');
INSERT INTO tabelle_cv.vaccinati VALUES (2021101917520593, 'CSTMRC01R30F373V', 'ASST DEI SETTE LAGHI');
INSERT INTO tabelle_cv.vaccinati VALUES (2021031809331015, 'VLDTRS00B05E607T', 'IRCCS SAN RAFFAELE');
INSERT INTO tabelle_cv.vaccinati VALUES (2021070623203188, 'BGNNIO00C10B166Y', 'ASST DELLA VALCAMONICA');
INSERT INTO tabelle_cv.vaccinati VALUES (2021102112372734, 'CNBVTI03M51A995B', 'ISTITUTO AUXOLOGICO ITALIANO SAN LUCA');
INSERT INTO tabelle_cv.vaccinati VALUES (2021042410330659, 'RCCLRT00T65G075K', 'CASA DI CURA LE TERRAZZE');
INSERT INTO tabelle_cv.vaccinati VALUES (2021031022543946, 'LNERNL01B54G021V', 'CASA DI CURA LE BETULLE');
INSERT INTO tabelle_cv.vaccinati VALUES (2021032515422082, 'VRCGSP05B09I997R', 'ASST DELLA VALCAMONICA');
INSERT INTO tabelle_cv.vaccinati VALUES (2021111319075230, 'DLBVLB02S53A950U', 'ASST DI LODI');
INSERT INTO tabelle_cv.vaccinati VALUES (2021040414420543, 'KSAGNI00S01G324O', 'IRCCS POLICLINICO SAN DONATO');
INSERT INTO tabelle_cv.vaccinati VALUES (2021100700591654, 'MLUNRO07C47G028M', 'ASST DI BERGAMO OVEST');
INSERT INTO tabelle_cv.vaccinati VALUES (2021042810431211, 'SCHRSL09P61C839F', 'ISTITUTO CLINICO HUMANITAS');
INSERT INTO tabelle_cv.vaccinati VALUES (2021060518365071, 'MSSCLG06M06B110Z', 'ASST DEL GARDA');
INSERT INTO tabelle_cv.vaccinati VALUES (2021032306461904, 'NREDLA09P55G549Y', 'IRCCS CENTRO MEDICO TRADATE');
INSERT INTO tabelle_cv.vaccinati VALUES (2021050407380336, 'SCCPTR07H07E100I', 'ASST DI PAVIA');
INSERT INTO tabelle_cv.vaccinati VALUES (2021072422191171, 'BLBMDA06D06B730D', 'CASA DI CURA BEATO PALAZZOLO');
INSERT INTO tabelle_cv.vaccinati VALUES (2021102623122023, 'PTRMBR01M65E454V', 'ASST DELLA BRIANZA');
INSERT INTO tabelle_cv.vaccinati VALUES (2021013100012663, 'STRRBN05S02I203I', 'CASA DI CURA MANGIONI');
INSERT INTO tabelle_cv.vaccinati VALUES (2021042519092657, 'VRCJCP05R31M176I', 'CASA DI CURA BEATO PALAZZOLO');
INSERT INTO tabelle_cv.vaccinati VALUES (2021102909421521, 'CVLMMZ04L53I994X', 'ISTITUTO AUXOLOGICO ITALIANO SAN MICHELE');
INSERT INTO tabelle_cv.vaccinati VALUES (2021020912472593, 'LVRDLT07P59B123C', 'IRCCS SAN RAFFAELE');
INSERT INTO tabelle_cv.vaccinati VALUES (2021040912212315, 'HFDPRN07C68G907R', 'ISTITUTO CLINICO CITTA DI BRESCIA');
INSERT INTO tabelle_cv.vaccinati VALUES (2021052301032943, 'CMRFTN06P63M156I', 'ASST DI BERGAMO OVEST');
INSERT INTO tabelle_cv.vaccinati VALUES (2021081223200030, 'NBLMRL00B49A365E', 'ASST DI PAVIA');
INSERT INTO tabelle_cv.vaccinati VALUES (2020123120195344, 'LRCVTI09H04G418K', 'IRCCS SAN RAFFAELE');
INSERT INTO tabelle_cv.vaccinati VALUES (2021101700252033, 'CTZRST09E47F085G', 'ASST DI MONZA');
INSERT INTO tabelle_cv.vaccinati VALUES (2021032411554339, 'GSCYAA03D41H521W', 'ASST DI MONZA');
INSERT INTO tabelle_cv.vaccinati VALUES (2021040311584558, 'PRNNCL03A45L175S', 'FONDAZIONE IRCCS ISTITUTO NAZIONALE TUMORI');
INSERT INTO tabelle_cv.vaccinati VALUES (2021033109462437, 'SDKNTN04P51D604T', 'ASST DI CREMONA');
INSERT INTO tabelle_cv.vaccinati VALUES (2021012800430916, 'NRUMRJ00S44H614K', 'CASA DI CURA LE BETULLE');
INSERT INTO tabelle_cv.vaccinati VALUES (2021072923190976, 'LFRGRI05D18M150M', 'ASST DEL GARDA');
INSERT INTO tabelle_cv.vaccinati VALUES (2021061420563790, 'DMRMLN07E58L250P', 'ASST DEI SETTE LAGHI');
INSERT INTO tabelle_cv.vaccinati VALUES (2021072117563354, 'CSTPRL00E03L426V', 'ASST LARIANA');
INSERT INTO tabelle_cv.vaccinati VALUES (2021010720554382, 'PSSJCP04S29C730V', 'ISTITUTO CLINICO HUMANITAS');
INSERT INTO tabelle_cv.vaccinati VALUES (2021051223433295, 'CSTCLL03M47C563V', 'IRCCS CENTRO MEDICO TRADATE');
INSERT INTO tabelle_cv.vaccinati VALUES (2021021601503590, 'NBLNDR04A16C520Y', 'ASST DI BERGAMO OVEST');
INSERT INTO tabelle_cv.vaccinati VALUES (2021111209405150, 'MRNNZE04T48C698A', 'ASST DI MONZA');
INSERT INTO tabelle_cv.vaccinati VALUES (2021111702132332, 'PRRKTS01A58F788Q', 'ASST DI LODI');
INSERT INTO tabelle_cv.vaccinati VALUES (2021060809480967, 'PLLLSS08H65L563L', 'ISTITUTO CLINICO SANT AMBROGIO SPA');
INSERT INTO tabelle_cv.vaccinati VALUES (2021100718073534, 'CLMLRA09T57C678M', 'IRCCS CENTRO MEDICO DI CASTEL GOFFREDO');
INSERT INTO tabelle_cv.vaccinati VALUES (2021021919292436, 'STTNCL02R48D127A', 'CASA DI CURA CITTADELLA SOCIALE');
INSERT INTO tabelle_cv.vaccinati VALUES (2021011123291144, 'CPLZHR00S48E292M', 'ASST DI MONZA');
INSERT INTO tabelle_cv.vaccinati VALUES (2021062123083857, 'BNLLDA05B51C516Z', 'IRCCS CENTRO MEDICO TRADATE');
INSERT INTO tabelle_cv.vaccinati VALUES (2021041418575352, 'VLLCLL07M49H827I', 'CASA DI CURA MATER DOMINI');
INSERT INTO tabelle_cv.vaccinati VALUES (2021061615343939, 'BSOMRA06R43A376A', 'HABILITA ISTITUTO CLINICO OSPEDALE DI SARNICO');
INSERT INTO tabelle_cv.vaccinati VALUES (2021082515054948, 'MTABNC03B58F002W', 'FONDAZIONE IRCCS ISTITUTO NAZIONALE TUMORI');
INSERT INTO tabelle_cv.vaccinati VALUES (2020122806384869, 'PZZLNI05B47I497E', 'CASA DI CURA BEATO PALAZZOLO');
INSERT INTO tabelle_cv.vaccinati VALUES (2021101613544281, 'SPRRNS00T64B613O', 'CASA DI CURA LE BETULLE');
INSERT INTO tabelle_cv.vaccinati VALUES (2021030618451867, 'PRCRNI03C43A517R', 'CASA DI CURA MANGIONI');
INSERT INTO tabelle_cv.vaccinati VALUES (2021020607214979, 'STFGRZ06C63D244Z', 'ASST DEI SETTE LAGHI');
INSERT INTO tabelle_cv.vaccinati VALUES (2021080720380243, 'BRBMGD00E67A989A', 'ASST DI PAVIA');
INSERT INTO tabelle_cv.vaccinati VALUES (2021081106281854, 'SCZPIA01M69B100Q', 'ASST GRANDE OSPEDALE METROPOLITANO NIGUA');
INSERT INTO tabelle_cv.vaccinati VALUES (2021062922035417, 'RKERLA00H67H086Q', 'ASST FATEBENEFRATELLI SACCO');
INSERT INTO tabelle_cv.vaccinati VALUES (2021092910154868, 'MCCKVN06S08E934D', 'ASST DI CREMA');
INSERT INTO tabelle_cv.vaccinati VALUES (2021063023085811, 'FSSDNS07A49H331F', 'CASA DI CURA BEATO PALAZZOLO');
INSERT INTO tabelle_cv.vaccinati VALUES (2021021817055893, 'RSSNNI00M44D015Z', 'ASST DEI SETTE LAGHI');
INSERT INTO tabelle_cv.vaccinati VALUES (2021031622020855, 'BSCGSP02T56M044P', 'ASST DELLA VALCAMONICA');
INSERT INTO tabelle_cv.vaccinati VALUES (2021071522552335, 'NGRRMN08A24H491Y', 'ASST DELLA VALTELLINA E DELL ALTO LARIO');
INSERT INTO tabelle_cv.vaccinati VALUES (2021092314474691, 'DLPNMA07A60E600K', 'ISTITUTO CLINICO HUMANITAS');
INSERT INTO tabelle_cv.vaccinati VALUES (2021092105171939, 'PSCLNE01L42D286D', 'IRCCS CENTRO MEDICO DI PAVIA');
INSERT INTO tabelle_cv.vaccinati VALUES (2021100304143819, 'BRDMRN06H43C024C', 'ASST DEGLI SPEDALI CIVILI DI BRESCIA');
INSERT INTO tabelle_cv.vaccinati VALUES (2021013009013387, 'LFFNGL01C05I825T', 'HUMANITAS GAVAZZENI');
INSERT INTO tabelle_cv.vaccinati VALUES (2021092420551194, 'RSSMRL06R43A986J', 'ISTITUTO AUXOLOGICO ITALIANO SAN LUCA');
INSERT INTO tabelle_cv.vaccinati VALUES (2021031505344790, 'SLMGTN09S24F305C', 'IRCCS SAN RAFFAELE');
INSERT INTO tabelle_cv.vaccinati VALUES (2020123005450986, 'GRSWLL00R15H342X', 'CASA DI CURA BEATO PALAZZOLO');
INSERT INTO tabelle_cv.vaccinati VALUES (2021012105034351, 'FRLLCU02T02F247T', 'IRCCS OSPEDALE CAPITANIO');
INSERT INTO tabelle_cv.vaccinati VALUES (2021111821020280, 'FLLDNL03L46G026J', 'ISTITUTO CLINICO CITTA DI BRESCIA');
INSERT INTO tabelle_cv.vaccinati VALUES (2021060411193027, 'TRLBGI00E31E665G', 'ASST DI MANTOVA');
INSERT INTO tabelle_cv.vaccinati VALUES (2021102304321146, 'SRDMRN06A30G635O', 'ASST DI PAVIA');
INSERT INTO tabelle_cv.vaccinati VALUES (2021072623543960, 'MSSGDT03H51F884R', 'IRCCS CENTRO MEDICO DI CASTEL GOFFREDO');
INSERT INTO tabelle_cv.vaccinati VALUES (2021030404044123, 'VLLCRS02C03D963B', 'ASST DI LECCO');
INSERT INTO tabelle_cv.vaccinati VALUES (2021102806200985, 'BRNLRT00P50G407N', 'ASST MELEGNANO E DELLA MARTESANA');
INSERT INTO tabelle_cv.vaccinati VALUES (2021112411384066, 'MRKRNS03A27C050V', 'ASST DI MONZA');
INSERT INTO tabelle_cv.vaccinati VALUES (2021053101323490, 'PNNDNL05D11G906W', 'ASST DI LECCO');
INSERT INTO tabelle_cv.vaccinati VALUES (2021031705292192, 'RCCRNI05C41G350Q', 'IRCCS POLICLINICO SAN DONATO');
INSERT INTO tabelle_cv.vaccinati VALUES (2021102320354596, 'HUXNTN06C70L826N', 'IRCCS CENTRO MEDICO DI CASTEL GOFFREDO');
INSERT INTO tabelle_cv.vaccinati VALUES (2021110619550066, 'VLVSBN02L56H537Z', 'ISTITUTO AUXOLOGICO ITALIANO SAN LUCA');
INSERT INTO tabelle_cv.vaccinati VALUES (2021102710055523, 'GVNGRM07D56G889P', 'ASST GRANDE OSPEDALE METROPOLITANO NIGUA');
INSERT INTO tabelle_cv.vaccinati VALUES (2021110615094151, 'LNGMCH00H18G574Z', 'ISTITUTO CLINICO HUMANITAS');
INSERT INTO tabelle_cv.vaccinati VALUES (2021012621535786, 'CSLLNU03A58F165B', 'CASA DI CURA MANGIONI');
INSERT INTO tabelle_cv.vaccinati VALUES (2021013014481761, 'PRNSSN08A61E299I', 'ASST DI BERGAMO OVEST');
INSERT INTO tabelle_cv.vaccinati VALUES (2021062107153524, 'MBRRMO03T13B754E', 'CASA DI CURA IGEA');
INSERT INTO tabelle_cv.vaccinati VALUES (2021030800291938, 'GRMSVR01A25E102S', 'FONDAZIONE POLIAMBULANZA');
INSERT INTO tabelle_cv.vaccinati VALUES (2021061511391066, 'GROZKR05P19F703R', 'ASST MELEGNANO E DELLA MARTESANA');
INSERT INTO tabelle_cv.vaccinati VALUES (2021032311161384, 'SNNWLT00L01B711K', 'ASST MELEGNANO E DELLA MARTESANA');
INSERT INTO tabelle_cv.vaccinati VALUES (2021062421544169, 'PCAMRN03R23D038I', 'IRCCS POLICLINICO SAN DONATO');
INSERT INTO tabelle_cv.vaccinati VALUES (2021102300371124, 'FRIJSS01A71E794H', 'ASST DI LECCO');
INSERT INTO tabelle_cv.vaccinati VALUES (2021061913141934, 'CSTKRS03A48A818K', 'FONDAZIONE IRCCS ISTITUTO NAZIONALE TUMORI');
INSERT INTO tabelle_cv.vaccinati VALUES (2021083012182884, 'LKJVLI02T63L071N', 'ISTITUTO AUXOLOGICO ITALIANO SAN MICHELE');
INSERT INTO tabelle_cv.vaccinati VALUES (2021102609330678, 'GCCZOE09D64L547J', 'IRCCS CENTRO MEDICO DI PAVIA');
INSERT INTO tabelle_cv.vaccinati VALUES (2021033107544083, 'PVAMNL06B11A870Z', 'ASST FATEBENEFRATELLI SACCO');
INSERT INTO tabelle_cv.vaccinati VALUES (2021013109172889, 'BRBMRZ07L06A989J', 'IRCCS CENTRO MEDICO MONTESCANO');
INSERT INTO tabelle_cv.vaccinati VALUES (2021062601252334, 'SCGDMA08R12M394G', 'ASST DI CREMONA');
INSERT INTO tabelle_cv.vaccinati VALUES (2021080820571309, 'CMRGNN04S22F644R', 'IRCCS CENTRO MEDICO TRADATE');
INSERT INTO tabelle_cv.vaccinati VALUES (2021090204081634, 'PRSDLF00L12B137Y', 'FONDAZIONE IRCCS ISTITUTO NAZIONALE TUMORI');
INSERT INTO tabelle_cv.vaccinati VALUES (2021022521142059, 'CPLMTT04S14L784L', 'IRCCS CENTRO MEDICO DI CASTEL GOFFREDO');
INSERT INTO tabelle_cv.vaccinati VALUES (2021020523530852, 'GNZMTT00B24A371S', 'ASST DELLA FRANCIACORTA');
INSERT INTO tabelle_cv.vaccinati VALUES (2021092119213545, 'VRNSSN02E57G001B', 'ISTITUTO AUXOLOGICO ITALIANO SAN MICHELE');
INSERT INTO tabelle_cv.vaccinati VALUES (2021110722270117, 'PSCRSL09D54C050C', 'ASST DI MONZA');
INSERT INTO tabelle_cv.vaccinati VALUES (2021022407290590, 'RKEGNN09T22D081F', 'ASST MELEGNANO E DELLA MARTESANA');
INSERT INTO tabelle_cv.vaccinati VALUES (2021082008562456, 'CPPLFR06L31D266D', 'ASST DI PAVIA');
INSERT INTO tabelle_cv.vaccinati VALUES (2021080916541938, 'VNTRTI00E65L408O', 'FONDAZIONE POLIAMBULANZA');
INSERT INTO tabelle_cv.vaccinati VALUES (2021041114403237, 'SNNGRR06R51E994J', 'ASST DELLA FRANCIACORTA');
INSERT INTO tabelle_cv.vaccinati VALUES (2021101717174634, 'NVNSML07B13E841V', 'IRCCS CENTRO MEDICO MONTESCANO');
INSERT INTO tabelle_cv.vaccinati VALUES (2021050315454664, 'RTTMRA02B45B653F', 'IRCCS CENTRO MEDICO TRADATE');
INSERT INTO tabelle_cv.vaccinati VALUES (2021111117401177, 'CLSGVN02S56D924X', 'ASST DI MONZA');
INSERT INTO tabelle_cv.vaccinati VALUES (2021031605502952, 'BROMDD07D69H026N', 'ISTITUTO CLINICO CITTA DI BRESCIA');
INSERT INTO tabelle_cv.vaccinati VALUES (2021021104040773, 'GRDPRL01H14I437J', 'CASA DI CURA IGEA');
INSERT INTO tabelle_cv.vaccinati VALUES (2021012920075027, 'MRTNTN02R08L544A', 'ISTITUTO CLINICO HUMANITAS');
INSERT INTO tabelle_cv.vaccinati VALUES (2021070118162816, 'PZZSMN07H52M119N', 'IRCCS CENTRO MEDICO DI LUMEZZANE');
INSERT INTO tabelle_cv.vaccinati VALUES (2021031914391719, 'DBSMRN08P47H036I', 'ASST LARIANA');
INSERT INTO tabelle_cv.vaccinati VALUES (2021110518023780, 'VCCLNI07H43A288U', 'ASST DI CREMONA');
INSERT INTO tabelle_cv.vaccinati VALUES (2021070405195230, 'LFRLBR08B15A557Z', 'ASST DELLA VALLE OLONA');
INSERT INTO tabelle_cv.vaccinati VALUES (2021031205590074, 'GRCCRL08R62H255M', 'ASST DEL GARDA');
INSERT INTO tabelle_cv.vaccinati VALUES (2021042013503355, 'CRAGNN01P48M102D', 'ISTITUTO CLINICO SANT AMBROGIO SPA');
INSERT INTO tabelle_cv.vaccinati VALUES (2021021213294450, 'TBKYSS07R17B355B', 'ASST DI CREMONA');
INSERT INTO tabelle_cv.vaccinati VALUES (2021033104340982, 'MRNGLI06A08A058V', 'ISTITUTO AUXOLOGICO ITALIANO SAN LUCA');
INSERT INTO tabelle_cv.vaccinati VALUES (2021070904200725, 'KSAVNC04H41F084J', 'ASST GRANDE OSPEDALE METROPOLITANO NIGUA');
INSERT INTO tabelle_cv.vaccinati VALUES (2021033023025333, 'VNTBDL01L25B938R', 'CASA DI CURA IGEA');
INSERT INTO tabelle_cv.vaccinati VALUES (2021062617083679, 'FRNSBN08L56L022D', 'FONDAZIONE IRCCS CA GRANDA OSPEDALE MAGGI');
INSERT INTO tabelle_cv.vaccinati VALUES (2021092502504480, 'TRNCLR08P70H055Q', 'ASST DI LODI');
INSERT INTO tabelle_cv.vaccinati VALUES (2021081820403212, 'VLFLRI08L26B117G', 'ASST DI MONZA');
INSERT INTO tabelle_cv.vaccinati VALUES (2021032523223646, 'MRRDDE00T41I986Y', 'IRCCS SAN RAFFAELE');
INSERT INTO tabelle_cv.vaccinati VALUES (2021051418132944, 'GLLNDR00H42E386Y', 'FONDAZIONE POLIAMBULANZA');
INSERT INTO tabelle_cv.vaccinati VALUES (2021021218510588, 'FLCDNL08S18A118U', 'IRCCS CENTRO MEDICO DI CASTEL GOFFREDO');
INSERT INTO tabelle_cv.vaccinati VALUES (2021062600550240, 'CHSVCT05S04E901R', 'HABILITA ISTITUTO CLINICO OSPEDALE DI SARNICO');
INSERT INTO tabelle_cv.vaccinati VALUES (2021110200265759, 'TSOMMZ08P43A687F', 'IRCCS CENTRO MEDICO DI PAVIA');
INSERT INTO tabelle_cv.vaccinati VALUES (2021061622205396, 'RVRMRS07M06F968L', 'ASST DELLA BRIANZA');
INSERT INTO tabelle_cv.vaccinati VALUES (2021112220101684, 'RBNDBR04M66E865F', 'CASA DI CURA MANGIONI');
INSERT INTO tabelle_cv.vaccinati VALUES (2021021604562414, 'RKERSL08T41L883J', 'ASST DI LODI');
INSERT INTO tabelle_cv.vaccinati VALUES (2021031615512953, 'BROMRS08D45B120Z', 'CASA DI CURA BEATO TALAMONI');
INSERT INTO tabelle_cv.vaccinati VALUES (2021020618140536, 'MRMSTR05S59G779P', 'ASST DEL GARDA');
INSERT INTO tabelle_cv.vaccinati VALUES (2021051910303469, 'BRRLGO00E71A799Z', 'IRCCS CENTRO MEDICO TRADATE');
INSERT INTO tabelle_cv.vaccinati VALUES (2021091300535485, 'NRERFF07S12E265F', 'IRCCS CENTRO MEDICO MONTESCANO');
INSERT INTO tabelle_cv.vaccinati VALUES (2021071810501878, 'CRBGNE02M56F153G', 'ASST MELEGNANO E DELLA MARTESANA');
INSERT INTO tabelle_cv.vaccinati VALUES (2021040201133333, 'CRRKTS06R48A816P', 'ISTITUTO AUXOLOGICO ITALIANO SAN MICHELE');
INSERT INTO tabelle_cv.vaccinati VALUES (2021052602252178, 'PLRPRG01S02A697H', 'HABILITA ISTITUTO CLINICO OSPEDALE DI SARNICO');
INSERT INTO tabelle_cv.vaccinati VALUES (2021092720122620, 'NGRMCH04D22E192R', 'CASA DI CURA DEL POLICLINICO');
INSERT INTO tabelle_cv.vaccinati VALUES (2021062616022293, 'PSCVNC08H52A791B', 'ISTITUTO AUXOLOGICO ITALIANO SAN MICHELE');
INSERT INTO tabelle_cv.vaccinati VALUES (2021031518461597, 'CSLLBN00B58A096X', 'IRCCS OSPEDALE CAPITANIO');
INSERT INTO tabelle_cv.vaccinati VALUES (2021032704135776, 'BRNMLA06M71F170U', 'CASA DI CURA IGEA');
INSERT INTO tabelle_cv.vaccinati VALUES (2021021308083683, 'VLJFTM03B16E415Q', 'CASA DI CURA LE TERRAZZE');
INSERT INTO tabelle_cv.vaccinati VALUES (2021011623455089, 'LFRLBN07T50L468K', 'ASST DI BERGAMO OVEST');
INSERT INTO tabelle_cv.vaccinati VALUES (2021052807595669, 'MSSMGD03S42D946Q', 'ASST DI PAVIA');
INSERT INTO tabelle_cv.vaccinati VALUES (2021022211382027, 'BRNLVI00B06I636T', 'CASA DI CURA BEATO TALAMONI');
INSERT INTO tabelle_cv.vaccinati VALUES (2021082601013830, 'BSTCTR04E63G247U', 'ASST GRANDE OSPEDALE METROPOLITANO NIGUA');
INSERT INTO tabelle_cv.vaccinati VALUES (2021072816085151, 'BLBJNN02H50B166X', 'ISTITUTO AUXOLOGICO ITALIANO SAN MICHELE');
INSERT INTO tabelle_cv.vaccinati VALUES (2021093011084137, 'MRLLGU03H16D239Y', 'ASST DEL GARDA');
INSERT INTO tabelle_cv.vaccinati VALUES (2021111509071533, 'CTZPRI06C65I602H', 'ASST DI CREMONA');
INSERT INTO tabelle_cv.vaccinati VALUES (2021030216293074, 'VTLMSS07B08M119G', 'ASST DELLA BRIANZA');
INSERT INTO tabelle_cv.vaccinati VALUES (2021082316355778, 'BRGGNN06C68I433F', 'ASST DELLA VALCAMONICA');
INSERT INTO tabelle_cv.vaccinati VALUES (2021061300422234, 'BRNCHN05S43H173P', 'FONDAZIONE IRCCS CA GRANDA OSPEDALE MAGGI');
INSERT INTO tabelle_cv.vaccinati VALUES (2021061215070565, 'PCCLSU04M57B187U', 'ISTITUTO AUXOLOGICO ITALIANO SAN LUCA');
INSERT INTO tabelle_cv.vaccinati VALUES (2021041219254498, 'BSSPLM00D65I506U', 'CASA DI CURA CITTADELLA SOCIALE');
INSERT INTO tabelle_cv.vaccinati VALUES (2021110413210970, 'MRTMSS07C31L330Z', 'ISTITUTO CLINICO CITTA DI BRESCIA');
INSERT INTO tabelle_cv.vaccinati VALUES (2021032218114672, 'LFLVLN07A46A845L', 'CASA DI CURA LE TERRAZZE');
INSERT INTO tabelle_cv.vaccinati VALUES (2021062101521670, 'CRVMRZ07M61I567X', 'ASST MELEGNANO E DELLA MARTESANA');
INSERT INTO tabelle_cv.vaccinati VALUES (2021010418364977, 'ZPPBRN05E30D280V', 'CASA DI CURA LE BETULLE');
INSERT INTO tabelle_cv.vaccinati VALUES (2021081505092145, 'CHNMLY01P50L285Q', 'ISTITUTO CLINICO HUMANITAS');
INSERT INTO tabelle_cv.vaccinati VALUES (2021040418415364, 'MGLMRN09C70B217E', 'ASST DI LODI');
INSERT INTO tabelle_cv.vaccinati VALUES (2021052209371120, 'RBNLTN00E30G504F', 'CASA DI CURA MATER DOMINI');
INSERT INTO tabelle_cv.vaccinati VALUES (2020122900110041, 'CRRNMA02E60H493I', 'ASST MELEGNANO E DELLA MARTESANA');
INSERT INTO tabelle_cv.vaccinati VALUES (2021041407055990, 'LAODRD00B10F440Z', 'HUMANITAS GAVAZZENI');
INSERT INTO tabelle_cv.vaccinati VALUES (2021091218251573, 'BRBPRP06P22A167R', 'ISTITUTO CLINICO SANT AMBROGIO SPA');
INSERT INTO tabelle_cv.vaccinati VALUES (2021050308520597, 'GCCNZE00R61F884O', 'ISTITUTO AUXOLOGICO ITALIANO SAN MICHELE');
INSERT INTO tabelle_cv.vaccinati VALUES (2021012504263578, 'FLLGRM05H50E883R', 'CASA DI CURA MATER DOMINI');
INSERT INTO tabelle_cv.vaccinati VALUES (2021050605104687, 'BNLFLR04P43F238Q', 'ASST DELLA FRANCIACORTA');
INSERT INTO tabelle_cv.vaccinati VALUES (2021010820051070, 'TRMFRL05T60E238B', 'ASST LARIANA');
INSERT INTO tabelle_cv.vaccinati VALUES (2021102304172742, 'GRDPRL00L10H130N', 'CASA DI CURA CITTADELLA SOCIALE');
INSERT INTO tabelle_cv.vaccinati VALUES (2021111405594896, 'MSSCRL09A31H259R', 'ASST FATEBENEFRATELLI SACCO');
INSERT INTO tabelle_cv.vaccinati VALUES (2021110615064811, 'PZZMDD07T53E665P', 'CASA DI CURA LE TERRAZZE');
INSERT INTO tabelle_cv.vaccinati VALUES (2021020810562033, 'CRRRCC05S30I827S', 'ASST DI PAVIA');
INSERT INTO tabelle_cv.vaccinati VALUES (2021051207164735, 'GLNCNZ01M64H870G', 'CASA DI CURA BEATO TALAMONI');
INSERT INTO tabelle_cv.vaccinati VALUES (2021032303404993, 'LFLLNE06M63B396O', 'FONDAZIONE IRCCS ISTITUTO NAZIONALE TUMORI');
INSERT INTO tabelle_cv.vaccinati VALUES (2021091520455265, 'GHICNS06H22I943W', 'FONDAZIONE IRCCS CA GRANDA OSPEDALE MAGGI');
INSERT INTO tabelle_cv.vaccinati VALUES (2021053005145353, 'MBRNRM08P58G220G', 'CASA DI CURA FIGLIE DI SAN CAMILLO');
INSERT INTO tabelle_cv.vaccinati VALUES (2021040510430167, 'QRCMRO07S19I599Z', 'ISTITUTO CLINICO SANT AMBROGIO SPA');
INSERT INTO tabelle_cv.vaccinati VALUES (2021060609165135, 'BRSRSL02L68E514Y', 'IRCCS OSPEDALE CAPITANIO');
INSERT INTO tabelle_cv.vaccinati VALUES (2021012619005547, 'SHHMNA00B41C293S', 'IRCCS CENTRO MEDICO DI LUMEZZANE');
INSERT INTO tabelle_cv.vaccinati VALUES (2021082007163431, 'GNZNZE01L18D710J', 'ASST DI MONZA');
INSERT INTO tabelle_cv.vaccinati VALUES (2021041319245222, 'PGLRTN06C18L250H', 'ASST DI PAVIA');
INSERT INTO tabelle_cv.vaccinati VALUES (2021041702103515, 'BRLMME00S66L225Q', 'IRCCS POLICLINICO SAN DONATO');
INSERT INTO tabelle_cv.vaccinati VALUES (2021010315070453, 'CMPSTR00D60L221Y', 'ASST MELEGNANO E DELLA MARTESANA');
INSERT INTO tabelle_cv.vaccinati VALUES (2021072616071485, 'NVRRNI04M63A010D', 'ASST DELLA BRIANZA');
INSERT INTO tabelle_cv.vaccinati VALUES (2021021223054388, 'MZZMHL07C57G161X', 'FONDAZIONE IRCCS CA GRANDA OSPEDALE MAGGI');
INSERT INTO tabelle_cv.vaccinati VALUES (2021040510251934, 'SCGPRN02H43L826N', 'ISTITUTO CLINICO CITTA DI BRESCIA');
INSERT INTO tabelle_cv.vaccinati VALUES (2021081711192292, 'SCGCNC01H65G634U', 'IRCCS CENTRO MEDICO DI CASTEL GOFFREDO');
INSERT INTO tabelle_cv.vaccinati VALUES (2021060614365466, 'GNZRNT07B44F267F', 'ASST DELLA BRIANZA');
INSERT INTO tabelle_cv.vaccinati VALUES (2021092215321248, 'GZURSL00T57A745L', 'FONDAZIONE POLIAMBULANZA');
INSERT INTO tabelle_cv.vaccinati VALUES (2021091909281420, 'RBZRNL00P30C139K', 'ASST FATEBENEFRATELLI SACCO');
INSERT INTO tabelle_cv.vaccinati VALUES (2021050520343686, 'BNCMNL05L05D327J', 'ISTITUTO AUXOLOGICO ITALIANO SAN MICHELE');
INSERT INTO tabelle_cv.vaccinati VALUES (2021090821545351, 'PCCJSS05T52G181P', 'CASA DI CURA IGEA');
INSERT INTO tabelle_cv.vaccinati VALUES (2021041719294116, 'MRALRD08M55D710V', 'FONDAZIONE IRCCS CA GRANDA OSPEDALE MAGGI');
INSERT INTO tabelle_cv.vaccinati VALUES (2021060309322631, 'NDKGTA08B49A786P', 'FONDAZIONE IRCCS CA GRANDA OSPEDALE MAGGI');
INSERT INTO tabelle_cv.vaccinati VALUES (2021092309551362, 'LMTGTN08B10A815D', 'ISTITUTO CLINICO SANT AMBROGIO SPA');
INSERT INTO tabelle_cv.vaccinati VALUES (2021060821361184, 'TSTCRS04D24A989R', 'CASA DI CURA DEL POLICLINICO');
INSERT INTO tabelle_cv.vaccinati VALUES (2021101814285697, 'TSTSVT09L63B110T', 'ASST DI LECCO');
INSERT INTO tabelle_cv.vaccinati VALUES (2021091600331690, 'LNFPRP06P02G181T', 'IRCCS CENTRO MEDICO MONTESCANO');
INSERT INTO tabelle_cv.vaccinati VALUES (2021031323252513, 'MRMGLI02E13D348U', 'CASA DI CURA DEL POLICLINICO');
INSERT INTO tabelle_cv.vaccinati VALUES (2021071612194978, 'MCCMRA00M04H373X', 'ASST DEL GARDA');
INSERT INTO tabelle_cv.vaccinati VALUES (2021030904540619, 'VRSMRK02R06E305P', 'ASST DI LECCO');
INSERT INTO tabelle_cv.vaccinati VALUES (2021042607213256, 'BSSMRN02H29G867Y', 'IRCCS OSPEDALE CAPITANIO');
INSERT INTO tabelle_cv.vaccinati VALUES (2021080803332949, 'RSSRCC00D23A039A', 'ASST DEI SETTE LAGHI');
INSERT INTO tabelle_cv.vaccinati VALUES (2021011101480110, 'MGNLRT03P59D949I', 'IRCCS SAN RAFFAELE');
INSERT INTO tabelle_cv.vaccinati VALUES (2021070105491443, 'MRTMND08T58M101N', 'FONDAZIONE POLIAMBULANZA');
INSERT INTO tabelle_cv.vaccinati VALUES (2021061609013758, 'TNBTRS05C44A153E', 'ISTITUTO CLINICO CITTA DI BRESCIA');
INSERT INTO tabelle_cv.vaccinati VALUES (2021040921333090, 'LLKCLS02A68C521J', 'CASA DI CURA CITTADELLA SOCIALE');
INSERT INTO tabelle_cv.vaccinati VALUES (2021011122170478, 'NBLBRN07A25G346Z', 'ASST GRANDE OSPEDALE METROPOLITANO NIGUA');
INSERT INTO tabelle_cv.vaccinati VALUES (2021060517293393, 'RMNSBR01A68B807K', 'ASST DEI SETTE LAGHI');
INSERT INTO tabelle_cv.vaccinati VALUES (2021042201572404, 'RCUJCP04P14L276H', 'ISTITUTO AUXOLOGICO ITALIANO SAN LUCA');
INSERT INTO tabelle_cv.vaccinati VALUES (2021042118365348, 'RGGMCH09T66M372Z', 'ASST DI MANTOVA');
INSERT INTO tabelle_cv.vaccinati VALUES (2021021215372879, 'FRNVIO00L23B100Q', 'ASST DEL GARDA');
INSERT INTO tabelle_cv.vaccinati VALUES (2021101011305171, 'RMNRTR00T17C536Y', 'ASST DI LODI');
INSERT INTO tabelle_cv.vaccinati VALUES (2021041508424511, 'GSPRST06D15H827B', 'ASST DI LECCO');
INSERT INTO tabelle_cv.vaccinati VALUES (2021040602440626, 'CSTCLR05E46H752Y', 'CASA DI CURA FIGLIE DI SAN CAMILLO');
INSERT INTO tabelle_cv.vaccinati VALUES (2021021501032857, 'GZURMN09L25F151N', 'ASST DI CREMONA');
INSERT INTO tabelle_cv.vaccinati VALUES (2021090313521034, 'LNGRMN05T13D411R', 'CASA DI CURA IGEA');
INSERT INTO tabelle_cv.vaccinati VALUES (2021100613433795, 'PLRBTR01R47A010K', 'CASA DI CURA LE TERRAZZE');
INSERT INTO tabelle_cv.vaccinati VALUES (2021010819520595, 'VLPLSS06R41M180B', 'ASST DELLA VALLE OLONA');
INSERT INTO tabelle_cv.vaccinati VALUES (2021011321383779, 'BRSRBR08L42H371C', 'IRCCS OSPEDALE CAPITANIO');
INSERT INTO tabelle_cv.vaccinati VALUES (2021051512204765, 'PSSLNI04B41A631V', 'FONDAZIONE IRCCS CA GRANDA OSPEDALE MAGGI');
INSERT INTO tabelle_cv.vaccinati VALUES (2021042719264342, 'NGRGRG05B42F393T', 'ASST MELEGNANO E DELLA MARTESANA');
INSERT INTO tabelle_cv.vaccinati VALUES (2021073108113553, 'SPRVLI04C65M101F', 'ISTITUTO CLINICO HUMANITAS');
INSERT INTO tabelle_cv.vaccinati VALUES (2021051600331636, 'GZUSMR02A41I362N', 'HUMANITAS GAVAZZENI');
INSERT INTO tabelle_cv.vaccinati VALUES (2021090722293001, 'MLUMCH04S08H216D', 'ASST FATEBENEFRATELLI SACCO');
INSERT INTO tabelle_cv.vaccinati VALUES (2021032414095269, 'TNODAA02M49E395R', 'ASST DI BERGAMO OVEST');
INSERT INTO tabelle_cv.vaccinati VALUES (2021100419434137, 'NSLNTN04E69L175Y', 'CASA DI CURA CITTADELLA SOCIALE');
INSERT INTO tabelle_cv.vaccinati VALUES (2021032106035493, 'PLKNZE05H20C628Q', 'FONDAZIONE IRCCS CA GRANDA OSPEDALE MAGGI');
INSERT INTO tabelle_cv.vaccinati VALUES (2021061315322978, 'BRRLNI03S59D980J', 'FONDAZIONE POLIAMBULANZA');
INSERT INTO tabelle_cv.vaccinati VALUES (2021060816055278, 'MNTVEA08M47I812A', 'IRCCS CENTRO MEDICO DI LUMEZZANE');
INSERT INTO tabelle_cv.vaccinati VALUES (2021050910132830, 'TTVGBR00M20A273D', 'ASST DI BERGAMO EST');
INSERT INTO tabelle_cv.vaccinati VALUES (2021063022421161, 'MCJNTN08B43H601T', 'ASST DI LODI');
INSERT INTO tabelle_cv.vaccinati VALUES (2021082602382239, 'BGLVTI00L16M412X', 'IRCCS CENTRO MEDICO TRADATE');
INSERT INTO tabelle_cv.vaccinati VALUES (2021061608084665, 'MRCMBR01M51F070E', 'ASST DEL GARDA');
INSERT INTO tabelle_cv.vaccinati VALUES (2021011919331951, 'VCCMRA07H24B012D', 'FONDAZIONE IRCCS CA GRANDA OSPEDALE MAGGI');
INSERT INTO tabelle_cv.vaccinati VALUES (2021111113211219, 'SNNSTR03C62I566A', 'ASST DI CREMA');
INSERT INTO tabelle_cv.vaccinati VALUES (2021012511501218, 'GVNLCN05D22G407H', 'ISTITUTO CLINICO CITTA DI BRESCIA');
INSERT INTO tabelle_cv.vaccinati VALUES (2021011402444484, 'GNZDMN00P13I362T', 'ASST FATEBENEFRATELLI SACCO');
INSERT INTO tabelle_cv.vaccinati VALUES (2021051107380594, 'SRDFBA04C25E507W', 'CASA DI CURA MANGIONI');
INSERT INTO tabelle_cv.vaccinati VALUES (2021111605533927, 'PVNSNJ06R61A511W', 'FONDAZIONE IRCCS CA GRANDA OSPEDALE MAGGI');
INSERT INTO tabelle_cv.vaccinati VALUES (2021063019512031, 'BSSVLT05P59B803G', 'ASST MELEGNANO E DELLA MARTESANA');
INSERT INTO tabelle_cv.vaccinati VALUES (2021090816075482, 'LMRMRC07M21L434C', 'FONDAZIONE POLIAMBULANZA');
INSERT INTO tabelle_cv.vaccinati VALUES (2021041010501581, 'TRTLVI02L60B144Y', 'ASST DI MONZA');
INSERT INTO tabelle_cv.vaccinati VALUES (2021110618431441, 'GSPYSM03R55F941O', 'ASST FATEBENEFRATELLI SACCO');
INSERT INTO tabelle_cv.vaccinati VALUES (2021101911123444, 'SCSFLR05H13B498R', 'IRCCS CENTRO MEDICO TRADATE');
INSERT INTO tabelle_cv.vaccinati VALUES (2021053108184182, 'GHIMNL08D69G869X', 'IRCCS CENTRO MEDICO DI PAVIA');
INSERT INTO tabelle_cv.vaccinati VALUES (2021090413161022, 'GHIPSQ00C02E654Y', 'IRCCS CENTRO MEDICO DI PAVIA');
INSERT INTO tabelle_cv.vaccinati VALUES (2021031306422011, 'DMNMNL03P01M383T', 'IRCCS CENTRO MEDICO DI PAVIA');
INSERT INTO tabelle_cv.vaccinati VALUES (2021012122571098, 'BRRLGU07B26L468L', 'ISTITUTO AUXOLOGICO ITALIANO SAN LUCA');
INSERT INTO tabelle_cv.vaccinati VALUES (2021020919510380, 'VGNDNL00T12H630N', 'HUMANITAS GAVAZZENI');
INSERT INTO tabelle_cv.vaccinati VALUES (2021010918013812, 'MNTMRL04M59D634Z', 'CASA DI CURA FIGLIE DI SAN CAMILLO');
INSERT INTO tabelle_cv.vaccinati VALUES (2021010816531542, 'MRNRSL07R55A159Z', 'ISTITUTO CLINICO HUMANITAS');
INSERT INTO tabelle_cv.vaccinati VALUES (2021092709232637, 'TRVMRC00P52H838V', 'HUMANITAS GAVAZZENI');
INSERT INTO tabelle_cv.vaccinati VALUES (2021090201505172, 'DSHMRT09B68F681O', 'ISTITUTO AUXOLOGICO ITALIANO SAN LUCA');
INSERT INTO tabelle_cv.vaccinati VALUES (2021011803042899, 'RGNCRM02S66H799Q', 'ASST DELLA VALCAMONICA');
INSERT INTO tabelle_cv.vaccinati VALUES (2021111920285722, 'GROJSS00A66E608N', 'ASST DEI SETTE LAGHI');
INSERT INTO tabelle_cv.vaccinati VALUES (2021022406051078, 'TRMSBS00B19G475N', 'ISTITUTO CLINICO HUMANITAS');
INSERT INTO tabelle_cv.vaccinati VALUES (2021093002410387, 'GRBDNL03P48E405S', 'ASST DI LECCO');
INSERT INTO tabelle_cv.vaccinati VALUES (2021013009065811, 'LMRMRL08M61E994B', 'IRCCS CENTRO MEDICO DI PAVIA');
INSERT INTO tabelle_cv.vaccinati VALUES (2021061919575876, 'RNRTTV00M13G223A', 'ASST DEGLI SPEDALI CIVILI DI BRESCIA');
INSERT INTO tabelle_cv.vaccinati VALUES (2021051000153961, 'FRNCRS06T71I433D', 'ASST MELEGNANO E DELLA MARTESANA');
INSERT INTO tabelle_cv.vaccinati VALUES (2021020221593180, 'PNANNZ06D17C760D', 'ASST FATEBENEFRATELLI SACCO');
INSERT INTO tabelle_cv.vaccinati VALUES (2021080917433141, 'CRTDLE08H49A819J', 'IRCCS OSPEDALE CAPITANIO');
INSERT INTO tabelle_cv.vaccinati VALUES (2021061913265229, 'DZNLAI00H27D147D', 'ASST DEL GARDA');
INSERT INTO tabelle_cv.vaccinati VALUES (2021022017381646, 'PLMLNU04L66E879I', 'ASST DEI SETTE LAGHI');
INSERT INTO tabelle_cv.vaccinati VALUES (2021053022171662, 'NSLGTN07M59H840C', 'ASST DI CREMA');
INSERT INTO tabelle_cv.vaccinati VALUES (2021050413433132, 'CRTFRD04A25A670S', 'ASST DEL GARDA');
INSERT INTO tabelle_cv.vaccinati VALUES (2021092523492138, 'MNDSMR00M23B387W', 'FONDAZIONE IRCCS ISTITUTO NAZIONALE TUMORI');
INSERT INTO tabelle_cv.vaccinati VALUES (2021081314373376, 'PRCMRA06L68C569T', 'CASA DI CURA LE BETULLE');
INSERT INTO tabelle_cv.vaccinati VALUES (2021081421532874, 'GNTFLP01C19H752Z', 'ASST DEI SETTE LAGHI');
INSERT INTO tabelle_cv.vaccinati VALUES (2021040322250628, 'NGRCHN00C54I230Z', 'HABILITA ISTITUTO CLINICO OSPEDALE DI SARNICO');
INSERT INTO tabelle_cv.vaccinati VALUES (2021051923551465, 'BTRNTN03A03D906O', 'ASST DI MANTOVA');
INSERT INTO tabelle_cv.vaccinati VALUES (2021041811053669, 'GAICRL09D63G223B', 'ASST DEL GARDA');
INSERT INTO tabelle_cv.vaccinati VALUES (2021082009044324, 'GRMLNR01A19G671V', 'ASST DI LECCO');
INSERT INTO tabelle_cv.vaccinati VALUES (2021042711263627, 'FRIRBC00H46E364B', 'IRCCS SAN RAFFAELE');
INSERT INTO tabelle_cv.vaccinati VALUES (2021071202093095, 'MGNSTF01H43A905P', 'CASA DI CURA FIGLIE DI SAN CAMILLO');
INSERT INTO tabelle_cv.vaccinati VALUES (2021062302191640, 'BNLRMN01T53B731K', 'ASST DELLA VALTELLINA E DELL ALTO LARIO');
INSERT INTO tabelle_cv.vaccinati VALUES (2021090518063293, 'PIAGRG09B23G361S', 'ASST DI CREMONA');
INSERT INTO tabelle_cv.vaccinati VALUES (2021070919244030, 'GLNRST04C57B732W', 'CASA DI CURA CITTADELLA SOCIALE');
INSERT INTO tabelle_cv.vaccinati VALUES (2021022205281861, 'BRBLSE04M64D694O', 'CASA DI CURA IGEA');
INSERT INTO tabelle_cv.vaccinati VALUES (2021102814112285, 'CTTVIO04R19E170J', 'FONDAZIONE IRCCS CA GRANDA OSPEDALE MAGGI');
INSERT INTO tabelle_cv.vaccinati VALUES (2021022716101066, 'MRLLMA03C52E415K', 'IRCCS OSPEDALE CAPITANIO');
INSERT INTO tabelle_cv.vaccinati VALUES (2021061616295911, 'KSARST01D07B869M', 'ASST DEGLI SPEDALI CIVILI DI BRESCIA');
INSERT INTO tabelle_cv.vaccinati VALUES (2021061417503353, 'MGGSVT00A66D204W', 'ASST DI CREMONA');
INSERT INTO tabelle_cv.vaccinati VALUES (2021111508585342, 'PFNGLI08T10G488J', 'ASST MELEGNANO E DELLA MARTESANA');
INSERT INTO tabelle_cv.vaccinati VALUES (2021111710164230, 'ZNGMRS04R58B346X', 'ISTITUTO AUXOLOGICO ITALIANO SAN LUCA');
INSERT INTO tabelle_cv.vaccinati VALUES (2021110102425419, 'CRSLND09E71G639J', 'CASA DI CURA IGEA');
INSERT INTO tabelle_cv.vaccinati VALUES (2021040220230239, 'DCSRSI08M41G040X', 'IRCCS CENTRO MEDICO DI PAVIA');
INSERT INTO tabelle_cv.vaccinati VALUES (2021092708045981, 'VLPGRG08B10G026B', 'ASST MELEGNANO E DELLA MARTESANA');
INSERT INTO tabelle_cv.vaccinati VALUES (2021082619311636, 'RVRPSQ08B28F670I', 'IRCCS CENTRO MEDICO TRADATE');
INSERT INTO tabelle_cv.vaccinati VALUES (2021030618345440, 'GSPBTR07E48F958C', 'HABILITA ISTITUTO CLINICO OSPEDALE DI SARNICO');
INSERT INTO tabelle_cv.vaccinati VALUES (2021020314105951, 'PRCLBN08M70G118G', 'ASST DELLA FRANCIACORTA');
INSERT INTO tabelle_cv.vaccinati VALUES (2021081613563223, 'GAINCL00B23C796M', 'IRCCS CENTRO MEDICO MONTESCANO');
INSERT INTO tabelle_cv.vaccinati VALUES (2021081623181738, 'LMASMN05T19H509T', 'ASST DEGLI SPEDALI CIVILI DI BRESCIA');
INSERT INTO tabelle_cv.vaccinati VALUES (2021052909453093, 'LFFTTV05L25H885S', 'ASST DI MANTOVA');
INSERT INTO tabelle_cv.vaccinati VALUES (2021091301155880, 'DRGKTS03D57B346L', 'IRCCS CENTRO MEDICO DI CASTEL GOFFREDO');
INSERT INTO tabelle_cv.vaccinati VALUES (2021010102580473, 'LCTDRN08E30L568L', 'CASA DI CURA CITTADELLA SOCIALE');
INSERT INTO tabelle_cv.vaccinati VALUES (2021020103230874, 'RVLMLA07E56H767D', 'ASST DI LODI');
INSERT INTO tabelle_cv.vaccinati VALUES (2021010521320966, 'PLLVNC09D52B900H', 'ISTITUTO AUXOLOGICO ITALIANO SAN MICHELE');
INSERT INTO tabelle_cv.vaccinati VALUES (2021041409160499, 'PSSRJN00P20H086S', 'CASA DI CURA IGEA');
INSERT INTO tabelle_cv.vaccinati VALUES (2021102100034288, 'PRSPRN06A62C649Z', 'ASST DI BERGAMO OVEST');
INSERT INTO tabelle_cv.vaccinati VALUES (2021011519281120, 'PRCLND05D19A699J', 'ASST MELEGNANO E DELLA MARTESANA');
INSERT INTO tabelle_cv.vaccinati VALUES (2021041220033579, 'PFNNSI09L59I433Y', 'CASA DI CURA CITTADELLA SOCIALE');
INSERT INTO tabelle_cv.vaccinati VALUES (2021090715282313, 'RVZVEA06C66C153Z', 'HUMANITAS GAVAZZENI');
INSERT INTO tabelle_cv.vaccinati VALUES (2021011418535640, 'GLLFLP02S26E928C', 'CASA DI CURA MANGIONI');
INSERT INTO tabelle_cv.vaccinati VALUES (2021071021143766, 'NBLVNI06B21I997I', 'CASA DI CURA DEL POLICLINICO');
INSERT INTO tabelle_cv.vaccinati VALUES (2021061906485740, 'PGGVTT06S61A557I', 'CASA DI CURA MATER DOMINI');
INSERT INTO tabelle_cv.vaccinati VALUES (2021081010403791, 'CRRMCH00D26G217E', 'CASA DI CURA BEATO PALAZZOLO');
INSERT INTO tabelle_cv.vaccinati VALUES (2021100720312134, 'LZZTRS03S43H521Q', 'ISTITUTO AUXOLOGICO ITALIANO SAN MICHELE');
INSERT INTO tabelle_cv.vaccinati VALUES (2021052205411637, 'CRDTRS02P16L471T', 'ASST DI BERGAMO EST');
INSERT INTO tabelle_cv.vaccinati VALUES (2021040319372998, 'RROVLR06E56M372P', 'ISTITUTO AUXOLOGICO ITALIANO SAN LUCA');
INSERT INTO tabelle_cv.vaccinati VALUES (2021052319360147, 'VCCFLM00R53I437S', 'ISTITUTO CLINICO SANT AMBROGIO SPA');
INSERT INTO tabelle_cv.vaccinati VALUES (2021110815075321, 'MSSRNS03D70A870T', 'ISTITUTO CLINICO HUMANITAS');
INSERT INTO tabelle_cv.vaccinati VALUES (2021011719350864, 'MCGKVN06C05G361I', 'CASA DI CURA LE TERRAZZE');
INSERT INTO tabelle_cv.vaccinati VALUES (2021051901223281, 'NBLGNP09R04B040W', 'ASST FATEBENEFRATELLI SACCO');
INSERT INTO tabelle_cv.vaccinati VALUES (2021071319500427, 'DCSMRT08A04C551V', 'ASST GRANDE OSPEDALE METROPOLITANO NIGUA');
INSERT INTO tabelle_cv.vaccinati VALUES (2021051602211419, 'RGGGUO00E22I986E', 'ASST DEGLI SPEDALI CIVILI DI BRESCIA');
INSERT INTO tabelle_cv.vaccinati VALUES (2021070212544021, 'RKECSM06D70E856O', 'ISTITUTO AUXOLOGICO ITALIANO SAN MICHELE');
INSERT INTO tabelle_cv.vaccinati VALUES (2021060610543855, 'SGLFLV04L51B088R', 'HUMANITAS GAVAZZENI');
INSERT INTO tabelle_cv.vaccinati VALUES (2021050207141346, 'CRVGZM00L04E987H', 'CASA DI CURA LE BETULLE');
INSERT INTO tabelle_cv.vaccinati VALUES (2021041616434522, 'VGNVRN00S49I683Y', 'CASA DI CURA MANGIONI');
INSERT INTO tabelle_cv.vaccinati VALUES (2021082211113935, 'GRZGLN08S24C396N', 'IRCCS CENTRO MEDICO TRADATE');
INSERT INTO tabelle_cv.vaccinati VALUES (2021082614021638, 'CRVSBL08E62E367U', 'FONDAZIONE IRCCS ISTITUTO NAZIONALE TUMORI');
INSERT INTO tabelle_cv.vaccinati VALUES (2021080415464234, 'MGRDRD04E18A288I', 'ASST DELLA VALTELLINA E DELL ALTO LARIO');
INSERT INTO tabelle_cv.vaccinati VALUES (2021072805231637, 'NDKVNC03H41L285A', 'ASST DELLA VALLE OLONA');
INSERT INTO tabelle_cv.vaccinati VALUES (2020122902004358, 'GNGLND05A41C800G', 'ASST DI CREMA');
INSERT INTO tabelle_cv.vaccinati VALUES (2021061619512634, 'BSLNAA06M66E317H', 'IRCCS SAN RAFFAELE');
INSERT INTO tabelle_cv.vaccinati VALUES (2021070714003677, 'FRRMME04R66A631U', 'ASST DELLA FRANCIACORTA');
INSERT INTO tabelle_cv.vaccinati VALUES (2021101004050264, 'PZZRBN02B16H314U', 'FONDAZIONE POLIAMBULANZA');
INSERT INTO tabelle_cv.vaccinati VALUES (2021051420242994, 'DTAVTT05M11A792H', 'CASA DI CURA BEATO TALAMONI');
INSERT INTO tabelle_cv.vaccinati VALUES (2021071222572378, 'PRCVSL04H13D015N', 'IRCCS CENTRO MEDICO TRADATE');
INSERT INTO tabelle_cv.vaccinati VALUES (2021022110151775, 'GNGDLA09M21H736S', 'ASST DI BERGAMO EST');
INSERT INTO tabelle_cv.vaccinati VALUES (2021111319453750, 'BNOMRS07P55M044N', 'ASST DEGLI SPEDALI CIVILI DI BRESCIA');
INSERT INTO tabelle_cv.vaccinati VALUES (2021111519315957, 'BROMRC07E01B442I', 'ASST DI PAVIA');
INSERT INTO tabelle_cv.vaccinati VALUES (2021051303125569, 'RVZMNA02B55F638R', 'FONDAZIONE ISTITUTO NEUROLOGICO MONDINO');
INSERT INTO tabelle_cv.vaccinati VALUES (2021073016072541, 'BSSMLA00S63B958O', 'ASST DI BERGAMO EST');
INSERT INTO tabelle_cv.vaccinati VALUES (2021051113541051, 'PLLCHR00E16B613A', 'ASST DELLA FRANCIACORTA');
INSERT INTO tabelle_cv.vaccinati VALUES (2021022200361344, 'GLNCRL00L52H827X', 'FONDAZIONE IRCCS ISTITUTO NAZIONALE TUMORI');
INSERT INTO tabelle_cv.vaccinati VALUES (2021081508232331, 'BNCCHR05P42G603W', 'IRCCS CENTRO MEDICO DI LUMEZZANE');
INSERT INTO tabelle_cv.vaccinati VALUES (2021052520460597, 'DRGLVR03E42C381M', 'ASST DI PAVIA');
INSERT INTO tabelle_cv.vaccinati VALUES (2021092704373266, 'DNGGNC04E24G737B', 'FONDAZIONE IRCCS CA GRANDA OSPEDALE MAGGI');
INSERT INTO tabelle_cv.vaccinati VALUES (2021021206533487, 'FRLMRA04T49F720T', 'CASA DI CURA LE BETULLE');
INSERT INTO tabelle_cv.vaccinati VALUES (2021042919070552, 'MCCGCC04C01G635H', 'ASST DELLA VALLE OLONA');
INSERT INTO tabelle_cv.vaccinati VALUES (2021092220371047, 'DZZNTN06C02C013T', 'HUMANITAS GAVAZZENI');
INSERT INTO tabelle_cv.vaccinati VALUES (2021042803181477, 'SCLBRH02P09A986B', 'ASST DELLA FRANCIACORTA');
INSERT INTO tabelle_cv.vaccinati VALUES (2021053118552084, 'CVGSTL01B54D952E', 'IRCCS CENTRO MEDICO TRADATE');
INSERT INTO tabelle_cv.vaccinati VALUES (2021091705145945, 'SCZNNA03C49A333R', 'IRCCS CENTRO MEDICO TRADATE');
INSERT INTO tabelle_cv.vaccinati VALUES (2021111207500618, 'CSSLCU02C10B289M', 'CASA DI CURA IGEA');
INSERT INTO tabelle_cv.vaccinati VALUES (2021010104215153, 'DNGMRA00T42H615L', 'ASST DI MANTOVA');
INSERT INTO tabelle_cv.vaccinati VALUES (2021043010554961, 'LMBSAI01A45G368X', 'CASA DI CURA DEL POLICLINICO');
INSERT INTO tabelle_cv.vaccinati VALUES (2021051409123785, 'RVRDMN00L06E794A', 'ASST MELEGNANO E DELLA MARTESANA');
INSERT INTO tabelle_cv.vaccinati VALUES (2021011700101471, 'CRNLDA01L54M424I', 'CASA DI CURA FIGLIE DI SAN CAMILLO');
INSERT INTO tabelle_cv.vaccinati VALUES (2021031317081091, 'LZZRSS00E42C033B', 'ASST DI MANTOVA');
INSERT INTO tabelle_cv.vaccinati VALUES (2021111210034478, 'GHIRST08C68B313O', 'ASST DEGLI SPEDALI CIVILI DI BRESCIA');
INSERT INTO tabelle_cv.vaccinati VALUES (2021082013441243, 'PSCRTT09M50C417J', 'CASA DI CURA FIGLIE DI SAN CAMILLO');
INSERT INTO tabelle_cv.vaccinati VALUES (2021032912410657, 'MNTNTN01A65M424J', 'CASA DI CURA MANGIONI');
INSERT INTO tabelle_cv.vaccinati VALUES (2021021807274532, 'MRTPLA01S66B742A', 'ASST DI LODI');
INSERT INTO tabelle_cv.vaccinati VALUES (2021070610513457, 'GNZNNM09L67L617V', 'ASST DI BERGAMO EST');
INSERT INTO tabelle_cv.vaccinati VALUES (2021052819395429, 'SRDSBR00A44I801J', 'ISTITUTO CLINICO SANT AMBROGIO SPA');
INSERT INTO tabelle_cv.vaccinati VALUES (2021080203585566, 'TRLHSS00H20M184S', 'ASST DI BERGAMO EST');
INSERT INTO tabelle_cv.vaccinati VALUES (2021081616135862, 'GGLGRN08E08B142V', 'CASA DI CURA LE TERRAZZE');
INSERT INTO tabelle_cv.vaccinati VALUES (2021093005081211, 'MRGMRA02H07D217D', 'ASST FATEBENEFRATELLI SACCO');
INSERT INTO tabelle_cv.vaccinati VALUES (2021011600563093, 'SNTMTT07A30E089B', 'ISTITUTO AUXOLOGICO ITALIANO SAN LUCA');
INSERT INTO tabelle_cv.vaccinati VALUES (2021060800205033, 'PRVVIO02S20A920W', 'CASA DI CURA MATER DOMINI');
INSERT INTO tabelle_cv.vaccinati VALUES (2021031723114437, 'CVLGVN09E29G185Y', 'ISTITUTO CLINICO HUMANITAS');
INSERT INTO tabelle_cv.vaccinati VALUES (2021082206374918, 'HSALRI00D29G342M', 'ASST DEL GARDA');
INSERT INTO tabelle_cv.vaccinati VALUES (2021112203412115, 'MSSSRA02R46C917P', 'ASST DELLA VALCAMONICA');
INSERT INTO tabelle_cv.vaccinati VALUES (2021020201510284, 'FRLMRO04A20C343T', 'CASA DI CURA MANGIONI');
INSERT INTO tabelle_cv.vaccinati VALUES (2021083000224711, 'CHRVNC00T46B088W', 'ASST DELLA VALTELLINA E DELL ALTO LARIO');
INSERT INTO tabelle_cv.vaccinati VALUES (2021031408042422, 'RCCJSS08R51I079J', 'CASA DI CURA MANGIONI');
INSERT INTO tabelle_cv.vaccinati VALUES (2021070106153247, 'MNSPRI00B42H814Q', 'ASST DELLA VALLE OLONA');
INSERT INTO tabelle_cv.vaccinati VALUES (2021091002152031, 'BJRBRN01R55F711M', 'IRCCS CENTRO MEDICO DI CASTEL GOFFREDO');
INSERT INTO tabelle_cv.vaccinati VALUES (2021110117052842, 'FNTNNA07S67M335V', 'FONDAZIONE POLIAMBULANZA');
INSERT INTO tabelle_cv.vaccinati VALUES (2021060611211517, 'MSRGRL05B24F674S', 'IRCCS CENTRO MEDICO TRADATE');
INSERT INTO tabelle_cv.vaccinati VALUES (2021072311360915, 'PTRFRN01P60I529I', 'ASST DI BERGAMO OVEST');
INSERT INTO tabelle_cv.vaccinati VALUES (2021040713455792, 'VTLRSO06A47I566R', 'ASST MELEGNANO E DELLA MARTESANA');
INSERT INTO tabelle_cv.vaccinati VALUES (2021011105405987, 'LMATLI03M17L936I', 'ASST DEL GARDA');
INSERT INTO tabelle_cv.vaccinati VALUES (2021071417390630, 'TRMRBN00D23G889U', 'HABILITA ISTITUTO CLINICO OSPEDALE DI SARNICO');
INSERT INTO tabelle_cv.vaccinati VALUES (2021050614263438, 'VLDMMZ01T45G126J', 'ASST DEL GARDA');
INSERT INTO tabelle_cv.vaccinati VALUES (2021031100450443, 'MRKMDA01E21H373T', 'IRCCS POLICLINICO SAN DONATO');
INSERT INTO tabelle_cv.vaccinati VALUES (2021021604174475, 'PLKMRL01A55D588H', 'IRCCS CENTRO MEDICO MONTESCANO');
INSERT INTO tabelle_cv.vaccinati VALUES (2021110800352958, 'MNTGAI06D69A531N', 'IRCCS CENTRO MEDICO TRADATE');
INSERT INTO tabelle_cv.vaccinati VALUES (2021111023545266, 'NVRGRT01E57A745T', 'CASA DI CURA IGEA');
INSERT INTO tabelle_cv.vaccinati VALUES (2021083105341656, 'MNTSRA03C52A848C', 'ASST DI CREMONA');
INSERT INTO tabelle_cv.vaccinati VALUES (2021082310024313, 'TTVZEI03B18G410W', 'ASST DI PAVIA');
INSERT INTO tabelle_cv.vaccinati VALUES (2021110808145816, 'CHSGLR06A44E884I', 'ASST DELLA VALTELLINA E DELL ALTO LARIO');
INSERT INTO tabelle_cv.vaccinati VALUES (2021081818144479, 'BLTCCL06H52G260R', 'CASA DI CURA MANGIONI');
INSERT INTO tabelle_cv.vaccinati VALUES (2021020802382849, 'NGRGCM06M10D594O', 'ISTITUTO AUXOLOGICO ITALIANO SAN LUCA');
INSERT INTO tabelle_cv.vaccinati VALUES (2021033123571811, 'VCCRSI03D50M394E', 'IRCCS SAN RAFFAELE');
INSERT INTO tabelle_cv.vaccinati VALUES (2021103005081350, 'GGLSNT02R43L037G', 'ASST FATEBENEFRATELLI SACCO');
INSERT INTO tabelle_cv.vaccinati VALUES (2021082107035161, 'TNBLDV05E69H799G', 'IRCCS CENTRO MEDICO DI PAVIA');
INSERT INTO tabelle_cv.vaccinati VALUES (2021042600490193, 'VCCNNN05B65C785Y', 'IRCCS CENTRO MEDICO DI LUMEZZANE');
INSERT INTO tabelle_cv.vaccinati VALUES (2021051921583177, 'FSSNZE07L53C435E', 'ASST LARIANA');
INSERT INTO tabelle_cv.vaccinati VALUES (2021043018410249, 'RTTDNN09M25E325Q', 'CASA DI CURA BEATO TALAMONI');
INSERT INTO tabelle_cv.vaccinati VALUES (2021061517020068, 'RCCSVL01R29G233E', 'ASST DELLA VALCAMONICA');
INSERT INTO tabelle_cv.vaccinati VALUES (2021071309263965, 'GRBLTN05M06E152T', 'CASA DI CURA MANGIONI');
INSERT INTO tabelle_cv.vaccinati VALUES (2021051201241032, 'BRNLND03H70M070R', 'IRCCS SAN RAFFAELE');
INSERT INTO tabelle_cv.vaccinati VALUES (2021070117280017, 'MSCSLV00S55B938D', 'ASST DI PAVIA');
INSERT INTO tabelle_cv.vaccinati VALUES (2021101814580875, 'QRCRLA05L66H883R', 'FONDAZIONE IRCCS CA GRANDA OSPEDALE MAGGI');
INSERT INTO tabelle_cv.vaccinati VALUES (2021022405431393, 'LFRRCH08B19H815N', 'ASST DELLA VALLE OLONA');
INSERT INTO tabelle_cv.vaccinati VALUES (2021051707384015, 'MRLCRM09D66M079K', 'CASA DI CURA BEATO PALAZZOLO');
INSERT INTO tabelle_cv.vaccinati VALUES (2021071003472843, 'GRCDNL07M05B824L', 'ISTITUTO CLINICO HUMANITAS');
INSERT INTO tabelle_cv.vaccinati VALUES (2021062416254062, 'BNCFLP03S13G028Q', 'ASST GRANDE OSPEDALE METROPOLITANO NIGUA');
INSERT INTO tabelle_cv.vaccinati VALUES (2021091407145612, 'RTLYSS06M08M180U', 'IRCCS CENTRO MEDICO DI CASTEL GOFFREDO');
INSERT INTO tabelle_cv.vaccinati VALUES (2021080613493074, 'SCHSMN04M65H679Q', 'ASST DELLA BRIANZA');
INSERT INTO tabelle_cv.vaccinati VALUES (2021072819253137, 'FRRSTF08H27G710P', 'ISTITUTO AUXOLOGICO ITALIANO SAN MICHELE');
INSERT INTO tabelle_cv.vaccinati VALUES (2021040303285597, 'BSLGTA04M69E342I', 'HUMANITAS GAVAZZENI');
INSERT INTO tabelle_cv.vaccinati VALUES (2021061712332688, 'FLLNDR08S49C330U', 'ASST DI MONZA');
INSERT INTO tabelle_cv.vaccinati VALUES (2021031811010063, 'CPPYSS08A01D245I', 'ASST DI BERGAMO OVEST');
INSERT INTO tabelle_cv.vaccinati VALUES (2021040801252295, 'CMPBDL00A16A301M', 'ASST DI CREMA');
INSERT INTO tabelle_cv.vaccinati VALUES (2021102004270217, 'GSCNDR04M13M152Y', 'HUMANITAS GAVAZZENI');
INSERT INTO tabelle_cv.vaccinati VALUES (2021051903540835, 'PRCLVO03R49B228U', 'ISTITUTO AUXOLOGICO ITALIANO SAN LUCA');
INSERT INTO tabelle_cv.vaccinati VALUES (2021050206294487, 'GNTNGL09M53D239X', 'IRCCS CENTRO MEDICO TRADATE');
INSERT INTO tabelle_cv.vaccinati VALUES (2021032617381182, 'RSCCSR03D16I858K', 'IRCCS CENTRO MEDICO DI CASTEL GOFFREDO');
INSERT INTO tabelle_cv.vaccinati VALUES (2021102620163790, 'CPTMLN00E57D891W', 'CASA DI CURA MANGIONI');
INSERT INTO tabelle_cv.vaccinati VALUES (2021011605201228, 'RSODNT09P13D367D', 'FONDAZIONE POLIAMBULANZA');
INSERT INTO tabelle_cv.vaccinati VALUES (2021010422551635, 'DZNLVR05S42G717C', 'ASST DI CREMA');
INSERT INTO tabelle_cv.vaccinati VALUES (2021020116191865, 'PZZDRD00E03I997H', 'CASA DI CURA FIGLIE DI SAN CAMILLO');
INSERT INTO tabelle_cv.vaccinati VALUES (2021101023331759, 'SPRLAI09P09F165J', 'ASST DEGLI SPEDALI CIVILI DI BRESCIA');
INSERT INTO tabelle_cv.vaccinati VALUES (2021082407101491, 'BGLMRZ02L65D029E', 'ASST DI LECCO');
INSERT INTO tabelle_cv.vaccinati VALUES (2021100301425884, 'LMRDVD07L13A794R', 'ASST DELLA VALCAMONICA');
INSERT INTO tabelle_cv.vaccinati VALUES (2021042600434024, 'TBKFLC03B02A898G', 'FONDAZIONE POLIAMBULANZA');
INSERT INTO tabelle_cv.vaccinati VALUES (2021052018344532, 'RBZGRM06D30D144O', 'IRCCS CENTRO MEDICO DI CASTEL GOFFREDO');
INSERT INTO tabelle_cv.vaccinati VALUES (2021070908523528, 'PRRKLE05M57D930Q', 'IRCCS CENTRO MEDICO DI LUMEZZANE');
INSERT INTO tabelle_cv.vaccinati VALUES (2021071010550887, 'BJRMLA00P45E504C', 'ASST DELLA VALTELLINA E DELL ALTO LARIO');
INSERT INTO tabelle_cv.vaccinati VALUES (2021080512210918, 'BGNCNC01M48I828L', 'CASA DI CURA BEATO PALAZZOLO');


--
-- TOC entry 3435 (class 0 OID 87831)
-- Dependencies: 208
-- Data for Name: vaccinati_asst_degli_spedali_civili_di_brescia; Type: TABLE DATA; Schema: tabelle_cv; Owner: admin_laboratorioB
--

INSERT INTO tabelle_cv.vaccinati_asst_degli_spedali_civili_di_brescia VALUES ('ASST DEGLI SPEDALI CIVILI DI BRESCIA', 'LORENA', 'NOSENZO', 'NSNLRN03H42L923F', '2021-05-15', 'j&j', 2021051500242095);
INSERT INTO tabelle_cv.vaccinati_asst_degli_spedali_civili_di_brescia VALUES ('ASST DEGLI SPEDALI CIVILI DI BRESCIA', 'MARIANA', 'BARDHI', 'BRDMRN06H43C024C', '2021-10-03', 'moderna', 2021100304143819);
INSERT INTO tabelle_cv.vaccinati_asst_degli_spedali_civili_di_brescia VALUES ('ASST DEGLI SPEDALI CIVILI DI BRESCIA', 'OTTAVIO', 'RAINERO', 'RNRTTV00M13G223A', '2021-06-19', 'pfizer', 2021061919575876);
INSERT INTO tabelle_cv.vaccinati_asst_degli_spedali_civili_di_brescia VALUES ('ASST DEGLI SPEDALI CIVILI DI BRESCIA', 'ORESTE', 'KASA', 'KSARST01D07B869M', '2021-06-16', 'pfizer', 2021061616295911);
INSERT INTO tabelle_cv.vaccinati_asst_degli_spedali_civili_di_brescia VALUES ('ASST DEGLI SPEDALI CIVILI DI BRESCIA', 'SIMONE', 'ALAIMO', 'LMASMN05T19H509T', '2021-08-16', 'j&j', 2021081623181738);
INSERT INTO tabelle_cv.vaccinati_asst_degli_spedali_civili_di_brescia VALUES ('ASST DEGLI SPEDALI CIVILI DI BRESCIA', 'UGO', 'REGGIO', 'RGGGUO00E22I986E', '2021-05-16', 'astrazeneca', 2021051602211419);
INSERT INTO tabelle_cv.vaccinati_asst_degli_spedali_civili_di_brescia VALUES ('ASST DEGLI SPEDALI CIVILI DI BRESCIA', 'MARISTELLA', 'BOANO', 'BNOMRS07P55M044N', '2021-11-13', 'moderna', 2021111319453750);
INSERT INTO tabelle_cv.vaccinati_asst_degli_spedali_civili_di_brescia VALUES ('ASST DEGLI SPEDALI CIVILI DI BRESCIA', 'ROSITA', 'GHI', 'GHIRST08C68B313O', '2021-11-12', 'moderna', 2021111210034478);
INSERT INTO tabelle_cv.vaccinati_asst_degli_spedali_civili_di_brescia VALUES ('ASST DEGLI SPEDALI CIVILI DI BRESCIA', 'ALI', 'SPERETTA', 'SPRLAI09P09F165J', '2021-10-10', 'moderna', 2021101023331759);


--
-- TOC entry 3436 (class 0 OID 87838)
-- Dependencies: 209
-- Data for Name: vaccinati_asst_dei_sette_laghi; Type: TABLE DATA; Schema: tabelle_cv; Owner: admin_laboratorioB
--

INSERT INTO tabelle_cv.vaccinati_asst_dei_sette_laghi VALUES ('ASST DEI SETTE LAGHI', 'MIRCO', 'CESTARI', 'CSTMRC01R30F373V', '2021-10-19', 'moderna', 2021101917520593);
INSERT INTO tabelle_cv.vaccinati_asst_dei_sette_laghi VALUES ('ASST DEI SETTE LAGHI', 'EMILIANA', 'DEMARIA', 'DMRMLN07E58L250P', '2021-06-14', 'pfizer', 2021061420563790);
INSERT INTO tabelle_cv.vaccinati_asst_dei_sette_laghi VALUES ('ASST DEI SETTE LAGHI', 'GRAZIELLA', 'STEFFENINO', 'STFGRZ06C63D244Z', '2021-02-06', 'astrazeneca', 2021020607214979);
INSERT INTO tabelle_cv.vaccinati_asst_dei_sette_laghi VALUES ('ASST DEI SETTE LAGHI', 'NINA', 'RISSONE', 'RSSNNI00M44D015Z', '2021-02-18', 'moderna', 2021021817055893);
INSERT INTO tabelle_cv.vaccinati_asst_dei_sette_laghi VALUES ('ASST DEI SETTE LAGHI', 'ROCCO', 'RISSONE', 'RSSRCC00D23A039A', '2021-08-08', 'pfizer', 2021080803332949);
INSERT INTO tabelle_cv.vaccinati_asst_dei_sette_laghi VALUES ('ASST DEI SETTE LAGHI', 'SABRINA', 'ROMANO', 'RMNSBR01A68B807K', '2021-06-05', 'astrazeneca', 2021060517293393);
INSERT INTO tabelle_cv.vaccinati_asst_dei_sette_laghi VALUES ('ASST DEI SETTE LAGHI', 'JESSICA', 'GORIA', 'GROJSS00A66E608N', '2021-11-19', 'moderna', 2021111920285722);
INSERT INTO tabelle_cv.vaccinati_asst_dei_sette_laghi VALUES ('ASST DEI SETTE LAGHI', 'LUANA', 'PALUMBO', 'PLMLNU04L66E879I', '2021-02-20', 'moderna', 2021022017381646);
INSERT INTO tabelle_cv.vaccinati_asst_dei_sette_laghi VALUES ('ASST DEI SETTE LAGHI', 'FILIPPO', 'GIANOTTI', 'GNTFLP01C19H752Z', '2021-08-14', 'astrazeneca', 2021081421532874);


--
-- TOC entry 3437 (class 0 OID 87845)
-- Dependencies: 210
-- Data for Name: vaccinati_asst_del_garda; Type: TABLE DATA; Schema: tabelle_cv; Owner: admin_laboratorioB
--

INSERT INTO tabelle_cv.vaccinati_asst_del_garda VALUES ('ASST DEL GARDA', 'MIRCO', 'VARESIO', 'VRSMRC03P07F703K', '2021-03-05', 'pfizer', 2021030521580125);
INSERT INTO tabelle_cv.vaccinati_asst_del_garda VALUES ('ASST DEL GARDA', 'GIANPAOLO', 'SADIKU', 'SDKGNP04S07H535Y', '2021-04-14', 'astrazeneca', 2021041417593811);
INSERT INTO tabelle_cv.vaccinati_asst_del_garda VALUES ('ASST DEL GARDA', 'CALOGERO', 'MOSSOTTO', 'MSSCLG06M06B110Z', '2021-06-05', 'pfizer', 2021060518365071);
INSERT INTO tabelle_cv.vaccinati_asst_del_garda VALUES ('ASST DEL GARDA', 'IGOR', 'LAFORE', 'LFRGRI05D18M150M', '2021-07-29', 'j&j', 2021072923190976);
INSERT INTO tabelle_cv.vaccinati_asst_del_garda VALUES ('ASST DEL GARDA', 'CAROLINA', 'GRIECO', 'GRCCRL08R62H255M', '2021-03-12', 'astrazeneca', 2021031205590074);
INSERT INTO tabelle_cv.vaccinati_asst_del_garda VALUES ('ASST DEL GARDA', 'ESTER', 'MARMO', 'MRMSTR05S59G779P', '2021-02-06', 'astrazeneca', 2021020618140536);
INSERT INTO tabelle_cv.vaccinati_asst_del_garda VALUES ('ASST DEL GARDA', 'LUIGI', 'MERLO', 'MRLLGU03H16D239Y', '2021-09-30', 'moderna', 2021093011084137);
INSERT INTO tabelle_cv.vaccinati_asst_del_garda VALUES ('ASST DEL GARDA', 'MAURO', 'MACCARIO', 'MCCMRA00M04H373X', '2021-07-16', 'moderna', 2021071612194978);
INSERT INTO tabelle_cv.vaccinati_asst_del_garda VALUES ('ASST DEL GARDA', 'IVO', 'FERNICOLA', 'FRNVIO00L23B100Q', '2021-02-12', 'moderna', 2021021215372879);
INSERT INTO tabelle_cv.vaccinati_asst_del_garda VALUES ('ASST DEL GARDA', 'AMBRA', 'MAROCCO', 'MRCMBR01M51F070E', '2021-06-16', 'astrazeneca', 2021061608084665);
INSERT INTO tabelle_cv.vaccinati_asst_del_garda VALUES ('ASST DEL GARDA', 'ALI', 'DEZANI', 'DZNLAI00H27D147D', '2021-06-19', 'pfizer', 2021061913265229);
INSERT INTO tabelle_cv.vaccinati_asst_del_garda VALUES ('ASST DEL GARDA', 'FERDINANDO', 'CRITELLI', 'CRTFRD04A25A670S', '2021-05-04', 'astrazeneca', 2021050413433132);
INSERT INTO tabelle_cv.vaccinati_asst_del_garda VALUES ('ASST DEL GARDA', 'CARLOTTA', 'GAI', 'GAICRL09D63G223B', '2021-04-18', 'pfizer', 2021041811053669);
INSERT INTO tabelle_cv.vaccinati_asst_del_garda VALUES ('ASST DEL GARDA', 'ILIR', 'HASA', 'HSALRI00D29G342M', '2021-08-22', 'astrazeneca', 2021082206374918);
INSERT INTO tabelle_cv.vaccinati_asst_del_garda VALUES ('ASST DEL GARDA', 'ITALO', 'ALAIMO', 'LMATLI03M17L936I', '2021-01-11', 'pfizer', 2021011105405987);
INSERT INTO tabelle_cv.vaccinati_asst_del_garda VALUES ('ASST DEL GARDA', 'MIMOZA', 'IVALDI', 'VLDMMZ01T45G126J', '2021-05-06', 'astrazeneca', 2021050614263438);


--
-- TOC entry 3438 (class 0 OID 87852)
-- Dependencies: 211
-- Data for Name: vaccinati_asst_della_brianza; Type: TABLE DATA; Schema: tabelle_cv; Owner: admin_laboratorioB
--

INSERT INTO tabelle_cv.vaccinati_asst_della_brianza VALUES ('ASST DELLA BRIANZA', 'EDI', 'DEZZANI', 'DZZDEI08H60A034R', '2021-10-23', 'pfizer', 2021102305291088);
INSERT INTO tabelle_cv.vaccinati_asst_della_brianza VALUES ('ASST DELLA BRIANZA', 'OMBRETTA', 'PETRUZZELLA', 'PTRMBR01M65E454V', '2021-10-26', 'pfizer', 2021102623122023);
INSERT INTO tabelle_cv.vaccinati_asst_della_brianza VALUES ('ASST DELLA BRIANZA', 'MARIUS', 'ROVERO', 'RVRMRS07M06F968L', '2021-06-16', 'pfizer', 2021061622205396);
INSERT INTO tabelle_cv.vaccinati_asst_della_brianza VALUES ('ASST DELLA BRIANZA', 'MASSIMO', 'VITALE', 'VTLMSS07B08M119G', '2021-03-02', 'j&j', 2021030216293074);
INSERT INTO tabelle_cv.vaccinati_asst_della_brianza VALUES ('ASST DELLA BRIANZA', 'IRINA', 'NOVARA', 'NVRRNI04M63A010D', '2021-07-26', 'astrazeneca', 2021072616071485);
INSERT INTO tabelle_cv.vaccinati_asst_della_brianza VALUES ('ASST DELLA BRIANZA', 'RENATA', 'GIANUZZI', 'GNZRNT07B44F267F', '2021-06-06', 'astrazeneca', 2021060614365466);
INSERT INTO tabelle_cv.vaccinati_asst_della_brianza VALUES ('ASST DELLA BRIANZA', 'SAMANTA', 'ASCHIERO', 'SCHSMN04M65H679Q', '2021-08-06', 'pfizer', 2021080613493074);


--
-- TOC entry 3439 (class 0 OID 87859)
-- Dependencies: 212
-- Data for Name: vaccinati_asst_della_franciacorta; Type: TABLE DATA; Schema: tabelle_cv; Owner: admin_laboratorioB
--

INSERT INTO tabelle_cv.vaccinati_asst_della_franciacorta VALUES ('ASST DELLA FRANCIACORTA', 'SANTA', 'GHI', 'GHISNT02H53C329G', '2021-08-27', 'pfizer', 2021082702534711);
INSERT INTO tabelle_cv.vaccinati_asst_della_franciacorta VALUES ('ASST DELLA FRANCIACORTA', 'ANDREA', 'VESPA', 'VSPNDR00A51B038V', '2021-09-18', 'pfizer', 2021091818523751);
INSERT INTO tabelle_cv.vaccinati_asst_della_franciacorta VALUES ('ASST DELLA FRANCIACORTA', 'MATTIA', 'GIANUZZI', 'GNZMTT00B24A371S', '2021-02-05', 'moderna', 2021020523530852);
INSERT INTO tabelle_cv.vaccinati_asst_della_franciacorta VALUES ('ASST DELLA FRANCIACORTA', 'GERARDINA', 'SINANI', 'SNNGRR06R51E994J', '2021-04-11', 'astrazeneca', 2021041114403237);
INSERT INTO tabelle_cv.vaccinati_asst_della_franciacorta VALUES ('ASST DELLA FRANCIACORTA', 'FLORA', 'BONELLO', 'BNLFLR04P43F238Q', '2021-05-06', 'moderna', 2021050605104687);
INSERT INTO tabelle_cv.vaccinati_asst_della_franciacorta VALUES ('ASST DELLA FRANCIACORTA', 'ALBINA', 'PARACCHINO', 'PRCLBN08M70G118G', '2021-02-03', 'j&j', 2021020314105951);
INSERT INTO tabelle_cv.vaccinati_asst_della_franciacorta VALUES ('ASST DELLA FRANCIACORTA', 'EMMA', 'FERRETTI', 'FRRMME04R66A631U', '2021-07-07', 'moderna', 2021070714003677);
INSERT INTO tabelle_cv.vaccinati_asst_della_franciacorta VALUES ('ASST DELLA FRANCIACORTA', 'CHRISTIAN', 'PELLEGRINO', 'PLLCHR00E16B613A', '2021-05-11', 'j&j', 2021051113541051);
INSERT INTO tabelle_cv.vaccinati_asst_della_franciacorta VALUES ('ASST DELLA FRANCIACORTA', 'IBRAHIM', 'SCALZO', 'SCLBRH02P09A986B', '2021-04-28', 'pfizer', 2021042803181477);


--
-- TOC entry 3440 (class 0 OID 87866)
-- Dependencies: 213
-- Data for Name: vaccinati_asst_della_valcamonica; Type: TABLE DATA; Schema: tabelle_cv; Owner: admin_laboratorioB
--

INSERT INTO tabelle_cv.vaccinati_asst_della_valcamonica VALUES ('ASST DELLA VALCAMONICA', 'STEFANIA', 'CONTE', 'CNTSTF02D55M162Q', '2021-01-31', 'astrazeneca', 2021013108183194);
INSERT INTO tabelle_cv.vaccinati_asst_della_valcamonica VALUES ('ASST DELLA VALCAMONICA', 'LUANA', 'PAVAN', 'PVNLNU07M68C785E', '2021-01-09', 'j&j', 2021010903272344);
INSERT INTO tabelle_cv.vaccinati_asst_della_valcamonica VALUES ('ASST DELLA VALCAMONICA', 'DOMENICA', 'VITELLO', 'VTLDMN02R45E581Q', '2021-02-19', 'j&j', 2021021914031677);
INSERT INTO tabelle_cv.vaccinati_asst_della_valcamonica VALUES ('ASST DELLA VALCAMONICA', 'ION', 'BAGNASCO', 'BGNNIO00C10B166Y', '2021-07-06', 'pfizer', 2021070623203188);
INSERT INTO tabelle_cv.vaccinati_asst_della_valcamonica VALUES ('ASST DELLA VALCAMONICA', 'GASPARE', 'VERCELLI', 'VRCGSP05B09I997R', '2021-03-25', 'moderna', 2021032515422082);
INSERT INTO tabelle_cv.vaccinati_asst_della_valcamonica VALUES ('ASST DELLA VALCAMONICA', 'GIUSEPPA', 'BOSCO', 'BSCGSP02T56M044P', '2021-03-16', 'j&j', 2021031622020855);
INSERT INTO tabelle_cv.vaccinati_asst_della_valcamonica VALUES ('ASST DELLA VALCAMONICA', 'GIANNINA', 'BORGOGNO', 'BRGGNN06C68I433F', '2021-08-23', 'moderna', 2021082316355778);
INSERT INTO tabelle_cv.vaccinati_asst_della_valcamonica VALUES ('ASST DELLA VALCAMONICA', 'CARMELA', 'ARGENTA', 'RGNCRM02S66H799Q', '2021-01-18', 'astrazeneca', 2021011803042899);
INSERT INTO tabelle_cv.vaccinati_asst_della_valcamonica VALUES ('ASST DELLA VALCAMONICA', 'SARA', 'MASSASSO', 'MSSSRA02R46C917P', '2021-11-22', 'pfizer', 2021112203412115);
INSERT INTO tabelle_cv.vaccinati_asst_della_valcamonica VALUES ('ASST DELLA VALCAMONICA', 'OSVALDO', 'RICCIO', 'RCCSVL01R29G233E', '2021-06-15', 'j&j', 2021061517020068);
INSERT INTO tabelle_cv.vaccinati_asst_della_valcamonica VALUES ('ASST DELLA VALCAMONICA', 'DAVIDE', 'LIMARDI', 'LMRDVD07L13A794R', '2021-10-03', 'pfizer', 2021100301425884);


--
-- TOC entry 3441 (class 0 OID 87873)
-- Dependencies: 214
-- Data for Name: vaccinati_asst_della_valle_olona; Type: TABLE DATA; Schema: tabelle_cv; Owner: admin_laboratorioB
--

INSERT INTO tabelle_cv.vaccinati_asst_della_valle_olona VALUES ('ASST DELLA VALLE OLONA', 'MARIUS', 'GIULIANO', 'GLNMRS00C04F712X', '2021-09-08', 'moderna', 2021090811553210);
INSERT INTO tabelle_cv.vaccinati_asst_della_valle_olona VALUES ('ASST DELLA VALLE OLONA', 'RAFFAELLA', 'MASENGA', 'MSNRFF08D54E094O', '2021-03-11', 'j&j', 2021031103582355);
INSERT INTO tabelle_cv.vaccinati_asst_della_valle_olona VALUES ('ASST DELLA VALLE OLONA', 'ALBERTO', 'ALFIERI', 'LFRLBR08B15A557Z', '2021-07-04', 'moderna', 2021070405195230);
INSERT INTO tabelle_cv.vaccinati_asst_della_valle_olona VALUES ('ASST DELLA VALLE OLONA', 'ALESSANDRA', 'VALPREDA', 'VLPLSS06R41M180B', '2021-01-08', 'j&j', 2021010819520595);
INSERT INTO tabelle_cv.vaccinati_asst_della_valle_olona VALUES ('ASST DELLA VALLE OLONA', 'VINCENZINA', 'NDOKA', 'NDKVNC03H41L285A', '2021-07-28', 'j&j', 2021072805231637);
INSERT INTO tabelle_cv.vaccinati_asst_della_valle_olona VALUES ('ASST DELLA VALLE OLONA', 'GIOACCHINO', 'MACCARIO', 'MCCGCC04C01G635H', '2021-04-29', 'pfizer', 2021042919070552);
INSERT INTO tabelle_cv.vaccinati_asst_della_valle_olona VALUES ('ASST DELLA VALLE OLONA', 'PIERA', 'MANSONE', 'MNSPRI00B42H814Q', '2021-07-01', 'j&j', 2021070106153247);
INSERT INTO tabelle_cv.vaccinati_asst_della_valle_olona VALUES ('ASST DELLA VALLE OLONA', 'RACHID', 'LAFORE', 'LFRRCH08B19H815N', '2021-02-24', 'moderna', 2021022405431393);


--
-- TOC entry 3442 (class 0 OID 87880)
-- Dependencies: 215
-- Data for Name: vaccinati_asst_della_valtellina_e_dell_alto_lario; Type: TABLE DATA; Schema: tabelle_cv; Owner: admin_laboratorioB
--

INSERT INTO tabelle_cv.vaccinati_asst_della_valtellina_e_dell_alto_lario VALUES ('ASST DELLA VALTELLINA E DELL ALTO LARIO', 'ERMANNO', 'NEGRO', 'NGRRMN08A24H491Y', '2021-07-15', 'astrazeneca', 2021071522552335);
INSERT INTO tabelle_cv.vaccinati_asst_della_valtellina_e_dell_alto_lario VALUES ('ASST DELLA VALTELLINA E DELL ALTO LARIO', 'ROMINA', 'BONELLO', 'BNLRMN01T53B731K', '2021-06-23', 'pfizer', 2021062302191640);
INSERT INTO tabelle_cv.vaccinati_asst_della_valtellina_e_dell_alto_lario VALUES ('ASST DELLA VALTELLINA E DELL ALTO LARIO', 'EDUARD', 'MAGARI', 'MGRDRD04E18A288I', '2021-08-04', 'moderna', 2021080415464234);
INSERT INTO tabelle_cv.vaccinati_asst_della_valtellina_e_dell_alto_lario VALUES ('ASST DELLA VALTELLINA E DELL ALTO LARIO', 'VINCENZINA', 'CHIRMINISI', 'CHRVNC00T46B088W', '2021-08-30', 'j&j', 2021083000224711);
INSERT INTO tabelle_cv.vaccinati_asst_della_valtellina_e_dell_alto_lario VALUES ('ASST DELLA VALTELLINA E DELL ALTO LARIO', 'GLORIA', 'CHIESA', 'CHSGLR06A44E884I', '2021-11-08', 'j&j', 2021110808145816);
INSERT INTO tabelle_cv.vaccinati_asst_della_valtellina_e_dell_alto_lario VALUES ('ASST DELLA VALTELLINA E DELL ALTO LARIO', 'AMELIA', 'BAJRAMI', 'BJRMLA00P45E504C', '2021-07-10', 'j&j', 2021071010550887);


--
-- TOC entry 3443 (class 0 OID 87887)
-- Dependencies: 216
-- Data for Name: vaccinati_asst_di_bergamo_est; Type: TABLE DATA; Schema: tabelle_cv; Owner: admin_laboratorioB
--

INSERT INTO tabelle_cv.vaccinati_asst_di_bergamo_est VALUES ('ASST DI BERGAMO EST', 'FABIO', 'GAGLIANO', 'GGLFBA02H09G634A', '2021-03-09', 'j&j', 2021030903171311);
INSERT INTO tabelle_cv.vaccinati_asst_di_bergamo_est VALUES ('ASST DI BERGAMO EST', 'MARINELA', 'LAZZARATO', 'LZZMRN05C63C396M', '2021-04-16', 'moderna', 2021041623502549);
INSERT INTO tabelle_cv.vaccinati_asst_di_bergamo_est VALUES ('ASST DI BERGAMO EST', 'TERESINA', 'PERRONE', 'PRRTRS09T43A661Z', '2021-10-16', 'moderna', 2021101621050165);
INSERT INTO tabelle_cv.vaccinati_asst_di_bergamo_est VALUES ('ASST DI BERGAMO EST', 'GABRIELE', 'OTTAVIANO', 'TTVGBR00M20A273D', '2021-05-09', 'moderna', 2021050910132830);
INSERT INTO tabelle_cv.vaccinati_asst_di_bergamo_est VALUES ('ASST DI BERGAMO EST', 'TERESIO', 'ICARDI', 'CRDTRS02P16L471T', '2021-05-22', 'astrazeneca', 2021052205411637);
INSERT INTO tabelle_cv.vaccinati_asst_di_bergamo_est VALUES ('ASST DI BERGAMO EST', 'ADIL', 'GIANOGLIO', 'GNGDLA09M21H736S', '2021-02-21', 'astrazeneca', 2021022110151775);
INSERT INTO tabelle_cv.vaccinati_asst_di_bergamo_est VALUES ('ASST DI BERGAMO EST', 'AMALIA', 'BUSSOLINO', 'BSSMLA00S63B958O', '2021-07-30', 'j&j', 2021073016072541);
INSERT INTO tabelle_cv.vaccinati_asst_di_bergamo_est VALUES ('ASST DI BERGAMO EST', 'ANNAMARIA', 'GIANUZZI', 'GNZNNM09L67L617V', '2021-07-06', 'j&j', 2021070610513457);
INSERT INTO tabelle_cv.vaccinati_asst_di_bergamo_est VALUES ('ASST DI BERGAMO EST', 'HASSAN', 'TURELLO', 'TRLHSS00H20M184S', '2021-08-02', 'j&j', 2021080203585566);


--
-- TOC entry 3444 (class 0 OID 87894)
-- Dependencies: 217
-- Data for Name: vaccinati_asst_di_bergamo_ovest; Type: TABLE DATA; Schema: tabelle_cv; Owner: admin_laboratorioB
--

INSERT INTO tabelle_cv.vaccinati_asst_di_bergamo_ovest VALUES ('ASST DI BERGAMO OVEST', 'ILENIA', 'MIROGLIO', 'MRGLNI06H46I943Q', '2021-01-31', 'moderna', 2021013106122492);
INSERT INTO tabelle_cv.vaccinati_asst_di_bergamo_ovest VALUES ('ASST DI BERGAMO OVEST', 'NORA', 'MULE', 'MLUNRO07C47G028M', '2021-10-07', 'moderna', 2021100700591654);
INSERT INTO tabelle_cv.vaccinati_asst_di_bergamo_ovest VALUES ('ASST DI BERGAMO OVEST', 'FATNA', 'CAMERANO', 'CMRFTN06P63M156I', '2021-05-23', 'astrazeneca', 2021052301032943);
INSERT INTO tabelle_cv.vaccinati_asst_di_bergamo_ovest VALUES ('ASST DI BERGAMO OVEST', 'ANDREI', 'NOBILE', 'NBLNDR04A16C520Y', '2021-02-16', 'astrazeneca', 2021021601503590);
INSERT INTO tabelle_cv.vaccinati_asst_di_bergamo_ovest VALUES ('ASST DI BERGAMO OVEST', 'ASSUNTA', 'PERINO', 'PRNSSN08A61E299I', '2021-01-30', 'j&j', 2021013014481761);
INSERT INTO tabelle_cv.vaccinati_asst_di_bergamo_ovest VALUES ('ASST DI BERGAMO OVEST', 'ALBINA', 'ALFIERI', 'LFRLBN07T50L468K', '2021-01-16', 'astrazeneca', 2021011623455089);
INSERT INTO tabelle_cv.vaccinati_asst_di_bergamo_ovest VALUES ('ASST DI BERGAMO OVEST', 'ADA', 'TONA', 'TNODAA02M49E395R', '2021-03-24', 'j&j', 2021032414095269);
INSERT INTO tabelle_cv.vaccinati_asst_di_bergamo_ovest VALUES ('ASST DI BERGAMO OVEST', 'PIERINA', 'PIRAS', 'PRSPRN06A62C649Z', '2021-10-21', 'moderna', 2021102100034288);
INSERT INTO tabelle_cv.vaccinati_asst_di_bergamo_ovest VALUES ('ASST DI BERGAMO OVEST', 'FRANCESCA', 'PETRUZZELLA', 'PTRFRN01P60I529I', '2021-07-23', 'astrazeneca', 2021072311360915);
INSERT INTO tabelle_cv.vaccinati_asst_di_bergamo_ovest VALUES ('ASST DI BERGAMO OVEST', 'YASSINE', 'COPPO', 'CPPYSS08A01D245I', '2021-03-18', 'moderna', 2021031811010063);


--
-- TOC entry 3445 (class 0 OID 87901)
-- Dependencies: 218
-- Data for Name: vaccinati_asst_di_crema; Type: TABLE DATA; Schema: tabelle_cv; Owner: admin_laboratorioB
--

INSERT INTO tabelle_cv.vaccinati_asst_di_crema VALUES ('ASST DI CREMA', 'INES', 'RUSSO', 'RSSNSI01H65B272X', '2021-11-13', 'astrazeneca', 2021111321295811);
INSERT INTO tabelle_cv.vaccinati_asst_di_crema VALUES ('ASST DI CREMA', 'CHRISTIAN', 'VEILUVA', 'VLVCHR07B20L015A', '2021-08-01', 'j&j', 2021080116513141);
INSERT INTO tabelle_cv.vaccinati_asst_di_crema VALUES ('ASST DI CREMA', 'CLOE', 'TARASCO', 'TRSCLO07H65A127W', '2021-08-11', 'pfizer', 2021081109230039);
INSERT INTO tabelle_cv.vaccinati_asst_di_crema VALUES ('ASST DI CREMA', 'IRINA', 'BOLOGNA', 'BLGRNI03P57F084T', '2021-11-25', 'j&j', 2021112513311961);
INSERT INTO tabelle_cv.vaccinati_asst_di_crema VALUES ('ASST DI CREMA', 'GIANCARLO', 'ALFIERI', 'LFRGNC05S04L434A', '2021-01-16', 'astrazeneca', 2021011612104433);
INSERT INTO tabelle_cv.vaccinati_asst_di_crema VALUES ('ASST DI CREMA', 'KEVIN', 'MACCARIO', 'MCCKVN06S08E934D', '2021-09-29', 'pfizer', 2021092910154868);
INSERT INTO tabelle_cv.vaccinati_asst_di_crema VALUES ('ASST DI CREMA', 'ESTERINA', 'SINANI', 'SNNSTR03C62I566A', '2021-11-11', 'moderna', 2021111113211219);
INSERT INTO tabelle_cv.vaccinati_asst_di_crema VALUES ('ASST DI CREMA', 'GAETANA', 'ANSELMO', 'NSLGTN07M59H840C', '2021-05-30', 'moderna', 2021053022171662);
INSERT INTO tabelle_cv.vaccinati_asst_di_crema VALUES ('ASST DI CREMA', 'LINDA', 'GIANOGLIO', 'GNGLND05A41C800G', '2020-12-29', 'astrazeneca', 2020122902004358);
INSERT INTO tabelle_cv.vaccinati_asst_di_crema VALUES ('ASST DI CREMA', 'ABDELLAH', 'CAMPO', 'CMPBDL00A16A301M', '2021-04-08', 'moderna', 2021040801252295);
INSERT INTO tabelle_cv.vaccinati_asst_di_crema VALUES ('ASST DI CREMA', 'ELVIRA', 'DEZANI', 'DZNLVR05S42G717C', '2021-01-04', 'j&j', 2021010422551635);


--
-- TOC entry 3446 (class 0 OID 87908)
-- Dependencies: 219
-- Data for Name: vaccinati_asst_di_cremona; Type: TABLE DATA; Schema: tabelle_cv; Owner: admin_laboratorioB
--

INSERT INTO tabelle_cv.vaccinati_asst_di_cremona VALUES ('ASST DI CREMONA', 'LUDOVICA', 'GULINO', 'GLNLDV06D56B754V', '2021-05-30', 'pfizer', 2021053000350592);
INSERT INTO tabelle_cv.vaccinati_asst_di_cremona VALUES ('ASST DI CREMONA', 'ANTONIETTA', 'ACCOMASSO', 'CCMNTN05P59A802U', '2021-06-28', 'moderna', 2021062806510258);
INSERT INTO tabelle_cv.vaccinati_asst_di_cremona VALUES ('ASST DI CREMONA', 'ETTORE', 'OTTENGA', 'TTNTTR01T18A787Z', '2021-11-13', 'j&j', 2021111305094678);
INSERT INTO tabelle_cv.vaccinati_asst_di_cremona VALUES ('ASST DI CREMONA', 'ANTONINA', 'SADIKU', 'SDKNTN04P51D604T', '2021-03-31', 'astrazeneca', 2021033109462437);
INSERT INTO tabelle_cv.vaccinati_asst_di_cremona VALUES ('ASST DI CREMONA', 'ADAMA', 'SCAGLIA', 'SCGDMA08R12M394G', '2021-06-26', 'pfizer', 2021062601252334);
INSERT INTO tabelle_cv.vaccinati_asst_di_cremona VALUES ('ASST DI CREMONA', 'LINA', 'VACCANEO', 'VCCLNI07H43A288U', '2021-11-05', 'j&j', 2021110518023780);
INSERT INTO tabelle_cv.vaccinati_asst_di_cremona VALUES ('ASST DI CREMONA', 'YASSINE', 'TABAKU', 'TBKYSS07R17B355B', '2021-02-12', 'moderna', 2021021213294450);
INSERT INTO tabelle_cv.vaccinati_asst_di_cremona VALUES ('ASST DI CREMONA', 'PIERA', 'CATIZZONE', 'CTZPRI06C65I602H', '2021-11-15', 'moderna', 2021111509071533);
INSERT INTO tabelle_cv.vaccinati_asst_di_cremona VALUES ('ASST DI CREMONA', 'ARMANDO', 'GUZA', 'GZURMN09L25F151N', '2021-02-15', 'astrazeneca', 2021021501032857);
INSERT INTO tabelle_cv.vaccinati_asst_di_cremona VALUES ('ASST DI CREMONA', 'GIORGIO', 'PIA', 'PIAGRG09B23G361S', '2021-09-05', 'astrazeneca', 2021090518063293);
INSERT INTO tabelle_cv.vaccinati_asst_di_cremona VALUES ('ASST DI CREMONA', 'SVETLANA', 'MAGGIOROTTO', 'MGGSVT00A66D204W', '2021-06-14', 'moderna', 2021061417503353);
INSERT INTO tabelle_cv.vaccinati_asst_di_cremona VALUES ('ASST DI CREMONA', 'SARA', 'MONTERSINO', 'MNTSRA03C52A848C', '2021-08-31', 'pfizer', 2021083105341656);


--
-- TOC entry 3447 (class 0 OID 87915)
-- Dependencies: 220
-- Data for Name: vaccinati_asst_di_lecco; Type: TABLE DATA; Schema: tabelle_cv; Owner: admin_laboratorioB
--

INSERT INTO tabelle_cv.vaccinati_asst_di_lecco VALUES ('ASST DI LECCO', 'CONSTANTIN', 'BIANCHI', 'BNCCNS09D01B820U', '2021-10-19', 'j&j', 2021101906265759);
INSERT INTO tabelle_cv.vaccinati_asst_di_lecco VALUES ('ASST DI LECCO', 'CRISTIAN', 'VILLATA', 'VLLCRS02C03D963B', '2021-03-04', 'astrazeneca', 2021030404044123);
INSERT INTO tabelle_cv.vaccinati_asst_di_lecco VALUES ('ASST DI LECCO', 'DANIELE', 'PENNA', 'PNNDNL05D11G906W', '2021-05-31', 'astrazeneca', 2021053101323490);
INSERT INTO tabelle_cv.vaccinati_asst_di_lecco VALUES ('ASST DI LECCO', 'JESSICA', 'FIORA', 'FRIJSS01A71E794H', '2021-10-23', 'pfizer', 2021102300371124);
INSERT INTO tabelle_cv.vaccinati_asst_di_lecco VALUES ('ASST DI LECCO', 'SVETLANA', 'TOSETTO', 'TSTSVT09L63B110T', '2021-10-18', 'moderna', 2021101814285697);
INSERT INTO tabelle_cv.vaccinati_asst_di_lecco VALUES ('ASST DI LECCO', 'MIRKO', 'VARESIO', 'VRSMRK02R06E305P', '2021-03-09', 'moderna', 2021030904540619);
INSERT INTO tabelle_cv.vaccinati_asst_di_lecco VALUES ('ASST DI LECCO', 'ORESTE', 'GASPARIN', 'GSPRST06D15H827B', '2021-04-15', 'moderna', 2021041508424511);
INSERT INTO tabelle_cv.vaccinati_asst_di_lecco VALUES ('ASST DI LECCO', 'DANIELA', 'GERBI', 'GRBDNL03P48E405S', '2021-09-30', 'pfizer', 2021093002410387);
INSERT INTO tabelle_cv.vaccinati_asst_di_lecco VALUES ('ASST DI LECCO', 'LEONARD', 'GRIMALDI', 'GRMLNR01A19G671V', '2021-08-20', 'moderna', 2021082009044324);
INSERT INTO tabelle_cv.vaccinati_asst_di_lecco VALUES ('ASST DI LECCO', 'MAURIZIA', 'BIGLIA', 'BGLMRZ02L65D029E', '2021-08-24', 'j&j', 2021082407101491);


--
-- TOC entry 3448 (class 0 OID 87922)
-- Dependencies: 221
-- Data for Name: vaccinati_asst_di_lodi; Type: TABLE DATA; Schema: tabelle_cv; Owner: admin_laboratorioB
--

INSERT INTO tabelle_cv.vaccinati_asst_di_lodi VALUES ('ASST DI LODI', 'ROMEO', 'ROVERO', 'RVRRMO08H05F427C', '2021-01-08', 'moderna', 2021010823505593);
INSERT INTO tabelle_cv.vaccinati_asst_di_lodi VALUES ('ASST DI LODI', 'ERSILIA', 'FALCONE', 'FLCRSL04C47I168D', '2021-01-07', 'pfizer', 2021010721350091);
INSERT INTO tabelle_cv.vaccinati_asst_di_lodi VALUES ('ASST DI LODI', 'ALEX', 'BIANCO', 'BNCLXA05P27I786A', '2021-10-25', 'pfizer', 2021102505430180);
INSERT INTO tabelle_cv.vaccinati_asst_di_lodi VALUES ('ASST DI LODI', 'SILVIA', 'MIGLIASSO', 'MGLSLV08B61A705M', '2021-05-18', 'astrazeneca', 2021051814020175);
INSERT INTO tabelle_cv.vaccinati_asst_di_lodi VALUES ('ASST DI LODI', 'VALBONA', 'DILIBERTO', 'DLBVLB02S53A950U', '2021-11-13', 'pfizer', 2021111319075230);
INSERT INTO tabelle_cv.vaccinati_asst_di_lodi VALUES ('ASST DI LODI', 'KATIUSCIA', 'PORRO', 'PRRKTS01A58F788Q', '2021-11-17', 'pfizer', 2021111702132332);
INSERT INTO tabelle_cv.vaccinati_asst_di_lodi VALUES ('ASST DI LODI', 'CLARA', 'TIRONE', 'TRNCLR08P70H055Q', '2021-09-25', 'pfizer', 2021092502504480);
INSERT INTO tabelle_cv.vaccinati_asst_di_lodi VALUES ('ASST DI LODI', 'ERSILIA', 'REKA', 'RKERSL08T41L883J', '2021-02-16', 'moderna', 2021021604562414);
INSERT INTO tabelle_cv.vaccinati_asst_di_lodi VALUES ('ASST DI LODI', 'MORENA', 'MIGLIASSO', 'MGLMRN09C70B217E', '2021-04-04', 'moderna', 2021040418415364);
INSERT INTO tabelle_cv.vaccinati_asst_di_lodi VALUES ('ASST DI LODI', 'ARTUR', 'RAIMONDO', 'RMNRTR00T17C536Y', '2021-10-10', 'astrazeneca', 2021101011305171);
INSERT INTO tabelle_cv.vaccinati_asst_di_lodi VALUES ('ASST DI LODI', 'ANTONELLA', 'MECJA', 'MCJNTN08B43H601T', '2021-06-30', 'moderna', 2021063022421161);
INSERT INTO tabelle_cv.vaccinati_asst_di_lodi VALUES ('ASST DI LODI', 'AMAL', 'RAVIOLA', 'RVLMLA07E56H767D', '2021-02-01', 'pfizer', 2021020103230874);
INSERT INTO tabelle_cv.vaccinati_asst_di_lodi VALUES ('ASST DI LODI', 'PAOLA', 'MORTARA', 'MRTPLA01S66B742A', '2021-02-18', 'moderna', 2021021807274532);


--
-- TOC entry 3449 (class 0 OID 87929)
-- Dependencies: 222
-- Data for Name: vaccinati_asst_di_mantova; Type: TABLE DATA; Schema: tabelle_cv; Owner: admin_laboratorioB
--

INSERT INTO tabelle_cv.vaccinati_asst_di_mantova VALUES ('ASST DI MANTOVA', 'GRETA', 'RAMPONE', 'RMPGRT06A53E738P', '2021-09-27', 'pfizer', 2021092717561446);
INSERT INTO tabelle_cv.vaccinati_asst_di_mantova VALUES ('ASST DI MANTOVA', 'ARTAN', 'DIENG', 'DNGRTN06L17H827X', '2021-08-28', 'j&j', 2021082809541788);
INSERT INTO tabelle_cv.vaccinati_asst_di_mantova VALUES ('ASST DI MANTOVA', 'BIAGIO', 'TURELLO', 'TRLBGI00E31E665G', '2021-06-04', 'moderna', 2021060411193027);
INSERT INTO tabelle_cv.vaccinati_asst_di_mantova VALUES ('ASST DI MANTOVA', 'MICHELA', 'ROGGERO', 'RGGMCH09T66M372Z', '2021-04-21', 'pfizer', 2021042118365348);
INSERT INTO tabelle_cv.vaccinati_asst_di_mantova VALUES ('ASST DI MANTOVA', 'ANTONIO', 'BUTERA', 'BTRNTN03A03D906O', '2021-05-19', 'astrazeneca', 2021051923551465);
INSERT INTO tabelle_cv.vaccinati_asst_di_mantova VALUES ('ASST DI MANTOVA', 'OTTAVIO', 'ALUFFI', 'LFFTTV05L25H885S', '2021-05-29', 'astrazeneca', 2021052909453093);
INSERT INTO tabelle_cv.vaccinati_asst_di_mantova VALUES ('ASST DI MANTOVA', 'MAURA', 'DIENG', 'DNGMRA00T42H615L', '2021-01-01', 'moderna', 2021010104215153);
INSERT INTO tabelle_cv.vaccinati_asst_di_mantova VALUES ('ASST DI MANTOVA', 'ROSSANA', 'LAZZARINO', 'LZZRSS00E42C033B', '2021-03-13', 'j&j', 2021031317081091);


--
-- TOC entry 3450 (class 0 OID 87936)
-- Dependencies: 223
-- Data for Name: vaccinati_asst_di_monza; Type: TABLE DATA; Schema: tabelle_cv; Owner: admin_laboratorioB
--

INSERT INTO tabelle_cv.vaccinati_asst_di_monza VALUES ('ASST DI MONZA', 'DEBORAH', 'DELPERO', 'DLPDBR09R70E193J', '2021-11-05', 'astrazeneca', 2021110510190576);
INSERT INTO tabelle_cv.vaccinati_asst_di_monza VALUES ('ASST DI MONZA', 'FULVIO', 'CARIA', 'CRAFLV01E07C408H', '2021-06-20', 'astrazeneca', 2021062023290544);
INSERT INTO tabelle_cv.vaccinati_asst_di_monza VALUES ('ASST DI MONZA', 'MARTA', 'SORCE', 'SRCMRT02A66L593I', '2021-10-04', 'j&j', 2021100401124336);
INSERT INTO tabelle_cv.vaccinati_asst_di_monza VALUES ('ASST DI MONZA', 'SIMONETTA', 'PERRONE', 'PRRSMN03A70L404P', '2021-10-03', 'astrazeneca', 2021100322041290);
INSERT INTO tabelle_cv.vaccinati_asst_di_monza VALUES ('ASST DI MONZA', 'ROSITA', 'CATIZZONE', 'CTZRST09E47F085G', '2021-10-17', 'moderna', 2021101700252033);
INSERT INTO tabelle_cv.vaccinati_asst_di_monza VALUES ('ASST DI MONZA', 'AYA', 'GUASCO', 'GSCYAA03D41H521W', '2021-03-24', 'moderna', 2021032411554339);
INSERT INTO tabelle_cv.vaccinati_asst_di_monza VALUES ('ASST DI MONZA', 'ENZA', 'MORANDO', 'MRNNZE04T48C698A', '2021-11-12', 'pfizer', 2021111209405150);
INSERT INTO tabelle_cv.vaccinati_asst_di_monza VALUES ('ASST DI MONZA', 'ZAHRA', 'CAPELLO', 'CPLZHR00S48E292M', '2021-01-11', 'astrazeneca', 2021011123291144);
INSERT INTO tabelle_cv.vaccinati_asst_di_monza VALUES ('ASST DI MONZA', 'ERNESTO', 'MARKU', 'MRKRNS03A27C050V', '2021-11-24', 'j&j', 2021112411384066);
INSERT INTO tabelle_cv.vaccinati_asst_di_monza VALUES ('ASST DI MONZA', 'ROSELLA', 'PISCOPO', 'PSCRSL09D54C050C', '2021-11-07', 'moderna', 2021110722270117);
INSERT INTO tabelle_cv.vaccinati_asst_di_monza VALUES ('ASST DI MONZA', 'GIOVANNA', 'CALOSSO', 'CLSGVN02S56D924X', '2021-11-11', 'j&j', 2021111117401177);
INSERT INTO tabelle_cv.vaccinati_asst_di_monza VALUES ('ASST DI MONZA', 'ILIR', 'VALFRE', 'VLFLRI08L26B117G', '2021-08-18', 'astrazeneca', 2021081820403212);
INSERT INTO tabelle_cv.vaccinati_asst_di_monza VALUES ('ASST DI MONZA', 'ENZO', 'GIANUZZI', 'GNZNZE01L18D710J', '2021-08-20', 'moderna', 2021082007163431);
INSERT INTO tabelle_cv.vaccinati_asst_di_monza VALUES ('ASST DI MONZA', 'LIVIA', 'TARTAGLINO', 'TRTLVI02L60B144Y', '2021-04-10', 'astrazeneca', 2021041010501581);
INSERT INTO tabelle_cv.vaccinati_asst_di_monza VALUES ('ASST DI MONZA', 'ANDREA', 'FOLLO', 'FLLNDR08S49C330U', '2021-06-17', 'astrazeneca', 2021061712332688);


--
-- TOC entry 3451 (class 0 OID 87943)
-- Dependencies: 224
-- Data for Name: vaccinati_asst_di_pavia; Type: TABLE DATA; Schema: tabelle_cv; Owner: admin_laboratorioB
--

INSERT INTO tabelle_cv.vaccinati_asst_di_pavia VALUES ('ASST DI PAVIA', 'AICHA', 'VEILUVA', 'VLVCHA00E49D280Y', '2021-03-03', 'moderna', 2021030303293263);
INSERT INTO tabelle_cv.vaccinati_asst_di_pavia VALUES ('ASST DI PAVIA', 'PIETRO', 'SACCO', 'SCCPTR07H07E100I', '2021-05-04', 'astrazeneca', 2021050407380336);
INSERT INTO tabelle_cv.vaccinati_asst_di_pavia VALUES ('ASST DI PAVIA', 'MIRELA', 'NEBIOLO', 'NBLMRL00B49A365E', '2021-08-12', 'j&j', 2021081223200030);
INSERT INTO tabelle_cv.vaccinati_asst_di_pavia VALUES ('ASST DI PAVIA', 'MAGDA', 'BARBERIS', 'BRBMGD00E67A989A', '2021-08-07', 'moderna', 2021080720380243);
INSERT INTO tabelle_cv.vaccinati_asst_di_pavia VALUES ('ASST DI PAVIA', 'MARIANO', 'SARDO', 'SRDMRN06A30G635O', '2021-10-23', 'pfizer', 2021102304321146);
INSERT INTO tabelle_cv.vaccinati_asst_di_pavia VALUES ('ASST DI PAVIA', 'ALFRED', 'COPPOLA', 'CPPLFR06L31D266D', '2021-08-20', 'j&j', 2021082008562456);
INSERT INTO tabelle_cv.vaccinati_asst_di_pavia VALUES ('ASST DI PAVIA', 'MAGDA', 'MASSASSO', 'MSSMGD03S42D946Q', '2021-05-28', 'astrazeneca', 2021052807595669);
INSERT INTO tabelle_cv.vaccinati_asst_di_pavia VALUES ('ASST DI PAVIA', 'RICCARDO', 'CERRUTI', 'CRRRCC05S30I827S', '2021-02-08', 'j&j', 2021020810562033);
INSERT INTO tabelle_cv.vaccinati_asst_di_pavia VALUES ('ASST DI PAVIA', 'ARTAN', 'PUGLIESE', 'PGLRTN06C18L250H', '2021-04-13', 'moderna', 2021041319245222);
INSERT INTO tabelle_cv.vaccinati_asst_di_pavia VALUES ('ASST DI PAVIA', 'MARCELLO', 'BOERO', 'BROMRC07E01B442I', '2021-11-15', 'pfizer', 2021111519315957);
INSERT INTO tabelle_cv.vaccinati_asst_di_pavia VALUES ('ASST DI PAVIA', 'ELVIRA', 'DRAGO', 'DRGLVR03E42C381M', '2021-05-25', 'moderna', 2021052520460597);
INSERT INTO tabelle_cv.vaccinati_asst_di_pavia VALUES ('ASST DI PAVIA', 'EZIO', 'OTTAVIANO', 'TTVZEI03B18G410W', '2021-08-23', 'pfizer', 2021082310024313);
INSERT INTO tabelle_cv.vaccinati_asst_di_pavia VALUES ('ASST DI PAVIA', 'SILVIA', 'MASCIA', 'MSCSLV00S55B938D', '2021-07-01', 'moderna', 2021070117280017);


--
-- TOC entry 3452 (class 0 OID 87950)
-- Dependencies: 225
-- Data for Name: vaccinati_asst_fatebenefratelli_sacco; Type: TABLE DATA; Schema: tabelle_cv; Owner: admin_laboratorioB
--

INSERT INTO tabelle_cv.vaccinati_asst_fatebenefratelli_sacco VALUES ('ASST FATEBENEFRATELLI SACCO', 'AURELIA', 'REKA', 'RKERLA00H67H086Q', '2021-06-29', 'moderna', 2021062922035417);
INSERT INTO tabelle_cv.vaccinati_asst_fatebenefratelli_sacco VALUES ('ASST FATEBENEFRATELLI SACCO', 'EMANUEL', 'PAVIA', 'PVAMNL06B11A870Z', '2021-03-31', 'astrazeneca', 2021033107544083);
INSERT INTO tabelle_cv.vaccinati_asst_fatebenefratelli_sacco VALUES ('ASST FATEBENEFRATELLI SACCO', 'CARLO', 'MESSINA', 'MSSCRL09A31H259R', '2021-11-14', 'moderna', 2021111405594896);
INSERT INTO tabelle_cv.vaccinati_asst_fatebenefratelli_sacco VALUES ('ASST FATEBENEFRATELLI SACCO', 'RINALDO', 'RABEZZANA', 'RBZRNL00P30C139K', '2021-09-19', 'moderna', 2021091909281420);
INSERT INTO tabelle_cv.vaccinati_asst_fatebenefratelli_sacco VALUES ('ASST FATEBENEFRATELLI SACCO', 'MICHELANGELO', 'MULE', 'MLUMCH04S08H216D', '2021-09-07', 'j&j', 2021090722293001);
INSERT INTO tabelle_cv.vaccinati_asst_fatebenefratelli_sacco VALUES ('ASST FATEBENEFRATELLI SACCO', 'EDMOND', 'GIANUZZI', 'GNZDMN00P13I362T', '2021-01-14', 'j&j', 2021011402444484);
INSERT INTO tabelle_cv.vaccinati_asst_fatebenefratelli_sacco VALUES ('ASST FATEBENEFRATELLI SACCO', 'YASMINE', 'GASPARIN', 'GSPYSM03R55F941O', '2021-11-06', 'astrazeneca', 2021110618431441);
INSERT INTO tabelle_cv.vaccinati_asst_fatebenefratelli_sacco VALUES ('ASST FATEBENEFRATELLI SACCO', 'NUNZIO', 'PANI', 'PNANNZ06D17C760D', '2021-02-02', 'astrazeneca', 2021020221593180);
INSERT INTO tabelle_cv.vaccinati_asst_fatebenefratelli_sacco VALUES ('ASST FATEBENEFRATELLI SACCO', 'GIANPIERO', 'NOBILE', 'NBLGNP09R04B040W', '2021-05-19', 'moderna', 2021051901223281);
INSERT INTO tabelle_cv.vaccinati_asst_fatebenefratelli_sacco VALUES ('ASST FATEBENEFRATELLI SACCO', 'MAURO', 'MIROGLIO', 'MRGMRA02H07D217D', '2021-09-30', 'j&j', 2021093005081211);
INSERT INTO tabelle_cv.vaccinati_asst_fatebenefratelli_sacco VALUES ('ASST FATEBENEFRATELLI SACCO', 'SANTINA', 'GAGLIARDI', 'GGLSNT02R43L037G', '2021-10-30', 'moderna', 2021103005081350);


--
-- TOC entry 3453 (class 0 OID 87957)
-- Dependencies: 226
-- Data for Name: vaccinati_asst_grande_ospedale_metropolitano_nigua; Type: TABLE DATA; Schema: tabelle_cv; Owner: admin_laboratorioB
--

INSERT INTO tabelle_cv.vaccinati_asst_grande_ospedale_metropolitano_nigua VALUES ('ASST GRANDE OSPEDALE METROPOLITANO NIGUA', 'CARMINE', 'GULINO', 'GLNCRM07C29L404D', '2021-02-15', 'pfizer', 2021021520400320);
INSERT INTO tabelle_cv.vaccinati_asst_grande_ospedale_metropolitano_nigua VALUES ('ASST GRANDE OSPEDALE METROPOLITANO NIGUA', 'OTTAVIO', 'HYSA', 'HYSTTV06A08D013Q', '2021-04-02', 'moderna', 2021040201532929);
INSERT INTO tabelle_cv.vaccinati_asst_grande_ospedale_metropolitano_nigua VALUES ('ASST GRANDE OSPEDALE METROPOLITANO NIGUA', 'NICCOLO''', 'VADA', 'VDANCC03L15A940E', '2021-05-15', 'pfizer', 2021051515584310);
INSERT INTO tabelle_cv.vaccinati_asst_grande_ospedale_metropolitano_nigua VALUES ('ASST GRANDE OSPEDALE METROPOLITANO NIGUA', 'PIA', 'SCOZZARO', 'SCZPIA01M69B100Q', '2021-08-11', 'pfizer', 2021081106281854);
INSERT INTO tabelle_cv.vaccinati_asst_grande_ospedale_metropolitano_nigua VALUES ('ASST GRANDE OSPEDALE METROPOLITANO NIGUA', 'GERMANA', 'GIOVANE', 'GVNGRM07D56G889P', '2021-10-27', 'j&j', 2021102710055523);
INSERT INTO tabelle_cv.vaccinati_asst_grande_ospedale_metropolitano_nigua VALUES ('ASST GRANDE OSPEDALE METROPOLITANO NIGUA', 'VINCENZINA', 'KASA', 'KSAVNC04H41F084J', '2021-07-09', 'j&j', 2021070904200725);
INSERT INTO tabelle_cv.vaccinati_asst_grande_ospedale_metropolitano_nigua VALUES ('ASST GRANDE OSPEDALE METROPOLITANO NIGUA', 'CATERINA', 'BOSTICCO', 'BSTCTR04E63G247U', '2021-08-26', 'astrazeneca', 2021082601013830);
INSERT INTO tabelle_cv.vaccinati_asst_grande_ospedale_metropolitano_nigua VALUES ('ASST GRANDE OSPEDALE METROPOLITANO NIGUA', 'BRUNO', 'NOBILE', 'NBLBRN07A25G346Z', '2021-01-11', 'pfizer', 2021011122170478);
INSERT INTO tabelle_cv.vaccinati_asst_grande_ospedale_metropolitano_nigua VALUES ('ASST GRANDE OSPEDALE METROPOLITANO NIGUA', 'MARTIN', 'DACASTO', 'DCSMRT08A04C551V', '2021-07-13', 'astrazeneca', 2021071319500427);
INSERT INTO tabelle_cv.vaccinati_asst_grande_ospedale_metropolitano_nigua VALUES ('ASST GRANDE OSPEDALE METROPOLITANO NIGUA', 'FILIPPO', 'BINCOLETTO', 'BNCFLP03S13G028Q', '2021-06-24', 'astrazeneca', 2021062416254062);


--
-- TOC entry 3454 (class 0 OID 87964)
-- Dependencies: 227
-- Data for Name: vaccinati_asst_lariana; Type: TABLE DATA; Schema: tabelle_cv; Owner: admin_laboratorioB
--

INSERT INTO tabelle_cv.vaccinati_asst_lariana VALUES ('ASST LARIANA', 'PIERLUIGI', 'COSTA', 'CSTPRL00E03L426V', '2021-07-21', 'pfizer', 2021072117563354);
INSERT INTO tabelle_cv.vaccinati_asst_lariana VALUES ('ASST LARIANA', 'MARIANNA', 'DUBOIS', 'DBSMRN08P47H036I', '2021-03-19', 'j&j', 2021031914391719);
INSERT INTO tabelle_cv.vaccinati_asst_lariana VALUES ('ASST LARIANA', 'FIORELLA', 'TRIMARCO', 'TRMFRL05T60E238B', '2021-01-08', 'pfizer', 2021010820051070);
INSERT INTO tabelle_cv.vaccinati_asst_lariana VALUES ('ASST LARIANA', 'ENZA', 'FASSIO', 'FSSNZE07L53C435E', '2021-05-19', 'j&j', 2021051921583177);


--
-- TOC entry 3455 (class 0 OID 87971)
-- Dependencies: 228
-- Data for Name: vaccinati_asst_melegnano_e_della_martesana; Type: TABLE DATA; Schema: tabelle_cv; Owner: admin_laboratorioB
--

INSERT INTO tabelle_cv.vaccinati_asst_melegnano_e_della_martesana VALUES ('ASST MELEGNANO E DELLA MARTESANA', 'EMILIANO', 'CASETTA', 'CSTMLN06P26B530H', '2021-07-18', 'astrazeneca', 2021071810201689);
INSERT INTO tabelle_cv.vaccinati_asst_melegnano_e_della_martesana VALUES ('ASST MELEGNANO E DELLA MARTESANA', 'LAURETTA', 'BORIN', 'BRNLRT00P50G407N', '2021-10-28', 'j&j', 2021102806200985);
INSERT INTO tabelle_cv.vaccinati_asst_melegnano_e_della_martesana VALUES ('ASST MELEGNANO E DELLA MARTESANA', 'ZAKARIA', 'GORIA', 'GROZKR05P19F703R', '2021-06-15', 'moderna', 2021061511391066);
INSERT INTO tabelle_cv.vaccinati_asst_melegnano_e_della_martesana VALUES ('ASST MELEGNANO E DELLA MARTESANA', 'WALTER', 'SINANI', 'SNNWLT00L01B711K', '2021-03-23', 'pfizer', 2021032311161384);
INSERT INTO tabelle_cv.vaccinati_asst_melegnano_e_della_martesana VALUES ('ASST MELEGNANO E DELLA MARTESANA', 'GIANNI', 'REKA', 'RKEGNN09T22D081F', '2021-02-24', 'moderna', 2021022407290590);
INSERT INTO tabelle_cv.vaccinati_asst_melegnano_e_della_martesana VALUES ('ASST MELEGNANO E DELLA MARTESANA', 'EUGENIA', 'CARBONE', 'CRBGNE02M56F153G', '2021-07-18', 'pfizer', 2021071810501878);
INSERT INTO tabelle_cv.vaccinati_asst_melegnano_e_della_martesana VALUES ('ASST MELEGNANO E DELLA MARTESANA', 'MAURIZIA', 'CRAVANZOLA', 'CRVMRZ07M61I567X', '2021-06-21', 'j&j', 2021062101521670);
INSERT INTO tabelle_cv.vaccinati_asst_melegnano_e_della_martesana VALUES ('ASST MELEGNANO E DELLA MARTESANA', 'NAIMA', 'CERRUTI', 'CRRNMA02E60H493I', '2020-12-29', 'pfizer', 2020122900110041);
INSERT INTO tabelle_cv.vaccinati_asst_melegnano_e_della_martesana VALUES ('ASST MELEGNANO E DELLA MARTESANA', 'ESTER', 'CAMPAGNA', 'CMPSTR00D60L221Y', '2021-01-03', 'j&j', 2021010315070453);
INSERT INTO tabelle_cv.vaccinati_asst_melegnano_e_della_martesana VALUES ('ASST MELEGNANO E DELLA MARTESANA', 'GIORGIA', 'NEGRO', 'NGRGRG05B42F393T', '2021-04-27', 'astrazeneca', 2021042719264342);
INSERT INTO tabelle_cv.vaccinati_asst_melegnano_e_della_martesana VALUES ('ASST MELEGNANO E DELLA MARTESANA', 'VIOLETA', 'BASSO', 'BSSVLT05P59B803G', '2021-06-30', 'moderna', 2021063019512031);
INSERT INTO tabelle_cv.vaccinati_asst_melegnano_e_della_martesana VALUES ('ASST MELEGNANO E DELLA MARTESANA', 'CRISTINA', 'FRONTINO', 'FRNCRS06T71I433D', '2021-05-10', 'pfizer', 2021051000153961);
INSERT INTO tabelle_cv.vaccinati_asst_melegnano_e_della_martesana VALUES ('ASST MELEGNANO E DELLA MARTESANA', 'GIULIO', 'PAFUNDI', 'PFNGLI08T10G488J', '2021-11-15', 'moderna', 2021111508585342);
INSERT INTO tabelle_cv.vaccinati_asst_melegnano_e_della_martesana VALUES ('ASST MELEGNANO E DELLA MARTESANA', 'GIORGIO', 'VALPREDA', 'VLPGRG08B10G026B', '2021-09-27', 'j&j', 2021092708045981);
INSERT INTO tabelle_cv.vaccinati_asst_melegnano_e_della_martesana VALUES ('ASST MELEGNANO E DELLA MARTESANA', 'LEANDRO', 'PRECI', 'PRCLND05D19A699J', '2021-01-15', 'astrazeneca', 2021011519281120);
INSERT INTO tabelle_cv.vaccinati_asst_melegnano_e_della_martesana VALUES ('ASST MELEGNANO E DELLA MARTESANA', 'EDMOND', 'ROVERO', 'RVRDMN00L06E794A', '2021-05-14', 'moderna', 2021051409123785);
INSERT INTO tabelle_cv.vaccinati_asst_melegnano_e_della_martesana VALUES ('ASST MELEGNANO E DELLA MARTESANA', 'ROSA', 'VITELLO', 'VTLRSO06A47I566R', '2021-04-07', 'j&j', 2021040713455792);


--
-- TOC entry 3457 (class 0 OID 87985)
-- Dependencies: 230
-- Data for Name: vaccinati_casa_di_cura_beato_palazzolo; Type: TABLE DATA; Schema: tabelle_cv; Owner: admin_laboratorioB
--

INSERT INTO tabelle_cv.vaccinati_casa_di_cura_beato_palazzolo VALUES ('CASA DI CURA BEATO PALAZZOLO', 'ADA', 'CATIZZONE', 'CTZDAA00E57L709C', '2021-09-17', 'astrazeneca', 2021091723310681);
INSERT INTO tabelle_cv.vaccinati_casa_di_cura_beato_palazzolo VALUES ('CASA DI CURA BEATO PALAZZOLO', 'AMEDEO', 'BALBO', 'BLBMDA06D06B730D', '2021-07-24', 'j&j', 2021072422191171);
INSERT INTO tabelle_cv.vaccinati_casa_di_cura_beato_palazzolo VALUES ('CASA DI CURA BEATO PALAZZOLO', 'JACOPO', 'VERCELLI', 'VRCJCP05R31M176I', '2021-04-25', 'moderna', 2021042519092657);
INSERT INTO tabelle_cv.vaccinati_casa_di_cura_beato_palazzolo VALUES ('CASA DI CURA BEATO PALAZZOLO', 'ILEANA', 'POZZATO', 'PZZLNI05B47I497E', '2020-12-28', 'moderna', 2020122806384869);
INSERT INTO tabelle_cv.vaccinati_casa_di_cura_beato_palazzolo VALUES ('CASA DI CURA BEATO PALAZZOLO', 'DENISA', 'FASSONE', 'FSSDNS07A49H331F', '2021-06-30', 'j&j', 2021063023085811);
INSERT INTO tabelle_cv.vaccinati_casa_di_cura_beato_palazzolo VALUES ('CASA DI CURA BEATO PALAZZOLO', 'WILLIAM', 'GRASSO', 'GRSWLL00R15H342X', '2020-12-30', 'pfizer', 2020123005450986);
INSERT INTO tabelle_cv.vaccinati_casa_di_cura_beato_palazzolo VALUES ('CASA DI CURA BEATO PALAZZOLO', 'MICHELANGELO', 'CARRER', 'CRRMCH00D26G217E', '2021-08-10', 'astrazeneca', 2021081010403791);
INSERT INTO tabelle_cv.vaccinati_casa_di_cura_beato_palazzolo VALUES ('CASA DI CURA BEATO PALAZZOLO', 'CARMEN', 'MARELLO', 'MRLCRM09D66M079K', '2021-05-17', 'j&j', 2021051707384015);
INSERT INTO tabelle_cv.vaccinati_casa_di_cura_beato_palazzolo VALUES ('CASA DI CURA BEATO PALAZZOLO', 'CONCETTINA', 'BEGANOVIC', 'BGNCNC01M48I828L', '2021-08-05', 'astrazeneca', 2021080512210918);


--
-- TOC entry 3456 (class 0 OID 87978)
-- Dependencies: 229
-- Data for Name: vaccinati_casa_di_cura_beato_talamoni; Type: TABLE DATA; Schema: tabelle_cv; Owner: admin_laboratorioB
--

INSERT INTO tabelle_cv.vaccinati_casa_di_cura_beato_talamoni VALUES ('CASA DI CURA BEATO TALAMONI', 'IVANO', 'DERVISHI', 'DRVVNI08B27A413Y', '2021-10-04', 'pfizer', 2021100414433676);
INSERT INTO tabelle_cv.vaccinati_casa_di_cura_beato_talamoni VALUES ('CASA DI CURA BEATO TALAMONI', 'CLOE', 'LAZZARINO', 'LZZCLO09S68B978L', '2021-10-22', 'pfizer', 2021102201301025);
INSERT INTO tabelle_cv.vaccinati_casa_di_cura_beato_talamoni VALUES ('CASA DI CURA BEATO TALAMONI', 'ORLANDO', 'PORCELLANA', 'PRCRLN02S06F806Y', '2021-05-05', 'moderna', 2021050520173336);
INSERT INTO tabelle_cv.vaccinati_casa_di_cura_beato_talamoni VALUES ('CASA DI CURA BEATO TALAMONI', 'ROMANA', 'GROSSO', 'GRSRMN06H51C724V', '2021-01-22', 'pfizer', 2021012200453190);
INSERT INTO tabelle_cv.vaccinati_casa_di_cura_beato_talamoni VALUES ('CASA DI CURA BEATO TALAMONI', 'MAJLINDA', 'GHERLONE', 'GHRMJL09C48H026H', '2021-08-05', 'pfizer', 2021080522475183);
INSERT INTO tabelle_cv.vaccinati_casa_di_cura_beato_talamoni VALUES ('CASA DI CURA BEATO TALAMONI', 'ELISABETTA', 'VIGNA', 'VGNLSB08R69E439L', '2021-02-28', 'pfizer', 2021022814455817);
INSERT INTO tabelle_cv.vaccinati_casa_di_cura_beato_talamoni VALUES ('CASA DI CURA BEATO TALAMONI', 'MARISA', 'BORIO', 'BROMRS08D45B120Z', '2021-03-16', 'j&j', 2021031615512953);
INSERT INTO tabelle_cv.vaccinati_casa_di_cura_beato_talamoni VALUES ('CASA DI CURA BEATO TALAMONI', 'LIVIO', 'BORIN', 'BRNLVI00B06I636T', '2021-02-22', 'moderna', 2021022211382027);
INSERT INTO tabelle_cv.vaccinati_casa_di_cura_beato_talamoni VALUES ('CASA DI CURA BEATO TALAMONI', 'CINZIA', 'GIULIANO', 'GLNCNZ01M64H870G', '2021-05-12', 'astrazeneca', 2021051207164735);
INSERT INTO tabelle_cv.vaccinati_casa_di_cura_beato_talamoni VALUES ('CASA DI CURA BEATO TALAMONI', 'VITTORIO', 'DATO', 'DTAVTT05M11A792H', '2021-05-14', 'astrazeneca', 2021051420242994);
INSERT INTO tabelle_cv.vaccinati_casa_di_cura_beato_talamoni VALUES ('CASA DI CURA BEATO TALAMONI', 'DENNIS', 'RATTI', 'RTTDNN09M25E325Q', '2021-04-30', 'pfizer', 2021043018410249);


--
-- TOC entry 3458 (class 0 OID 87992)
-- Dependencies: 231
-- Data for Name: vaccinati_casa_di_cura_cittadella_sociale; Type: TABLE DATA; Schema: tabelle_cv; Owner: admin_laboratorioB
--

INSERT INTO tabelle_cv.vaccinati_casa_di_cura_cittadella_sociale VALUES ('CASA DI CURA CITTADELLA SOCIALE', 'ZOE', 'ROERO', 'RROZOE07S43B228E', '2021-10-14', 'moderna', 2021101417021460);
INSERT INTO tabelle_cv.vaccinati_casa_di_cura_cittadella_sociale VALUES ('CASA DI CURA CITTADELLA SOCIALE', 'NICOLETTA', 'SATTANINO', 'STTNCL02R48D127A', '2021-02-19', 'j&j', 2021021919292436);
INSERT INTO tabelle_cv.vaccinati_casa_di_cura_cittadella_sociale VALUES ('CASA DI CURA CITTADELLA SOCIALE', 'PALMA', 'BASSO', 'BSSPLM00D65I506U', '2021-04-12', 'pfizer', 2021041219254498);
INSERT INTO tabelle_cv.vaccinati_casa_di_cura_cittadella_sociale VALUES ('CASA DI CURA CITTADELLA SOCIALE', 'PIERLUIGI', 'GARDIN', 'GRDPRL00L10H130N', '2021-10-23', 'astrazeneca', 2021102304172742);
INSERT INTO tabelle_cv.vaccinati_casa_di_cura_cittadella_sociale VALUES ('CASA DI CURA CITTADELLA SOCIALE', 'CELESTINA', 'ALLKJA', 'LLKCLS02A68C521J', '2021-04-09', 'moderna', 2021040921333090);
INSERT INTO tabelle_cv.vaccinati_casa_di_cura_cittadella_sociale VALUES ('CASA DI CURA CITTADELLA SOCIALE', 'ANTONINA', 'ANSELMO', 'NSLNTN04E69L175Y', '2021-10-04', 'astrazeneca', 2021100419434137);
INSERT INTO tabelle_cv.vaccinati_casa_di_cura_cittadella_sociale VALUES ('CASA DI CURA CITTADELLA SOCIALE', 'ROSITA', 'GIULIANO', 'GLNRST04C57B732W', '2021-07-09', 'astrazeneca', 2021070919244030);
INSERT INTO tabelle_cv.vaccinati_casa_di_cura_cittadella_sociale VALUES ('CASA DI CURA CITTADELLA SOCIALE', 'ADRIANO', 'LICATA', 'LCTDRN08E30L568L', '2021-01-01', 'j&j', 2021010102580473);
INSERT INTO tabelle_cv.vaccinati_casa_di_cura_cittadella_sociale VALUES ('CASA DI CURA CITTADELLA SOCIALE', 'INES', 'PAFUNDI', 'PFNNSI09L59I433Y', '2021-04-12', 'astrazeneca', 2021041220033579);


--
-- TOC entry 3459 (class 0 OID 87999)
-- Dependencies: 232
-- Data for Name: vaccinati_casa_di_cura_del_policlinico; Type: TABLE DATA; Schema: tabelle_cv; Owner: admin_laboratorioB
--

INSERT INTO tabelle_cv.vaccinati_casa_di_cura_del_policlinico VALUES ('CASA DI CURA DEL POLICLINICO', 'LETIZIA', 'AMERIO', 'MRALTZ03D49C730P', '2021-07-13', 'moderna', 2021071307040381);
INSERT INTO tabelle_cv.vaccinati_casa_di_cura_del_policlinico VALUES ('CASA DI CURA DEL POLICLINICO', 'MICHELINO', 'NEGRO', 'NGRMCH04D22E192R', '2021-09-27', 'j&j', 2021092720122620);
INSERT INTO tabelle_cv.vaccinati_casa_di_cura_del_policlinico VALUES ('CASA DI CURA DEL POLICLINICO', 'CRISTIAN', 'TOSETTO', 'TSTCRS04D24A989R', '2021-06-08', 'j&j', 2021060821361184);
INSERT INTO tabelle_cv.vaccinati_casa_di_cura_del_policlinico VALUES ('CASA DI CURA DEL POLICLINICO', 'GIOELE', 'MARMO', 'MRMGLI02E13D348U', '2021-03-13', 'moderna', 2021031323252513);
INSERT INTO tabelle_cv.vaccinati_casa_di_cura_del_policlinico VALUES ('CASA DI CURA DEL POLICLINICO', 'IVAN', 'NOBILE', 'NBLVNI06B21I997I', '2021-07-10', 'j&j', 2021071021143766);
INSERT INTO tabelle_cv.vaccinati_casa_di_cura_del_policlinico VALUES ('CASA DI CURA DEL POLICLINICO', 'ASIA', 'LOMBARDO', 'LMBSAI01A45G368X', '2021-04-30', 'astrazeneca', 2021043010554961);


--
-- TOC entry 3460 (class 0 OID 88006)
-- Dependencies: 233
-- Data for Name: vaccinati_casa_di_cura_figlie_di_san_camillo; Type: TABLE DATA; Schema: tabelle_cv; Owner: admin_laboratorioB
--

INSERT INTO tabelle_cv.vaccinati_casa_di_cura_figlie_di_san_camillo VALUES ('CASA DI CURA FIGLIE DI SAN CAMILLO', 'VILMA', 'VOGLINO', 'VGLVLM03D49E593W', '2021-01-26', 'j&j', 2021012610340522);
INSERT INTO tabelle_cv.vaccinati_casa_di_cura_figlie_di_san_camillo VALUES ('CASA DI CURA FIGLIE DI SAN CAMILLO', 'NORMA', 'AMBROSIO', 'MBRNRM08P58G220G', '2021-05-30', 'j&j', 2021053005145353);
INSERT INTO tabelle_cv.vaccinati_casa_di_cura_figlie_di_san_camillo VALUES ('CASA DI CURA FIGLIE DI SAN CAMILLO', 'CLARA', 'COSTA', 'CSTCLR05E46H752Y', '2021-04-06', 'pfizer', 2021040602440626);
INSERT INTO tabelle_cv.vaccinati_casa_di_cura_figlie_di_san_camillo VALUES ('CASA DI CURA FIGLIE DI SAN CAMILLO', 'MIRELA', 'MANETTA', 'MNTMRL04M59D634Z', '2021-01-09', 'pfizer', 2021010918013812);
INSERT INTO tabelle_cv.vaccinati_casa_di_cura_figlie_di_san_camillo VALUES ('CASA DI CURA FIGLIE DI SAN CAMILLO', 'STEFANIA', 'MAGNONE', 'MGNSTF01H43A905P', '2021-07-12', 'j&j', 2021071202093095);
INSERT INTO tabelle_cv.vaccinati_casa_di_cura_figlie_di_san_camillo VALUES ('CASA DI CURA FIGLIE DI SAN CAMILLO', 'ALIDA', 'CREN', 'CRNLDA01L54M424I', '2021-01-17', 'pfizer', 2021011700101471);
INSERT INTO tabelle_cv.vaccinati_casa_di_cura_figlie_di_san_camillo VALUES ('CASA DI CURA FIGLIE DI SAN CAMILLO', 'ORIETTA', 'PISCOPO', 'PSCRTT09M50C417J', '2021-08-20', 'j&j', 2021082013441243);
INSERT INTO tabelle_cv.vaccinati_casa_di_cura_figlie_di_san_camillo VALUES ('CASA DI CURA FIGLIE DI SAN CAMILLO', 'EDUARD', 'POZZATO', 'PZZDRD00E03I997H', '2021-02-01', 'pfizer', 2021020116191865);


--
-- TOC entry 3462 (class 0 OID 88020)
-- Dependencies: 235
-- Data for Name: vaccinati_casa_di_cura_igea; Type: TABLE DATA; Schema: tabelle_cv; Owner: admin_laboratorioB
--

INSERT INTO tabelle_cv.vaccinati_casa_di_cura_igea VALUES ('CASA DI CURA IGEA', 'RINALDO', 'TONA', 'TNORNL05L11C325R', '2021-07-26', 'moderna', 2021072612564368);
INSERT INTO tabelle_cv.vaccinati_casa_di_cura_igea VALUES ('CASA DI CURA IGEA', 'AURELIO', 'REGGIO', 'RGGRLA07H12L577Z', '2021-05-16', 'astrazeneca', 2021051607591056);
INSERT INTO tabelle_cv.vaccinati_casa_di_cura_igea VALUES ('CASA DI CURA IGEA', 'DENNIS', 'FALLETTA', 'FLLDNN03T26L380W', '2021-09-27', 'j&j', 2021092714365268);
INSERT INTO tabelle_cv.vaccinati_casa_di_cura_igea VALUES ('CASA DI CURA IGEA', 'ROMEO', 'AMBROSIO', 'MBRRMO03T13B754E', '2021-06-21', 'astrazeneca', 2021062107153524);
INSERT INTO tabelle_cv.vaccinati_casa_di_cura_igea VALUES ('CASA DI CURA IGEA', 'PIERLUIGI', 'GIORDANO', 'GRDPRL01H14I437J', '2021-02-11', 'astrazeneca', 2021021104040773);
INSERT INTO tabelle_cv.vaccinati_casa_di_cura_igea VALUES ('CASA DI CURA IGEA', 'ABDELLAH', 'VINOTTI', 'VNTBDL01L25B938R', '2021-03-30', 'astrazeneca', 2021033023025333);
INSERT INTO tabelle_cv.vaccinati_casa_di_cura_igea VALUES ('CASA DI CURA IGEA', 'AMALIA', 'BRUNO', 'BRNMLA06M71F170U', '2021-03-27', 'astrazeneca', 2021032704135776);
INSERT INTO tabelle_cv.vaccinati_casa_di_cura_igea VALUES ('CASA DI CURA IGEA', 'JESSICA', 'PICCOLO', 'PCCJSS05T52G181P', '2021-09-08', 'astrazeneca', 2021090821545351);
INSERT INTO tabelle_cv.vaccinati_casa_di_cura_igea VALUES ('CASA DI CURA IGEA', 'ARMANDO', 'LONGO', 'LNGRMN05T13D411R', '2021-09-03', 'j&j', 2021090313521034);
INSERT INTO tabelle_cv.vaccinati_casa_di_cura_igea VALUES ('CASA DI CURA IGEA', 'ELSA', 'BARBERIS', 'BRBLSE04M64D694O', '2021-02-22', 'pfizer', 2021022205281861);
INSERT INTO tabelle_cv.vaccinati_casa_di_cura_igea VALUES ('CASA DI CURA IGEA', 'LINDA', 'CARUSO', 'CRSLND09E71G639J', '2021-11-01', 'j&j', 2021110102425419);
INSERT INTO tabelle_cv.vaccinati_casa_di_cura_igea VALUES ('CASA DI CURA IGEA', 'ARJAN', 'PASSARINO', 'PSSRJN00P20H086S', '2021-04-14', 'astrazeneca', 2021041409160499);
INSERT INTO tabelle_cv.vaccinati_casa_di_cura_igea VALUES ('CASA DI CURA IGEA', 'LUCIO', 'CASSENTI', 'CSSLCU02C10B289M', '2021-11-12', 'astrazeneca', 2021111207500618);
INSERT INTO tabelle_cv.vaccinati_casa_di_cura_igea VALUES ('CASA DI CURA IGEA', 'GRETA', 'NOVARA', 'NVRGRT01E57A745T', '2021-11-10', 'j&j', 2021111023545266);


--
-- TOC entry 3463 (class 0 OID 88027)
-- Dependencies: 236
-- Data for Name: vaccinati_casa_di_cura_le_betulle; Type: TABLE DATA; Schema: tabelle_cv; Owner: admin_laboratorioB
--

INSERT INTO tabelle_cv.vaccinati_casa_di_cura_le_betulle VALUES ('CASA DI CURA LE BETULLE', 'RENZO', 'KIPTIU', 'KPTRNZ07P13C637T', '2021-07-03', 'moderna', 2021070303583437);
INSERT INTO tabelle_cv.vaccinati_casa_di_cura_le_betulle VALUES ('CASA DI CURA LE BETULLE', 'ORNELLA', 'LEONE', 'LNERNL01B54G021V', '2021-03-10', 'pfizer', 2021031022543946);
INSERT INTO tabelle_cv.vaccinati_casa_di_cura_le_betulle VALUES ('CASA DI CURA LE BETULLE', 'MARJETA', 'NUARA', 'NRUMRJ00S44H614K', '2021-01-28', 'j&j', 2021012800430916);
INSERT INTO tabelle_cv.vaccinati_casa_di_cura_le_betulle VALUES ('CASA DI CURA LE BETULLE', 'ERNESTINA', 'SPERETTA', 'SPRRNS00T64B613O', '2021-10-16', 'astrazeneca', 2021101613544281);
INSERT INTO tabelle_cv.vaccinati_casa_di_cura_le_betulle VALUES ('CASA DI CURA LE BETULLE', 'BRUNO', 'ZAPPA', 'ZPPBRN05E30D280V', '2021-01-04', 'pfizer', 2021010418364977);
INSERT INTO tabelle_cv.vaccinati_casa_di_cura_le_betulle VALUES ('CASA DI CURA LE BETULLE', 'MARIA', 'PRECI', 'PRCMRA06L68C569T', '2021-08-13', 'astrazeneca', 2021081314373376);
INSERT INTO tabelle_cv.vaccinati_casa_di_cura_le_betulle VALUES ('CASA DI CURA LE BETULLE', 'GEZIM', 'CRAVERO', 'CRVGZM00L04E987H', '2021-05-02', 'pfizer', 2021050207141346);
INSERT INTO tabelle_cv.vaccinati_casa_di_cura_le_betulle VALUES ('CASA DI CURA LE BETULLE', 'MARIA', 'FERLISI', 'FRLMRA04T49F720T', '2021-02-12', 'j&j', 2021021206533487);


--
-- TOC entry 3464 (class 0 OID 88034)
-- Dependencies: 237
-- Data for Name: vaccinati_casa_di_cura_le_terrazze; Type: TABLE DATA; Schema: tabelle_cv; Owner: admin_laboratorioB
--

INSERT INTO tabelle_cv.vaccinati_casa_di_cura_le_terrazze VALUES ('CASA DI CURA LE TERRAZZE', 'LAURETTA', 'ORECCHIA', 'RCCLRT00T65G075K', '2021-04-24', 'j&j', 2021042410330659);
INSERT INTO tabelle_cv.vaccinati_casa_di_cura_le_terrazze VALUES ('CASA DI CURA LE TERRAZZE', 'FATMIR', 'VELAJ', 'VLJFTM03B16E415Q', '2021-02-13', 'astrazeneca', 2021021308083683);
INSERT INTO tabelle_cv.vaccinati_casa_di_cura_le_terrazze VALUES ('CASA DI CURA LE TERRAZZE', 'EVELINA', 'ALAFLEUR', 'LFLVLN07A46A845L', '2021-03-22', 'pfizer', 2021032218114672);
INSERT INTO tabelle_cv.vaccinati_casa_di_cura_le_terrazze VALUES ('CASA DI CURA LE TERRAZZE', 'MADDALENA', 'POZZATO', 'PZZMDD07T53E665P', '2021-11-06', 'pfizer', 2021110615064811);
INSERT INTO tabelle_cv.vaccinati_casa_di_cura_le_terrazze VALUES ('CASA DI CURA LE TERRAZZE', 'BEATRICE', 'PALERMO', 'PLRBTR01R47A010K', '2021-10-06', 'j&j', 2021100613433795);
INSERT INTO tabelle_cv.vaccinati_casa_di_cura_le_terrazze VALUES ('CASA DI CURA LE TERRAZZE', 'KEVIN', 'MACAGNO', 'MCGKVN06C05G361I', '2021-01-17', 'moderna', 2021011719350864);
INSERT INTO tabelle_cv.vaccinati_casa_di_cura_le_terrazze VALUES ('CASA DI CURA LE TERRAZZE', 'AGRON', 'GAGLIANO', 'GGLGRN08E08B142V', '2021-08-16', 'pfizer', 2021081616135862);


--
-- TOC entry 3461 (class 0 OID 88013)
-- Dependencies: 234
-- Data for Name: vaccinati_casa_di_cura_mangioni; Type: TABLE DATA; Schema: tabelle_cv; Owner: admin_laboratorioB
--

INSERT INTO tabelle_cv.vaccinati_casa_di_cura_mangioni VALUES ('CASA DI CURA MANGIONI', 'CONCETTINA', 'INGRAO', 'NGRCNC07E44B124W', '2021-10-14', 'j&j', 2021101414331916);
INSERT INTO tabelle_cv.vaccinati_casa_di_cura_mangioni VALUES ('CASA DI CURA MANGIONI', 'ARBEN', 'STRADELLA', 'STRRBN05S02I203I', '2021-01-31', 'pfizer', 2021013100012663);
INSERT INTO tabelle_cv.vaccinati_casa_di_cura_mangioni VALUES ('CASA DI CURA MANGIONI', 'IRENE', 'PRECI', 'PRCRNI03C43A517R', '2021-03-06', 'moderna', 2021030618451867);
INSERT INTO tabelle_cv.vaccinati_casa_di_cura_mangioni VALUES ('CASA DI CURA MANGIONI', 'LUANA', 'CASALONE', 'CSLLNU03A58F165B', '2021-01-26', 'j&j', 2021012621535786);
INSERT INTO tabelle_cv.vaccinati_casa_di_cura_mangioni VALUES ('CASA DI CURA MANGIONI', 'DEBORA', 'RABINO', 'RBNDBR04M66E865F', '2021-11-22', 'pfizer', 2021112220101684);
INSERT INTO tabelle_cv.vaccinati_casa_di_cura_mangioni VALUES ('CASA DI CURA MANGIONI', 'FABIO', 'SARDI', 'SRDFBA04C25E507W', '2021-05-11', 'j&j', 2021051107380594);
INSERT INTO tabelle_cv.vaccinati_casa_di_cura_mangioni VALUES ('CASA DI CURA MANGIONI', 'FILIPPO', 'GALLO', 'GLLFLP02S26E928C', '2021-01-14', 'j&j', 2021011418535640);
INSERT INTO tabelle_cv.vaccinati_casa_di_cura_mangioni VALUES ('CASA DI CURA MANGIONI', 'VERONICA', 'VIGNALE', 'VGNVRN00S49I683Y', '2021-04-16', 'j&j', 2021041616434522);
INSERT INTO tabelle_cv.vaccinati_casa_di_cura_mangioni VALUES ('CASA DI CURA MANGIONI', 'ANTONINA', 'MONTERSINO', 'MNTNTN01A65M424J', '2021-03-29', 'j&j', 2021032912410657);
INSERT INTO tabelle_cv.vaccinati_casa_di_cura_mangioni VALUES ('CASA DI CURA MANGIONI', 'OMAR', 'FERLISI', 'FRLMRO04A20C343T', '2021-02-02', 'j&j', 2021020201510284);
INSERT INTO tabelle_cv.vaccinati_casa_di_cura_mangioni VALUES ('CASA DI CURA MANGIONI', 'JESSICA', 'RICCIO', 'RCCJSS08R51I079J', '2021-03-14', 'j&j', 2021031408042422);
INSERT INTO tabelle_cv.vaccinati_casa_di_cura_mangioni VALUES ('CASA DI CURA MANGIONI', 'CECILIA', 'BELTRACCHINI', 'BLTCCL06H52G260R', '2021-08-18', 'moderna', 2021081818144479);
INSERT INTO tabelle_cv.vaccinati_casa_di_cura_mangioni VALUES ('CASA DI CURA MANGIONI', 'ALTIN', 'GERBI', 'GRBLTN05M06E152T', '2021-07-13', 'j&j', 2021071309263965);
INSERT INTO tabelle_cv.vaccinati_casa_di_cura_mangioni VALUES ('CASA DI CURA MANGIONI', 'MILENA', 'CAPUTO', 'CPTMLN00E57D891W', '2021-10-26', 'j&j', 2021102620163790);


--
-- TOC entry 3465 (class 0 OID 88041)
-- Dependencies: 238
-- Data for Name: vaccinati_casa_di_cura_mater_domini; Type: TABLE DATA; Schema: tabelle_cv; Owner: admin_laboratorioB
--

INSERT INTO tabelle_cv.vaccinati_casa_di_cura_mater_domini VALUES ('CASA DI CURA MATER DOMINI', 'LUANA', 'AMBROSIO', 'MBRLNU04H69B501L', '2021-01-07', 'moderna', 2021010716421046);
INSERT INTO tabelle_cv.vaccinati_casa_di_cura_mater_domini VALUES ('CASA DI CURA MATER DOMINI', 'FILIPPA', 'SCALIA', 'SCLFLP00S46E261L', '2021-03-05', 'moderna', 2021030515102728);
INSERT INTO tabelle_cv.vaccinati_casa_di_cura_mater_domini VALUES ('CASA DI CURA MATER DOMINI', 'SIMONETTA', 'CATIZZONE', 'CTZSMN09A50C512E', '2021-07-18', 'moderna', 2021071807051439);
INSERT INTO tabelle_cv.vaccinati_casa_di_cura_mater_domini VALUES ('CASA DI CURA MATER DOMINI', 'CLELIA', 'VALLE', 'VLLCLL07M49H827I', '2021-04-14', 'j&j', 2021041418575352);
INSERT INTO tabelle_cv.vaccinati_casa_di_cura_mater_domini VALUES ('CASA DI CURA MATER DOMINI', 'ALTIN', 'ROBINO', 'RBNLTN00E30G504F', '2021-05-22', 'j&j', 2021052209371120);
INSERT INTO tabelle_cv.vaccinati_casa_di_cura_mater_domini VALUES ('CASA DI CURA MATER DOMINI', 'GERMANA', 'FALLETTA', 'FLLGRM05H50E883R', '2021-01-25', 'astrazeneca', 2021012504263578);
INSERT INTO tabelle_cv.vaccinati_casa_di_cura_mater_domini VALUES ('CASA DI CURA MATER DOMINI', 'VITTORINA', 'POGGIO', 'PGGVTT06S61A557I', '2021-06-19', 'astrazeneca', 2021061906485740);
INSERT INTO tabelle_cv.vaccinati_casa_di_cura_mater_domini VALUES ('CASA DI CURA MATER DOMINI', 'IVO', 'PROVENZANO', 'PRVVIO02S20A920W', '2021-06-08', 'pfizer', 2021060800205033);


--
-- TOC entry 3468 (class 0 OID 88062)
-- Dependencies: 241
-- Data for Name: vaccinati_fondazione_irccs_ca_granda_ospedale_maggi; Type: TABLE DATA; Schema: tabelle_cv; Owner: admin_laboratorioB
--

INSERT INTO tabelle_cv.vaccinati_fondazione_irccs_ca_granda_ospedale_maggi VALUES ('FONDAZIONE IRCCS CA GRANDA OSPEDALE MAGGI', 'LUCIO', 'MECJA', 'MCJLCU00R07L883S', '2021-04-30', 'moderna', 2021043005343247);
INSERT INTO tabelle_cv.vaccinati_fondazione_irccs_ca_granda_ospedale_maggi VALUES ('FONDAZIONE IRCCS CA GRANDA OSPEDALE MAGGI', 'SABINA', 'FORNO', 'FRNSBN08L56L022D', '2021-06-26', 'astrazeneca', 2021062617083679);
INSERT INTO tabelle_cv.vaccinati_fondazione_irccs_ca_granda_ospedale_maggi VALUES ('FONDAZIONE IRCCS CA GRANDA OSPEDALE MAGGI', 'CHANEL', 'BRONDOLO', 'BRNCHN05S43H173P', '2021-06-13', 'j&j', 2021061300422234);
INSERT INTO tabelle_cv.vaccinati_fondazione_irccs_ca_granda_ospedale_maggi VALUES ('FONDAZIONE IRCCS CA GRANDA OSPEDALE MAGGI', 'CONSTANTIN', 'GHI', 'GHICNS06H22I943W', '2021-09-15', 'astrazeneca', 2021091520455265);
INSERT INTO tabelle_cv.vaccinati_fondazione_irccs_ca_granda_ospedale_maggi VALUES ('FONDAZIONE IRCCS CA GRANDA OSPEDALE MAGGI', 'MIHAELA', 'MAZZA', 'MZZMHL07C57G161X', '2021-02-12', 'moderna', 2021021223054388);
INSERT INTO tabelle_cv.vaccinati_fondazione_irccs_ca_granda_ospedale_maggi VALUES ('FONDAZIONE IRCCS CA GRANDA OSPEDALE MAGGI', 'LOREDANA', 'AMERIO', 'MRALRD08M55D710V', '2021-04-17', 'moderna', 2021041719294116);
INSERT INTO tabelle_cv.vaccinati_fondazione_irccs_ca_granda_ospedale_maggi VALUES ('FONDAZIONE IRCCS CA GRANDA OSPEDALE MAGGI', 'AGATA', 'NDOKA', 'NDKGTA08B49A786P', '2021-06-03', 'j&j', 2021060309322631);
INSERT INTO tabelle_cv.vaccinati_fondazione_irccs_ca_granda_ospedale_maggi VALUES ('FONDAZIONE IRCCS CA GRANDA OSPEDALE MAGGI', 'ILEANA', 'PASSARINO', 'PSSLNI04B41A631V', '2021-05-15', 'moderna', 2021051512204765);
INSERT INTO tabelle_cv.vaccinati_fondazione_irccs_ca_granda_ospedale_maggi VALUES ('FONDAZIONE IRCCS CA GRANDA OSPEDALE MAGGI', 'ENZO', 'PLAKU', 'PLKNZE05H20C628Q', '2021-03-21', 'moderna', 2021032106035493);
INSERT INTO tabelle_cv.vaccinati_fondazione_irccs_ca_granda_ospedale_maggi VALUES ('FONDAZIONE IRCCS CA GRANDA OSPEDALE MAGGI', 'MARIO', 'VACCHINA', 'VCCMRA07H24B012D', '2021-01-19', 'j&j', 2021011919331951);
INSERT INTO tabelle_cv.vaccinati_fondazione_irccs_ca_granda_ospedale_maggi VALUES ('FONDAZIONE IRCCS CA GRANDA OSPEDALE MAGGI', 'SONJA', 'PAVAN', 'PVNSNJ06R61A511W', '2021-11-16', 'moderna', 2021111605533927);
INSERT INTO tabelle_cv.vaccinati_fondazione_irccs_ca_granda_ospedale_maggi VALUES ('FONDAZIONE IRCCS CA GRANDA OSPEDALE MAGGI', 'IVO', 'COTTO', 'CTTVIO04R19E170J', '2021-10-28', 'pfizer', 2021102814112285);
INSERT INTO tabelle_cv.vaccinati_fondazione_irccs_ca_granda_ospedale_maggi VALUES ('FONDAZIONE IRCCS CA GRANDA OSPEDALE MAGGI', 'GIANCARLO', 'DIENG', 'DNGGNC04E24G737B', '2021-09-27', 'j&j', 2021092704373266);
INSERT INTO tabelle_cv.vaccinati_fondazione_irccs_ca_granda_ospedale_maggi VALUES ('FONDAZIONE IRCCS CA GRANDA OSPEDALE MAGGI', 'AURELIA', 'QUIRICO', 'QRCRLA05L66H883R', '2021-10-18', 'j&j', 2021101814580875);


--
-- TOC entry 3466 (class 0 OID 88048)
-- Dependencies: 239
-- Data for Name: vaccinati_fondazione_irccs_istituto_nazionale_tumori; Type: TABLE DATA; Schema: tabelle_cv; Owner: admin_laboratorioB
--

INSERT INTO tabelle_cv.vaccinati_fondazione_irccs_istituto_nazionale_tumori VALUES ('FONDAZIONE IRCCS ISTITUTO NAZIONALE TUMORI', 'NICOLINA', 'PERNA', 'PRNNCL03A45L175S', '2021-04-03', 'moderna', 2021040311584558);
INSERT INTO tabelle_cv.vaccinati_fondazione_irccs_istituto_nazionale_tumori VALUES ('FONDAZIONE IRCCS ISTITUTO NAZIONALE TUMORI', 'BIANCA', 'AMATO', 'MTABNC03B58F002W', '2021-08-25', 'pfizer', 2021082515054948);
INSERT INTO tabelle_cv.vaccinati_fondazione_irccs_istituto_nazionale_tumori VALUES ('FONDAZIONE IRCCS ISTITUTO NAZIONALE TUMORI', 'KRISTINA', 'CESTARI', 'CSTKRS03A48A818K', '2021-06-19', 'astrazeneca', 2021061913141934);
INSERT INTO tabelle_cv.vaccinati_fondazione_irccs_istituto_nazionale_tumori VALUES ('FONDAZIONE IRCCS ISTITUTO NAZIONALE TUMORI', 'ADOLFO', 'PARISI', 'PRSDLF00L12B137Y', '2021-09-02', 'moderna', 2021090204081634);
INSERT INTO tabelle_cv.vaccinati_fondazione_irccs_istituto_nazionale_tumori VALUES ('FONDAZIONE IRCCS ISTITUTO NAZIONALE TUMORI', 'ELIANA', 'LAFLEUR', 'LFLLNE06M63B396O', '2021-03-23', 'pfizer', 2021032303404993);
INSERT INTO tabelle_cv.vaccinati_fondazione_irccs_istituto_nazionale_tumori VALUES ('FONDAZIONE IRCCS ISTITUTO NAZIONALE TUMORI', 'SAIMIR', 'MONDO', 'MNDSMR00M23B387W', '2021-09-25', 'j&j', 2021092523492138);
INSERT INTO tabelle_cv.vaccinati_fondazione_irccs_istituto_nazionale_tumori VALUES ('FONDAZIONE IRCCS ISTITUTO NAZIONALE TUMORI', 'ISABEL', 'CRAVANZOLA', 'CRVSBL08E62E367U', '2021-08-26', 'j&j', 2021082614021638);
INSERT INTO tabelle_cv.vaccinati_fondazione_irccs_istituto_nazionale_tumori VALUES ('FONDAZIONE IRCCS ISTITUTO NAZIONALE TUMORI', 'CAROLINA', 'GULINO', 'GLNCRL00L52H827X', '2021-02-22', 'pfizer', 2021022200361344);


--
-- TOC entry 3467 (class 0 OID 88055)
-- Dependencies: 240
-- Data for Name: vaccinati_fondazione_istituto_neurologico_mondino; Type: TABLE DATA; Schema: tabelle_cv; Owner: admin_laboratorioB
--

INSERT INTO tabelle_cv.vaccinati_fondazione_istituto_neurologico_mondino VALUES ('FONDAZIONE ISTITUTO NEUROLOGICO MONDINO', 'MAURA', 'LETTIERI', 'LTTMRA03S47L015Q', '2020-12-28', 'astrazeneca', 2020122806312158);
INSERT INTO tabelle_cv.vaccinati_fondazione_istituto_neurologico_mondino VALUES ('FONDAZIONE ISTITUTO NEUROLOGICO MONDINO', 'LUCA', 'DELPERO', 'DLPLCU04T03I014Y', '2021-03-03', 'moderna', 2021030320505566);
INSERT INTO tabelle_cv.vaccinati_fondazione_istituto_neurologico_mondino VALUES ('FONDAZIONE ISTITUTO NEUROLOGICO MONDINO', 'AMINA', 'RAVIZZA', 'RVZMNA02B55F638R', '2021-05-13', 'moderna', 2021051303125569);


--
-- TOC entry 3469 (class 0 OID 88069)
-- Dependencies: 242
-- Data for Name: vaccinati_fondazione_poliambulanza; Type: TABLE DATA; Schema: tabelle_cv; Owner: admin_laboratorioB
--

INSERT INTO tabelle_cv.vaccinati_fondazione_poliambulanza VALUES ('FONDAZIONE POLIAMBULANZA', 'MICAELA', 'MASSA', 'MSSMCL09R47E665X', '2021-06-03', 'pfizer', 2021060304064189);
INSERT INTO tabelle_cv.vaccinati_fondazione_poliambulanza VALUES ('FONDAZIONE POLIAMBULANZA', 'SAVERIO', 'GRAMAGLIA', 'GRMSVR01A25E102S', '2021-03-08', 'j&j', 2021030800291938);
INSERT INTO tabelle_cv.vaccinati_fondazione_poliambulanza VALUES ('FONDAZIONE POLIAMBULANZA', 'RITA', 'VENETO', 'VNTRTI00E65L408O', '2021-08-09', 'moderna', 2021080916541938);
INSERT INTO tabelle_cv.vaccinati_fondazione_poliambulanza VALUES ('FONDAZIONE POLIAMBULANZA', 'ANDREA', 'GALLINA', 'GLLNDR00H42E386Y', '2021-05-14', 'pfizer', 2021051418132944);
INSERT INTO tabelle_cv.vaccinati_fondazione_poliambulanza VALUES ('FONDAZIONE POLIAMBULANZA', 'ROSELLA', 'GUZA', 'GZURSL00T57A745L', '2021-09-22', 'moderna', 2021092215321248);
INSERT INTO tabelle_cv.vaccinati_fondazione_poliambulanza VALUES ('FONDAZIONE POLIAMBULANZA', 'AMANDA', 'MARTINETTO', 'MRTMND08T58M101N', '2021-07-01', 'j&j', 2021070105491443);
INSERT INTO tabelle_cv.vaccinati_fondazione_poliambulanza VALUES ('FONDAZIONE POLIAMBULANZA', 'ILEANA', 'BERRUTI', 'BRRLNI03S59D980J', '2021-06-13', 'moderna', 2021061315322978);
INSERT INTO tabelle_cv.vaccinati_fondazione_poliambulanza VALUES ('FONDAZIONE POLIAMBULANZA', 'MARCO', 'LIMARDI', 'LMRMRC07M21L434C', '2021-09-08', 'astrazeneca', 2021090816075482);
INSERT INTO tabelle_cv.vaccinati_fondazione_poliambulanza VALUES ('FONDAZIONE POLIAMBULANZA', 'ARBEN', 'POZZATO', 'PZZRBN02B16H314U', '2021-10-10', 'j&j', 2021101004050264);
INSERT INTO tabelle_cv.vaccinati_fondazione_poliambulanza VALUES ('FONDAZIONE POLIAMBULANZA', 'ANNA', 'FANTINO', 'FNTNNA07S67M335V', '2021-11-01', 'moderna', 2021110117052842);
INSERT INTO tabelle_cv.vaccinati_fondazione_poliambulanza VALUES ('FONDAZIONE POLIAMBULANZA', 'DANTE', 'ROSEO', 'RSODNT09P13D367D', '2021-01-16', 'astrazeneca', 2021011605201228);
INSERT INTO tabelle_cv.vaccinati_fondazione_poliambulanza VALUES ('FONDAZIONE POLIAMBULANZA', 'FELICE', 'TABAKU', 'TBKFLC03B02A898G', '2021-04-26', 'moderna', 2021042600434024);


--
-- TOC entry 3470 (class 0 OID 88076)
-- Dependencies: 243
-- Data for Name: vaccinati_habilita_istituto_clinico_ospedale_di_sarnico; Type: TABLE DATA; Schema: tabelle_cv; Owner: admin_laboratorioB
--

INSERT INTO tabelle_cv.vaccinati_habilita_istituto_clinico_ospedale_di_sarnico VALUES ('HABILITA ISTITUTO CLINICO OSPEDALE DI SARNICO', 'PIERLUIGI', 'SACCO', 'SCCPRL08P19F115C', '2021-07-19', 'pfizer', 2021071910435495);
INSERT INTO tabelle_cv.vaccinati_habilita_istituto_clinico_ospedale_di_sarnico VALUES ('HABILITA ISTITUTO CLINICO OSPEDALE DI SARNICO', 'MAURA', 'BOSIO', 'BSOMRA06R43A376A', '2021-06-16', 'pfizer', 2021061615343939);
INSERT INTO tabelle_cv.vaccinati_habilita_istituto_clinico_ospedale_di_sarnico VALUES ('HABILITA ISTITUTO CLINICO OSPEDALE DI SARNICO', 'VICTOR', 'CHIUSANO', 'CHSVCT05S04E901R', '2021-06-26', 'pfizer', 2021062600550240);
INSERT INTO tabelle_cv.vaccinati_habilita_istituto_clinico_ospedale_di_sarnico VALUES ('HABILITA ISTITUTO CLINICO OSPEDALE DI SARNICO', 'PIERGIORGIO', 'PALERMO', 'PLRPRG01S02A697H', '2021-05-26', 'astrazeneca', 2021052602252178);
INSERT INTO tabelle_cv.vaccinati_habilita_istituto_clinico_ospedale_di_sarnico VALUES ('HABILITA ISTITUTO CLINICO OSPEDALE DI SARNICO', 'CHANEL', 'NEGRO', 'NGRCHN00C54I230Z', '2021-04-03', 'moderna', 2021040322250628);
INSERT INTO tabelle_cv.vaccinati_habilita_istituto_clinico_ospedale_di_sarnico VALUES ('HABILITA ISTITUTO CLINICO OSPEDALE DI SARNICO', 'BEATRICE', 'GASPARIN', 'GSPBTR07E48F958C', '2021-03-06', 'moderna', 2021030618345440);
INSERT INTO tabelle_cv.vaccinati_habilita_istituto_clinico_ospedale_di_sarnico VALUES ('HABILITA ISTITUTO CLINICO OSPEDALE DI SARNICO', 'ARBEN', 'TRIMARCO', 'TRMRBN00D23G889U', '2021-07-14', 'j&j', 2021071417390630);


--
-- TOC entry 3471 (class 0 OID 88083)
-- Dependencies: 244
-- Data for Name: vaccinati_humanitas_gavazzeni; Type: TABLE DATA; Schema: tabelle_cv; Owner: admin_laboratorioB
--

INSERT INTO tabelle_cv.vaccinati_humanitas_gavazzeni VALUES ('HUMANITAS GAVAZZENI', 'ANGELO', 'ALUFFI', 'LFFNGL01C05I825T', '2021-01-30', 'moderna', 2021013009013387);
INSERT INTO tabelle_cv.vaccinati_humanitas_gavazzeni VALUES ('HUMANITAS GAVAZZENI', 'EDUARD', 'ALOI', 'LAODRD00B10F440Z', '2021-04-14', 'pfizer', 2021041407055990);
INSERT INTO tabelle_cv.vaccinati_humanitas_gavazzeni VALUES ('HUMANITAS GAVAZZENI', 'ESMERALDA', 'GUZA', 'GZUSMR02A41I362N', '2021-05-16', 'moderna', 2021051600331636);
INSERT INTO tabelle_cv.vaccinati_humanitas_gavazzeni VALUES ('HUMANITAS GAVAZZENI', 'DANIELE', 'VIGNALE', 'VGNDNL00T12H630N', '2021-02-09', 'moderna', 2021020919510380);
INSERT INTO tabelle_cv.vaccinati_humanitas_gavazzeni VALUES ('HUMANITAS GAVAZZENI', 'MARICA', 'TREVISAN', 'TRVMRC00P52H838V', '2021-09-27', 'j&j', 2021092709232637);
INSERT INTO tabelle_cv.vaccinati_humanitas_gavazzeni VALUES ('HUMANITAS GAVAZZENI', 'EVA', 'RAVIZZA', 'RVZVEA06C66C153Z', '2021-09-07', 'j&j', 2021090715282313);
INSERT INTO tabelle_cv.vaccinati_humanitas_gavazzeni VALUES ('HUMANITAS GAVAZZENI', 'FULVIA', 'SAGLIETTI', 'SGLFLV04L51B088R', '2021-06-06', 'pfizer', 2021060610543855);
INSERT INTO tabelle_cv.vaccinati_humanitas_gavazzeni VALUES ('HUMANITAS GAVAZZENI', 'ANTONELLO', 'DEZZANI', 'DZZNTN06C02C013T', '2021-09-22', 'pfizer', 2021092220371047);
INSERT INTO tabelle_cv.vaccinati_humanitas_gavazzeni VALUES ('HUMANITAS GAVAZZENI', 'AGATA', 'BASILE', 'BSLGTA04M69E342I', '2021-04-03', 'pfizer', 2021040303285597);
INSERT INTO tabelle_cv.vaccinati_humanitas_gavazzeni VALUES ('HUMANITAS GAVAZZENI', 'ENDRI', 'GUASCO', 'GSCNDR04M13M152Y', '2021-10-20', 'moderna', 2021102004270217);


--
-- TOC entry 3474 (class 0 OID 88104)
-- Dependencies: 247
-- Data for Name: vaccinati_irccs_centro_medico_di_castel_goffredo; Type: TABLE DATA; Schema: tabelle_cv; Owner: admin_laboratorioB
--

INSERT INTO tabelle_cv.vaccinati_irccs_centro_medico_di_castel_goffredo VALUES ('IRCCS CENTRO MEDICO DI CASTEL GOFFREDO', 'OLIVIA', 'CADEDDU', 'CDDLVO04R70L752F', '2021-03-07', 'moderna', 2021030700201429);
INSERT INTO tabelle_cv.vaccinati_irccs_centro_medico_di_castel_goffredo VALUES ('IRCCS CENTRO MEDICO DI CASTEL GOFFREDO', 'LUISA', 'VACCANEO', 'VCCLSU07T67B484C', '2021-09-08', 'j&j', 2021090819404778);
INSERT INTO tabelle_cv.vaccinati_irccs_centro_medico_di_castel_goffredo VALUES ('IRCCS CENTRO MEDICO DI CASTEL GOFFREDO', 'GHEORGHE', 'VIGNALE', 'VGNGHR02E19F783R', '2021-01-22', 'moderna', 2021012208350899);
INSERT INTO tabelle_cv.vaccinati_irccs_centro_medico_di_castel_goffredo VALUES ('IRCCS CENTRO MEDICO DI CASTEL GOFFREDO', 'LAURA', 'COLOMBO', 'CLMLRA09T57C678M', '2021-10-07', 'moderna', 2021100718073534);
INSERT INTO tabelle_cv.vaccinati_irccs_centro_medico_di_castel_goffredo VALUES ('IRCCS CENTRO MEDICO DI CASTEL GOFFREDO', 'GIUDITTA', 'MUSSA', 'MSSGDT03H51F884R', '2021-07-26', 'pfizer', 2021072623543960);
INSERT INTO tabelle_cv.vaccinati_irccs_centro_medico_di_castel_goffredo VALUES ('IRCCS CENTRO MEDICO DI CASTEL GOFFREDO', 'ANTONELLA', 'HU', 'HUXNTN06C70L826N', '2021-10-23', 'pfizer', 2021102320354596);
INSERT INTO tabelle_cv.vaccinati_irccs_centro_medico_di_castel_goffredo VALUES ('IRCCS CENTRO MEDICO DI CASTEL GOFFREDO', 'MATTIA', 'CAPELLO', 'CPLMTT04S14L784L', '2021-02-25', 'astrazeneca', 2021022521142059);
INSERT INTO tabelle_cv.vaccinati_irccs_centro_medico_di_castel_goffredo VALUES ('IRCCS CENTRO MEDICO DI CASTEL GOFFREDO', 'DANILO', 'FALCONE', 'FLCDNL08S18A118U', '2021-02-12', 'pfizer', 2021021218510588);
INSERT INTO tabelle_cv.vaccinati_irccs_centro_medico_di_castel_goffredo VALUES ('IRCCS CENTRO MEDICO DI CASTEL GOFFREDO', 'CONCETTA', 'SCAGLIA', 'SCGCNC01H65G634U', '2021-08-17', 'j&j', 2021081711192292);
INSERT INTO tabelle_cv.vaccinati_irccs_centro_medico_di_castel_goffredo VALUES ('IRCCS CENTRO MEDICO DI CASTEL GOFFREDO', 'KATIUSCIA', 'DRAGO', 'DRGKTS03D57B346L', '2021-09-13', 'j&j', 2021091301155880);
INSERT INTO tabelle_cv.vaccinati_irccs_centro_medico_di_castel_goffredo VALUES ('IRCCS CENTRO MEDICO DI CASTEL GOFFREDO', 'BRUNA', 'BAJRAMI', 'BJRBRN01R55F711M', '2021-09-10', 'pfizer', 2021091002152031);
INSERT INTO tabelle_cv.vaccinati_irccs_centro_medico_di_castel_goffredo VALUES ('IRCCS CENTRO MEDICO DI CASTEL GOFFREDO', 'YOUSSEF', 'RUOTOLO', 'RTLYSS06M08M180U', '2021-09-14', 'astrazeneca', 2021091407145612);
INSERT INTO tabelle_cv.vaccinati_irccs_centro_medico_di_castel_goffredo VALUES ('IRCCS CENTRO MEDICO DI CASTEL GOFFREDO', 'CESARE', 'RUSCALLA', 'RSCCSR03D16I858K', '2021-03-26', 'astrazeneca', 2021032617381182);
INSERT INTO tabelle_cv.vaccinati_irccs_centro_medico_di_castel_goffredo VALUES ('IRCCS CENTRO MEDICO DI CASTEL GOFFREDO', 'GERMANO', 'RABEZZANA', 'RBZGRM06D30D144O', '2021-05-20', 'j&j', 2021052018344532);


--
-- TOC entry 3475 (class 0 OID 88111)
-- Dependencies: 248
-- Data for Name: vaccinati_irccs_centro_medico_di_lumezzane; Type: TABLE DATA; Schema: tabelle_cv; Owner: admin_laboratorioB
--

INSERT INTO tabelle_cv.vaccinati_irccs_centro_medico_di_lumezzane VALUES ('IRCCS CENTRO MEDICO DI LUMEZZANE', 'LUIS', 'ROMAGNOLO', 'RMGLSU05R25E102M', '2021-08-31', 'astrazeneca', 2021083113112418);
INSERT INTO tabelle_cv.vaccinati_irccs_centro_medico_di_lumezzane VALUES ('IRCCS CENTRO MEDICO DI LUMEZZANE', 'DENIS', 'GAVELLO', 'GVLDNS04T09H505Y', '2021-11-08', 'astrazeneca', 2021110808514320);
INSERT INTO tabelle_cv.vaccinati_irccs_centro_medico_di_lumezzane VALUES ('IRCCS CENTRO MEDICO DI LUMEZZANE', 'SAMANTHA', 'POZZATO', 'PZZSMN07H52M119N', '2021-07-01', 'astrazeneca', 2021070118162816);
INSERT INTO tabelle_cv.vaccinati_irccs_centro_medico_di_lumezzane VALUES ('IRCCS CENTRO MEDICO DI LUMEZZANE', 'AMINA', 'SHAHINI', 'SHHMNA00B41C293S', '2021-01-26', 'j&j', 2021012619005547);
INSERT INTO tabelle_cv.vaccinati_irccs_centro_medico_di_lumezzane VALUES ('IRCCS CENTRO MEDICO DI LUMEZZANE', 'EVA', 'MONTERSINO', 'MNTVEA08M47I812A', '2021-06-08', 'pfizer', 2021060816055278);
INSERT INTO tabelle_cv.vaccinati_irccs_centro_medico_di_lumezzane VALUES ('IRCCS CENTRO MEDICO DI LUMEZZANE', 'CHIARA', 'BIANCHI', 'BNCCHR05P42G603W', '2021-08-15', 'j&j', 2021081508232331);
INSERT INTO tabelle_cv.vaccinati_irccs_centro_medico_di_lumezzane VALUES ('IRCCS CENTRO MEDICO DI LUMEZZANE', 'ANNUNZIATA', 'VACCANEO', 'VCCNNN05B65C785Y', '2021-04-26', 'pfizer', 2021042600490193);
INSERT INTO tabelle_cv.vaccinati_irccs_centro_medico_di_lumezzane VALUES ('IRCCS CENTRO MEDICO DI LUMEZZANE', 'KLEA', 'PORRO', 'PRRKLE05M57D930Q', '2021-07-09', 'pfizer', 2021070908523528);


--
-- TOC entry 3476 (class 0 OID 88118)
-- Dependencies: 249
-- Data for Name: vaccinati_irccs_centro_medico_di_pavia; Type: TABLE DATA; Schema: tabelle_cv; Owner: admin_laboratorioB
--

INSERT INTO tabelle_cv.vaccinati_irccs_centro_medico_di_pavia VALUES ('IRCCS CENTRO MEDICO DI PAVIA', 'FLORA', 'CANTINO', 'CNTFLR04T63C982W', '2021-11-09', 'j&j', 2021110902243514);
INSERT INTO tabelle_cv.vaccinati_irccs_centro_medico_di_pavia VALUES ('IRCCS CENTRO MEDICO DI PAVIA', 'ELENA', 'PISCOPO', 'PSCLNE01L42D286D', '2021-09-21', 'moderna', 2021092105171939);
INSERT INTO tabelle_cv.vaccinati_irccs_centro_medico_di_pavia VALUES ('IRCCS CENTRO MEDICO DI PAVIA', 'ZOE', 'GIACCONE', 'GCCZOE09D64L547J', '2021-10-26', 'j&j', 2021102609330678);
INSERT INTO tabelle_cv.vaccinati_irccs_centro_medico_di_pavia VALUES ('IRCCS CENTRO MEDICO DI PAVIA', 'MIMOZA', 'TOSO', 'TSOMMZ08P43A687F', '2021-11-02', 'moderna', 2021110200265759);
INSERT INTO tabelle_cv.vaccinati_irccs_centro_medico_di_pavia VALUES ('IRCCS CENTRO MEDICO DI PAVIA', 'EMANUELA', 'GHI', 'GHIMNL08D69G869X', '2021-05-31', 'j&j', 2021053108184182);
INSERT INTO tabelle_cv.vaccinati_irccs_centro_medico_di_pavia VALUES ('IRCCS CENTRO MEDICO DI PAVIA', 'PASQUALE', 'GHI', 'GHIPSQ00C02E654Y', '2021-09-04', 'moderna', 2021090413161022);
INSERT INTO tabelle_cv.vaccinati_irccs_centro_medico_di_pavia VALUES ('IRCCS CENTRO MEDICO DI PAVIA', 'MANUEL', 'DAMIANO', 'DMNMNL03P01M383T', '2021-03-13', 'pfizer', 2021031306422011);
INSERT INTO tabelle_cv.vaccinati_irccs_centro_medico_di_pavia VALUES ('IRCCS CENTRO MEDICO DI PAVIA', 'MARIALUISA', 'LIMARDI', 'LMRMRL08M61E994B', '2021-01-30', 'astrazeneca', 2021013009065811);
INSERT INTO tabelle_cv.vaccinati_irccs_centro_medico_di_pavia VALUES ('IRCCS CENTRO MEDICO DI PAVIA', 'IRIS', 'DACASTO', 'DCSRSI08M41G040X', '2021-04-02', 'j&j', 2021040220230239);
INSERT INTO tabelle_cv.vaccinati_irccs_centro_medico_di_pavia VALUES ('IRCCS CENTRO MEDICO DI PAVIA', 'LUDOVICA', 'TINEBRA', 'TNBLDV05E69H799G', '2021-08-21', 'j&j', 2021082107035161);


--
-- TOC entry 3477 (class 0 OID 88125)
-- Dependencies: 250
-- Data for Name: vaccinati_irccs_centro_medico_montescano; Type: TABLE DATA; Schema: tabelle_cv; Owner: admin_laboratorioB
--

INSERT INTO tabelle_cv.vaccinati_irccs_centro_medico_montescano VALUES ('IRCCS CENTRO MEDICO MONTESCANO', 'MAURIZIO', 'BARBERIS', 'BRBMRZ07L06A989J', '2021-01-31', 'pfizer', 2021013109172889);
INSERT INTO tabelle_cv.vaccinati_irccs_centro_medico_montescano VALUES ('IRCCS CENTRO MEDICO MONTESCANO', 'SAMUELE', 'NAVONE', 'NVNSML07B13E841V', '2021-10-17', 'moderna', 2021101717174634);
INSERT INTO tabelle_cv.vaccinati_irccs_centro_medico_montescano VALUES ('IRCCS CENTRO MEDICO MONTESCANO', 'RAFFAELE', 'NERI', 'NRERFF07S12E265F', '2021-09-13', 'astrazeneca', 2021091300535485);
INSERT INTO tabelle_cv.vaccinati_irccs_centro_medico_montescano VALUES ('IRCCS CENTRO MEDICO MONTESCANO', 'PIERPAOLO', 'LANFRANCO', 'LNFPRP06P02G181T', '2021-09-16', 'j&j', 2021091600331690);
INSERT INTO tabelle_cv.vaccinati_irccs_centro_medico_montescano VALUES ('IRCCS CENTRO MEDICO MONTESCANO', 'NICOLAE', 'GAI', 'GAINCL00B23C796M', '2021-08-16', 'pfizer', 2021081613563223);
INSERT INTO tabelle_cv.vaccinati_irccs_centro_medico_montescano VALUES ('IRCCS CENTRO MEDICO MONTESCANO', 'MARIALUISA', 'PLAKU', 'PLKMRL01A55D588H', '2021-02-16', 'j&j', 2021021604174475);


--
-- TOC entry 3478 (class 0 OID 88132)
-- Dependencies: 251
-- Data for Name: vaccinati_irccs_centro_medico_tradate; Type: TABLE DATA; Schema: tabelle_cv; Owner: admin_laboratorioB
--

INSERT INTO tabelle_cv.vaccinati_irccs_centro_medico_tradate VALUES ('IRCCS CENTRO MEDICO TRADATE', 'ADELE', 'NERI', 'NREDLA09P55G549Y', '2021-03-23', 'pfizer', 2021032306461904);
INSERT INTO tabelle_cv.vaccinati_irccs_centro_medico_tradate VALUES ('IRCCS CENTRO MEDICO TRADATE', 'CLELIA', 'CASETTA', 'CSTCLL03M47C563V', '2021-05-12', 'moderna', 2021051223433295);
INSERT INTO tabelle_cv.vaccinati_irccs_centro_medico_tradate VALUES ('IRCCS CENTRO MEDICO TRADATE', 'ALDA', 'BINELLO', 'BNLLDA05B51C516Z', '2021-06-21', 'astrazeneca', 2021062123083857);
INSERT INTO tabelle_cv.vaccinati_irccs_centro_medico_tradate VALUES ('IRCCS CENTRO MEDICO TRADATE', 'GIANNI', 'CAMERANO', 'CMRGNN04S22F644R', '2021-08-08', 'pfizer', 2021080820571309);
INSERT INTO tabelle_cv.vaccinati_irccs_centro_medico_tradate VALUES ('IRCCS CENTRO MEDICO TRADATE', 'MARIA', 'RATTI', 'RTTMRA02B45B653F', '2021-05-03', 'pfizer', 2021050315454664);
INSERT INTO tabelle_cv.vaccinati_irccs_centro_medico_tradate VALUES ('IRCCS CENTRO MEDICO TRADATE', 'OLGA', 'BERRUTI', 'BRRLGO00E71A799Z', '2021-05-19', 'pfizer', 2021051910303469);
INSERT INTO tabelle_cv.vaccinati_irccs_centro_medico_tradate VALUES ('IRCCS CENTRO MEDICO TRADATE', 'VITO', 'BIGLIA', 'BGLVTI00L16M412X', '2021-08-26', 'pfizer', 2021082602382239);
INSERT INTO tabelle_cv.vaccinati_irccs_centro_medico_tradate VALUES ('IRCCS CENTRO MEDICO TRADATE', 'FLORIN', 'SCASSA', 'SCSFLR05H13B498R', '2021-10-19', 'moderna', 2021101911123444);
INSERT INTO tabelle_cv.vaccinati_irccs_centro_medico_tradate VALUES ('IRCCS CENTRO MEDICO TRADATE', 'PASQUALE', 'ROVERO', 'RVRPSQ08B28F670I', '2021-08-26', 'astrazeneca', 2021082619311636);
INSERT INTO tabelle_cv.vaccinati_irccs_centro_medico_tradate VALUES ('IRCCS CENTRO MEDICO TRADATE', 'GIULIANO', 'GRAZIANO', 'GRZGLN08S24C396N', '2021-08-22', 'astrazeneca', 2021082211113935);
INSERT INTO tabelle_cv.vaccinati_irccs_centro_medico_tradate VALUES ('IRCCS CENTRO MEDICO TRADATE', 'VASILE', 'PARACCHINO', 'PRCVSL04H13D015N', '2021-07-12', 'pfizer', 2021071222572378);
INSERT INTO tabelle_cv.vaccinati_irccs_centro_medico_tradate VALUES ('IRCCS CENTRO MEDICO TRADATE', 'STELLA', 'CAVAGLIA', 'CVGSTL01B54D952E', '2021-05-31', 'pfizer', 2021053118552084);
INSERT INTO tabelle_cv.vaccinati_irccs_centro_medico_tradate VALUES ('IRCCS CENTRO MEDICO TRADATE', 'ANNA', 'SCOZZARO', 'SCZNNA03C49A333R', '2021-09-17', 'pfizer', 2021091705145945);
INSERT INTO tabelle_cv.vaccinati_irccs_centro_medico_tradate VALUES ('IRCCS CENTRO MEDICO TRADATE', 'GIROLAMO', 'MASOERO', 'MSRGRL05B24F674S', '2021-06-06', 'astrazeneca', 2021060611211517);
INSERT INTO tabelle_cv.vaccinati_irccs_centro_medico_tradate VALUES ('IRCCS CENTRO MEDICO TRADATE', 'GAIA', 'MONTESANO', 'MNTGAI06D69A531N', '2021-11-08', 'j&j', 2021110800352958);
INSERT INTO tabelle_cv.vaccinati_irccs_centro_medico_tradate VALUES ('IRCCS CENTRO MEDICO TRADATE', 'ANGELICA', 'GENTA', 'GNTNGL09M53D239X', '2021-05-02', 'astrazeneca', 2021050206294487);


--
-- TOC entry 3479 (class 0 OID 88139)
-- Dependencies: 252
-- Data for Name: vaccinati_irccs_ospedale_capitanio; Type: TABLE DATA; Schema: tabelle_cv; Owner: admin_laboratorioB
--

INSERT INTO tabelle_cv.vaccinati_irccs_ospedale_capitanio VALUES ('IRCCS OSPEDALE CAPITANIO', 'NORMA', 'DERVISHI', 'DRVNRM08M52L285L', '2021-07-03', 'pfizer', 2021070322124232);
INSERT INTO tabelle_cv.vaccinati_irccs_ospedale_capitanio VALUES ('IRCCS OSPEDALE CAPITANIO', 'LUCIO', 'FURLANETTO', 'FRLLCU02T02F247T', '2021-01-21', 'pfizer', 2021012105034351);
INSERT INTO tabelle_cv.vaccinati_irccs_ospedale_capitanio VALUES ('IRCCS OSPEDALE CAPITANIO', 'ALBINA', 'CASALONE', 'CSLLBN00B58A096X', '2021-03-15', 'j&j', 2021031518461597);
INSERT INTO tabelle_cv.vaccinati_irccs_ospedale_capitanio VALUES ('IRCCS OSPEDALE CAPITANIO', 'ROSALBA', 'BERSANO', 'BRSRSL02L68E514Y', '2021-06-06', 'pfizer', 2021060609165135);
INSERT INTO tabelle_cv.vaccinati_irccs_ospedale_capitanio VALUES ('IRCCS OSPEDALE CAPITANIO', 'MARIANO', 'BUSSOLINO', 'BSSMRN02H29G867Y', '2021-04-26', 'j&j', 2021042607213256);
INSERT INTO tabelle_cv.vaccinati_irccs_ospedale_capitanio VALUES ('IRCCS OSPEDALE CAPITANIO', 'ROBERTA', 'BRESCIANI', 'BRSRBR08L42H371C', '2021-01-13', 'j&j', 2021011321383779);
INSERT INTO tabelle_cv.vaccinati_irccs_ospedale_capitanio VALUES ('IRCCS OSPEDALE CAPITANIO', 'DELIA', 'CURTO', 'CRTDLE08H49A819J', '2021-08-09', 'j&j', 2021080917433141);
INSERT INTO tabelle_cv.vaccinati_irccs_ospedale_capitanio VALUES ('IRCCS OSPEDALE CAPITANIO', 'ALMA', 'MERLONE', 'MRLLMA03C52E415K', '2021-02-27', 'moderna', 2021022716101066);


--
-- TOC entry 3472 (class 0 OID 88090)
-- Dependencies: 245
-- Data for Name: vaccinati_irccs_policlinico_san_donato; Type: TABLE DATA; Schema: tabelle_cv; Owner: admin_laboratorioB
--

INSERT INTO tabelle_cv.vaccinati_irccs_policlinico_san_donato VALUES ('IRCCS POLICLINICO SAN DONATO', 'LINO', 'BUSSI', 'BSSLNI03E09L115Y', '2021-09-25', 'pfizer', 2021092514463046);
INSERT INTO tabelle_cv.vaccinati_irccs_policlinico_san_donato VALUES ('IRCCS POLICLINICO SAN DONATO', 'GINO', 'KASA', 'KSAGNI00S01G324O', '2021-04-04', 'moderna', 2021040414420543);
INSERT INTO tabelle_cv.vaccinati_irccs_policlinico_san_donato VALUES ('IRCCS POLICLINICO SAN DONATO', 'IRENE', 'RICCI', 'RCCRNI05C41G350Q', '2021-03-17', 'moderna', 2021031705292192);
INSERT INTO tabelle_cv.vaccinati_irccs_policlinico_san_donato VALUES ('IRCCS POLICLINICO SAN DONATO', 'MARIANO', 'PACE', 'PCAMRN03R23D038I', '2021-06-24', 'pfizer', 2021062421544169);
INSERT INTO tabelle_cv.vaccinati_irccs_policlinico_san_donato VALUES ('IRCCS POLICLINICO SAN DONATO', 'EMMA', 'BORELLO', 'BRLMME00S66L225Q', '2021-04-17', 'j&j', 2021041702103515);
INSERT INTO tabelle_cv.vaccinati_irccs_policlinico_san_donato VALUES ('IRCCS POLICLINICO SAN DONATO', 'AMEDEO', 'MARKU', 'MRKMDA01E21H373T', '2021-03-11', 'astrazeneca', 2021031100450443);


--
-- TOC entry 3473 (class 0 OID 88097)
-- Dependencies: 246
-- Data for Name: vaccinati_irccs_san_raffaele; Type: TABLE DATA; Schema: tabelle_cv; Owner: admin_laboratorioB
--

INSERT INTO tabelle_cv.vaccinati_irccs_san_raffaele VALUES ('IRCCS SAN RAFFAELE', 'ELENA', 'CAGGIANO', 'CGGLNE00M68B014N', '2021-11-11', 'pfizer', 2021111104081933);
INSERT INTO tabelle_cv.vaccinati_irccs_san_raffaele VALUES ('IRCCS SAN RAFFAELE', 'TERESIO', 'IVALDI', 'VLDTRS00B05E607T', '2021-03-18', 'moderna', 2021031809331015);
INSERT INTO tabelle_cv.vaccinati_irccs_san_raffaele VALUES ('IRCCS SAN RAFFAELE', 'DILETTA', 'OLIVIERI', 'LVRDLT07P59B123C', '2021-02-09', 'j&j', 2021020912472593);
INSERT INTO tabelle_cv.vaccinati_irccs_san_raffaele VALUES ('IRCCS SAN RAFFAELE', 'VITO', 'LAROCCA', 'LRCVTI09H04G418K', '2020-12-31', 'j&j', 2020123120195344);
INSERT INTO tabelle_cv.vaccinati_irccs_san_raffaele VALUES ('IRCCS SAN RAFFAELE', 'GAETANO', 'SALAMONE', 'SLMGTN09S24F305C', '2021-03-15', 'j&j', 2021031505344790);
INSERT INTO tabelle_cv.vaccinati_irccs_san_raffaele VALUES ('IRCCS SAN RAFFAELE', 'EDDA', 'MORRA', 'MRRDDE00T41I986Y', '2021-03-25', 'astrazeneca', 2021032523223646);
INSERT INTO tabelle_cv.vaccinati_irccs_san_raffaele VALUES ('IRCCS SAN RAFFAELE', 'LAURETTA', 'MAGNONE', 'MGNLRT03P59D949I', '2021-01-11', 'pfizer', 2021011101480110);
INSERT INTO tabelle_cv.vaccinati_irccs_san_raffaele VALUES ('IRCCS SAN RAFFAELE', 'REBECCA', 'FIORA', 'FRIRBC00H46E364B', '2021-04-27', 'j&j', 2021042711263627);
INSERT INTO tabelle_cv.vaccinati_irccs_san_raffaele VALUES ('IRCCS SAN RAFFAELE', 'ANA', 'BASILE', 'BSLNAA06M66E317H', '2021-06-16', 'moderna', 2021061619512634);
INSERT INTO tabelle_cv.vaccinati_irccs_san_raffaele VALUES ('IRCCS SAN RAFFAELE', 'IRIS', 'VACCANEO', 'VCCRSI03D50M394E', '2021-03-31', 'astrazeneca', 2021033123571811);
INSERT INTO tabelle_cv.vaccinati_irccs_san_raffaele VALUES ('IRCCS SAN RAFFAELE', 'IOLANDA', 'BRUNO', 'BRNLND03H70M070R', '2021-05-12', 'astrazeneca', 2021051201241032);


--
-- TOC entry 3482 (class 0 OID 88160)
-- Dependencies: 255
-- Data for Name: vaccinati_istituto_auxologico_italiano_san_luca; Type: TABLE DATA; Schema: tabelle_cv; Owner: admin_laboratorioB
--

INSERT INTO tabelle_cv.vaccinati_istituto_auxologico_italiano_san_luca VALUES ('ISTITUTO AUXOLOGICO ITALIANO SAN LUCA', 'GIOELE', 'STELLA', 'STLGLI06E06H918C', '2021-11-16', 'j&j', 2021111611285036);
INSERT INTO tabelle_cv.vaccinati_istituto_auxologico_italiano_san_luca VALUES ('ISTITUTO AUXOLOGICO ITALIANO SAN LUCA', 'VITA', 'CUNIBERTI', 'CNBVTI03M51A995B', '2021-10-21', 'astrazeneca', 2021102112372734);
INSERT INTO tabelle_cv.vaccinati_istituto_auxologico_italiano_san_luca VALUES ('ISTITUTO AUXOLOGICO ITALIANO SAN LUCA', 'MIRELLA', 'RUSSO', 'RSSMRL06R43A986J', '2021-09-24', 'moderna', 2021092420551194);
INSERT INTO tabelle_cv.vaccinati_istituto_auxologico_italiano_san_luca VALUES ('ISTITUTO AUXOLOGICO ITALIANO SAN LUCA', 'SABINA', 'VEILUVA', 'VLVSBN02L56H537Z', '2021-11-06', 'astrazeneca', 2021110619550066);
INSERT INTO tabelle_cv.vaccinati_istituto_auxologico_italiano_san_luca VALUES ('ISTITUTO AUXOLOGICO ITALIANO SAN LUCA', 'GIULIO', 'MARENGO', 'MRNGLI06A08A058V', '2021-03-31', 'astrazeneca', 2021033104340982);
INSERT INTO tabelle_cv.vaccinati_istituto_auxologico_italiano_san_luca VALUES ('ISTITUTO AUXOLOGICO ITALIANO SAN LUCA', 'LUISA', 'PICCOLO', 'PCCLSU04M57B187U', '2021-06-12', 'astrazeneca', 2021061215070565);
INSERT INTO tabelle_cv.vaccinati_istituto_auxologico_italiano_san_luca VALUES ('ISTITUTO AUXOLOGICO ITALIANO SAN LUCA', 'JACOPO', 'URUCI', 'RCUJCP04P14L276H', '2021-04-22', 'astrazeneca', 2021042201572404);
INSERT INTO tabelle_cv.vaccinati_istituto_auxologico_italiano_san_luca VALUES ('ISTITUTO AUXOLOGICO ITALIANO SAN LUCA', 'LUIGI', 'BERARDI', 'BRRLGU07B26L468L', '2021-01-21', 'astrazeneca', 2021012122571098);
INSERT INTO tabelle_cv.vaccinati_istituto_auxologico_italiano_san_luca VALUES ('ISTITUTO AUXOLOGICO ITALIANO SAN LUCA', 'MARIATERESA', 'DUSHKU', 'DSHMRT09B68F681O', '2021-09-02', 'j&j', 2021090201505172);
INSERT INTO tabelle_cv.vaccinati_istituto_auxologico_italiano_san_luca VALUES ('ISTITUTO AUXOLOGICO ITALIANO SAN LUCA', 'MARISTELLA', 'ZANAGA', 'ZNGMRS04R58B346X', '2021-11-17', 'astrazeneca', 2021111710164230);
INSERT INTO tabelle_cv.vaccinati_istituto_auxologico_italiano_san_luca VALUES ('ISTITUTO AUXOLOGICO ITALIANO SAN LUCA', 'VALERIA', 'ROERO', 'RROVLR06E56M372P', '2021-04-03', 'moderna', 2021040319372998);
INSERT INTO tabelle_cv.vaccinati_istituto_auxologico_italiano_san_luca VALUES ('ISTITUTO AUXOLOGICO ITALIANO SAN LUCA', 'MATTIA', 'SANTORO', 'SNTMTT07A30E089B', '2021-01-16', 'moderna', 2021011600563093);
INSERT INTO tabelle_cv.vaccinati_istituto_auxologico_italiano_san_luca VALUES ('ISTITUTO AUXOLOGICO ITALIANO SAN LUCA', 'GIACOMO', 'INGRAO', 'NGRGCM06M10D594O', '2021-02-08', 'moderna', 2021020802382849);
INSERT INTO tabelle_cv.vaccinati_istituto_auxologico_italiano_san_luca VALUES ('ISTITUTO AUXOLOGICO ITALIANO SAN LUCA', 'OLIVIA', 'PRECI', 'PRCLVO03R49B228U', '2021-05-19', 'pfizer', 2021051903540835);


--
-- TOC entry 3481 (class 0 OID 88153)
-- Dependencies: 254
-- Data for Name: vaccinati_istituto_auxologico_italiano_san_michele; Type: TABLE DATA; Schema: tabelle_cv; Owner: admin_laboratorioB
--

INSERT INTO tabelle_cv.vaccinati_istituto_auxologico_italiano_san_michele VALUES ('ISTITUTO AUXOLOGICO ITALIANO SAN MICHELE', 'NATALINA', 'VISCONTI', 'VSCNTL07P65L535L', '2021-05-19', 'pfizer', 2021051905213042);
INSERT INTO tabelle_cv.vaccinati_istituto_auxologico_italiano_san_michele VALUES ('ISTITUTO AUXOLOGICO ITALIANO SAN MICHELE', 'MIMOZA', 'CAVALLERO', 'CVLMMZ04L53I994X', '2021-10-29', 'j&j', 2021102909421521);
INSERT INTO tabelle_cv.vaccinati_istituto_auxologico_italiano_san_michele VALUES ('ISTITUTO AUXOLOGICO ITALIANO SAN MICHELE', 'VIOLA', 'LUKAJ', 'LKJVLI02T63L071N', '2021-08-30', 'j&j', 2021083012182884);
INSERT INTO tabelle_cv.vaccinati_istituto_auxologico_italiano_san_michele VALUES ('ISTITUTO AUXOLOGICO ITALIANO SAN MICHELE', 'ASSUNTA', 'VIARENGO', 'VRNSSN02E57G001B', '2021-09-21', 'j&j', 2021092119213545);
INSERT INTO tabelle_cv.vaccinati_istituto_auxologico_italiano_san_michele VALUES ('ISTITUTO AUXOLOGICO ITALIANO SAN MICHELE', 'KATIUSCIA', 'CERRATO', 'CRRKTS06R48A816P', '2021-04-02', 'moderna', 2021040201133333);
INSERT INTO tabelle_cv.vaccinati_istituto_auxologico_italiano_san_michele VALUES ('ISTITUTO AUXOLOGICO ITALIANO SAN MICHELE', 'VINCENZA', 'PISCOPO', 'PSCVNC08H52A791B', '2021-06-26', 'astrazeneca', 2021062616022293);
INSERT INTO tabelle_cv.vaccinati_istituto_auxologico_italiano_san_michele VALUES ('ISTITUTO AUXOLOGICO ITALIANO SAN MICHELE', 'JENNIFER', 'BALBO', 'BLBJNN02H50B166X', '2021-07-28', 'astrazeneca', 2021072816085151);
INSERT INTO tabelle_cv.vaccinati_istituto_auxologico_italiano_san_michele VALUES ('ISTITUTO AUXOLOGICO ITALIANO SAN MICHELE', 'ENZA', 'GIACCONE', 'GCCNZE00R61F884O', '2021-05-03', 'moderna', 2021050308520597);
INSERT INTO tabelle_cv.vaccinati_istituto_auxologico_italiano_san_michele VALUES ('ISTITUTO AUXOLOGICO ITALIANO SAN MICHELE', 'EMANUEL', 'BIANCO', 'BNCMNL05L05D327J', '2021-05-05', 'j&j', 2021050520343686);
INSERT INTO tabelle_cv.vaccinati_istituto_auxologico_italiano_san_michele VALUES ('ISTITUTO AUXOLOGICO ITALIANO SAN MICHELE', 'VINCENZA', 'POLLINA', 'PLLVNC09D52B900H', '2021-01-05', 'moderna', 2021010521320966);
INSERT INTO tabelle_cv.vaccinati_istituto_auxologico_italiano_san_michele VALUES ('ISTITUTO AUXOLOGICO ITALIANO SAN MICHELE', 'TERESINA', 'LAZZARO', 'LZZTRS03S43H521Q', '2021-10-07', 'moderna', 2021100720312134);
INSERT INTO tabelle_cv.vaccinati_istituto_auxologico_italiano_san_michele VALUES ('ISTITUTO AUXOLOGICO ITALIANO SAN MICHELE', 'COSIMA', 'REKA', 'RKECSM06D70E856O', '2021-07-02', 'moderna', 2021070212544021);
INSERT INTO tabelle_cv.vaccinati_istituto_auxologico_italiano_san_michele VALUES ('ISTITUTO AUXOLOGICO ITALIANO SAN MICHELE', 'STEFANO', 'FERRANTE', 'FRRSTF08H27G710P', '2021-07-28', 'j&j', 2021072819253137);


--
-- TOC entry 3483 (class 0 OID 88167)
-- Dependencies: 256
-- Data for Name: vaccinati_istituto_clinico_citta_di_brescia; Type: TABLE DATA; Schema: tabelle_cv; Owner: admin_laboratorioB
--

INSERT INTO tabelle_cv.vaccinati_istituto_clinico_citta_di_brescia VALUES ('ISTITUTO CLINICO CITTA DI BRESCIA', 'SAVERIO', 'SEGA', 'SGESVR04P09C033K', '2021-08-23', 'astrazeneca', 2021082319342047);
INSERT INTO tabelle_cv.vaccinati_istituto_clinico_citta_di_brescia VALUES ('ISTITUTO CLINICO CITTA DI BRESCIA', 'PIERINA', 'HAFDI', 'HFDPRN07C68G907R', '2021-04-09', 'j&j', 2021040912212315);
INSERT INTO tabelle_cv.vaccinati_istituto_clinico_citta_di_brescia VALUES ('ISTITUTO CLINICO CITTA DI BRESCIA', 'DANIELA', 'FALLETTA', 'FLLDNL03L46G026J', '2021-11-18', 'j&j', 2021111821020280);
INSERT INTO tabelle_cv.vaccinati_istituto_clinico_citta_di_brescia VALUES ('ISTITUTO CLINICO CITTA DI BRESCIA', 'MADDALENA', 'BORIO', 'BROMDD07D69H026N', '2021-03-16', 'moderna', 2021031605502952);
INSERT INTO tabelle_cv.vaccinati_istituto_clinico_citta_di_brescia VALUES ('ISTITUTO CLINICO CITTA DI BRESCIA', 'MASSIMO', 'MARTINENGO', 'MRTMSS07C31L330Z', '2021-11-04', 'astrazeneca', 2021110413210970);
INSERT INTO tabelle_cv.vaccinati_istituto_clinico_citta_di_brescia VALUES ('ISTITUTO CLINICO CITTA DI BRESCIA', 'PRANVERA', 'SCAGLIA', 'SCGPRN02H43L826N', '2021-04-05', 'moderna', 2021040510251934);
INSERT INTO tabelle_cv.vaccinati_istituto_clinico_citta_di_brescia VALUES ('ISTITUTO CLINICO CITTA DI BRESCIA', 'TERESA', 'TINEBRA', 'TNBTRS05C44A153E', '2021-06-16', 'astrazeneca', 2021061609013758);
INSERT INTO tabelle_cv.vaccinati_istituto_clinico_citta_di_brescia VALUES ('ISTITUTO CLINICO CITTA DI BRESCIA', 'LUCIANO', 'GIOVANE', 'GVNLCN05D22G407H', '2021-01-25', 'astrazeneca', 2021012511501218);


--
-- TOC entry 3480 (class 0 OID 88146)
-- Dependencies: 253
-- Data for Name: vaccinati_istituto_clinico_humanitas; Type: TABLE DATA; Schema: tabelle_cv; Owner: admin_laboratorioB
--

INSERT INTO tabelle_cv.vaccinati_istituto_clinico_humanitas VALUES ('ISTITUTO CLINICO HUMANITAS', 'MARTA', 'BULLARI', 'BLLMRT09B48B447O', '2021-10-21', 'moderna', 2021102100300228);
INSERT INTO tabelle_cv.vaccinati_istituto_clinico_humanitas VALUES ('ISTITUTO CLINICO HUMANITAS', 'ROSALBA', 'ASCHIERO', 'SCHRSL09P61C839F', '2021-04-28', 'moderna', 2021042810431211);
INSERT INTO tabelle_cv.vaccinati_istituto_clinico_humanitas VALUES ('ISTITUTO CLINICO HUMANITAS', 'JACOPO', 'PASSARINO', 'PSSJCP04S29C730V', '2021-01-07', 'astrazeneca', 2021010720554382);
INSERT INTO tabelle_cv.vaccinati_istituto_clinico_humanitas VALUES ('ISTITUTO CLINICO HUMANITAS', 'NAIMA', 'DELPERO', 'DLPNMA07A60E600K', '2021-09-23', 'pfizer', 2021092314474691);
INSERT INTO tabelle_cv.vaccinati_istituto_clinico_humanitas VALUES ('ISTITUTO CLINICO HUMANITAS', 'MICHAEL', 'LANGELLA', 'LNGMCH00H18G574Z', '2021-11-06', 'pfizer', 2021110615094151);
INSERT INTO tabelle_cv.vaccinati_istituto_clinico_humanitas VALUES ('ISTITUTO CLINICO HUMANITAS', 'ANTONINO', 'MARTINENGO', 'MRTNTN02R08L544A', '2021-01-29', 'astrazeneca', 2021012920075027);
INSERT INTO tabelle_cv.vaccinati_istituto_clinico_humanitas VALUES ('ISTITUTO CLINICO HUMANITAS', 'EMILY', 'CHEN', 'CHNMLY01P50L285Q', '2021-08-15', 'moderna', 2021081505092145);
INSERT INTO tabelle_cv.vaccinati_istituto_clinico_humanitas VALUES ('ISTITUTO CLINICO HUMANITAS', 'VIOLA', 'SPERETTA', 'SPRVLI04C65M101F', '2021-07-31', 'pfizer', 2021073108113553);
INSERT INTO tabelle_cv.vaccinati_istituto_clinico_humanitas VALUES ('ISTITUTO CLINICO HUMANITAS', 'ROSALIA', 'MORINO', 'MRNRSL07R55A159Z', '2021-01-08', 'astrazeneca', 2021010816531542);
INSERT INTO tabelle_cv.vaccinati_istituto_clinico_humanitas VALUES ('ISTITUTO CLINICO HUMANITAS', 'SEBASTIANO', 'TERMINI', 'TRMSBS00B19G475N', '2021-02-24', 'j&j', 2021022406051078);
INSERT INTO tabelle_cv.vaccinati_istituto_clinico_humanitas VALUES ('ISTITUTO CLINICO HUMANITAS', 'ERNESTINA', 'MASSASSO', 'MSSRNS03D70A870T', '2021-11-08', 'j&j', 2021110815075321);
INSERT INTO tabelle_cv.vaccinati_istituto_clinico_humanitas VALUES ('ISTITUTO CLINICO HUMANITAS', 'GIOVANNI', 'CAVALLARO', 'CVLGVN09E29G185Y', '2021-03-17', 'j&j', 2021031723114437);
INSERT INTO tabelle_cv.vaccinati_istituto_clinico_humanitas VALUES ('ISTITUTO CLINICO HUMANITAS', 'DANIEL', 'GRECO', 'GRCDNL07M05B824L', '2021-07-10', 'j&j', 2021071003472843);


--
-- TOC entry 3484 (class 0 OID 88174)
-- Dependencies: 257
-- Data for Name: vaccinati_istituto_clinico_sant_ambrogio_spa; Type: TABLE DATA; Schema: tabelle_cv; Owner: admin_laboratorioB
--

INSERT INTO tabelle_cv.vaccinati_istituto_clinico_sant_ambrogio_spa VALUES ('ISTITUTO CLINICO SANT AMBROGIO SPA', 'ALESSIA', 'PELLITTERI', 'PLLLSS08H65L563L', '2021-06-08', 'astrazeneca', 2021060809480967);
INSERT INTO tabelle_cv.vaccinati_istituto_clinico_sant_ambrogio_spa VALUES ('ISTITUTO CLINICO SANT AMBROGIO SPA', 'GIANNA', 'CARIA', 'CRAGNN01P48M102D', '2021-04-20', 'j&j', 2021042013503355);
INSERT INTO tabelle_cv.vaccinati_istituto_clinico_sant_ambrogio_spa VALUES ('ISTITUTO CLINICO SANT AMBROGIO SPA', 'PIERPAOLO', 'BARBERIS', 'BRBPRP06P22A167R', '2021-09-12', 'moderna', 2021091218251573);
INSERT INTO tabelle_cv.vaccinati_istituto_clinico_sant_ambrogio_spa VALUES ('ISTITUTO CLINICO SANT AMBROGIO SPA', 'OMAR', 'QUIRICO', 'QRCMRO07S19I599Z', '2021-04-05', 'j&j', 2021040510430167);
INSERT INTO tabelle_cv.vaccinati_istituto_clinico_sant_ambrogio_spa VALUES ('ISTITUTO CLINICO SANT AMBROGIO SPA', 'GAETANO', 'LAMATTINA', 'LMTGTN08B10A815D', '2021-09-23', 'astrazeneca', 2021092309551362);
INSERT INTO tabelle_cv.vaccinati_istituto_clinico_sant_ambrogio_spa VALUES ('ISTITUTO CLINICO SANT AMBROGIO SPA', 'FILOMENA', 'VACCANEO', 'VCCFLM00R53I437S', '2021-05-23', 'astrazeneca', 2021052319360147);
INSERT INTO tabelle_cv.vaccinati_istituto_clinico_sant_ambrogio_spa VALUES ('ISTITUTO CLINICO SANT AMBROGIO SPA', 'SABRINA', 'SARDO', 'SRDSBR00A44I801J', '2021-05-28', 'j&j', 2021052819395429);